card_key_a,card_key_b,mean_abs_diff,similarity_score,difficulty_tier
major_00_fool,major_01_magician,2.0,3,Easy
major_00_fool,major_02_high_priestess,2.5,3,Easy
major_00_fool,major_03_empress,2.167,3,Easy
major_00_fool,major_04_emperor,2.167,3,Easy
major_00_fool,major_05_hierophant,2.833,3,Easy
major_00_fool,major_06_lovers,2.667,3,Easy
major_00_fool,major_07_chariot,2.0,3,Easy
major_00_fool,major_08_strength,2.167,3,Easy
major_00_fool,major_09_hermit,3.167,3,Easy
major_00_fool,major_10_wheel_of_fortune,1.333,1,Hard
major_00_fool,major_11_justice,2.5,3,Easy
major_00_fool,major_12_hanged_man,2.333,3,Easy
major_00_fool,major_13_death,1.333,1,Hard
major_00_fool,major_14_temperance,2.167,3,Easy
major_00_fool,major_15_devil,2.833,3,Easy
major_00_fool,major_16_tower,1.0,1,Hard
major_00_fool,major_17_star,1.833,2,Medium
major_00_fool,major_18_moon,2.333,3,Easy
major_00_fool,major_19_sun,2.667,3,Easy
major_00_fool,major_20_judgment,1.333,1,Hard
major_00_fool,major_21_world,2.5,3,Easy
major_00_fool,minor_wands_ace,0.833,1,Hard
major_00_fool,minor_wands_02,1.667,2,Medium
major_00_fool,minor_wands_03,1.5,2,Medium
major_00_fool,minor_wands_04,2.167,3,Easy
major_00_fool,minor_wands_05,2.167,3,Easy
major_00_fool,minor_wands_06,2.333,3,Easy
major_00_fool,minor_wands_07,1.5,2,Medium
major_00_fool,minor_wands_08,1.333,1,Hard
major_00_fool,minor_wands_09,2.333,3,Easy
major_00_fool,minor_wands_10,2.167,3,Easy
major_00_fool,minor_wands_page,0.833,1,Hard
major_00_fool,minor_wands_knight,1.0,1,Hard
major_00_fool,minor_wands_queen,2.167,3,Easy
major_00_fool,minor_wands_king,2.667,3,Easy
major_00_fool,minor_cups_ace,2.0,3,Easy
major_00_fool,minor_cups_02,2.0,3,Easy
major_00_fool,minor_cups_03,2.333,3,Easy
major_00_fool,minor_cups_04,2.833,3,Easy
major_00_fool,minor_cups_05,2.333,3,Easy
major_00_fool,minor_cups_06,2.333,3,Easy
major_00_fool,minor_cups_07,2.167,3,Easy
major_00_fool,minor_cups_08,1.5,2,Medium
major_00_fool,minor_cups_09,2.333,3,Easy
major_00_fool,minor_cups_10,2.833,3,Easy
major_00_fool,minor_cups_page,2.0,3,Easy
major_00_fool,minor_cups_knight,1.333,1,Hard
major_00_fool,minor_cups_queen,2.5,3,Easy
major_00_fool,minor_cups_king,2.833,3,Easy
major_00_fool,minor_swords_ace,2.0,3,Easy
major_00_fool,minor_swords_02,2.833,3,Easy
major_00_fool,minor_swords_03,2.167,3,Easy
major_00_fool,minor_swords_04,2.5,3,Easy
major_00_fool,minor_swords_05,1.833,2,Medium
major_00_fool,minor_swords_06,1.833,2,Medium
major_00_fool,minor_swords_07,1.833,2,Medium
major_00_fool,minor_swords_08,2.667,3,Easy
major_00_fool,minor_swords_09,2.667,3,Easy
major_00_fool,minor_swords_10,2.0,3,Easy
major_00_fool,minor_swords_page,1.667,2,Medium
major_00_fool,minor_swords_knight,1.5,2,Medium
major_00_fool,minor_swords_queen,2.333,3,Easy
major_00_fool,minor_swords_king,2.167,3,Easy
major_00_fool,minor_pentacles_ace,1.5,2,Medium
major_00_fool,minor_pentacles_02,1.833,2,Medium
major_00_fool,minor_pentacles_03,2.167,3,Easy
major_00_fool,minor_pentacles_04,2.667,3,Easy
major_00_fool,minor_pentacles_05,1.667,2,Medium
major_00_fool,minor_pentacles_06,2.167,3,Easy
major_00_fool,minor_pentacles_07,2.5,3,Easy
major_00_fool,minor_pentacles_08,2.167,3,Easy
major_00_fool,minor_pentacles_09,2.333,3,Easy
major_00_fool,minor_pentacles_10,2.333,3,Easy
major_00_fool,minor_pentacles_page,2.0,3,Easy
major_00_fool,minor_pentacles_knight,2.667,3,Easy
major_00_fool,minor_pentacles_queen,2.167,3,Easy
major_00_fool,minor_pentacles_king,2.167,3,Easy
major_01_magician,major_00_fool,2.0,3,Easy
major_01_magician,major_02_high_priestess,3.167,3,Easy
major_01_magician,major_03_empress,1.833,2,Medium
major_01_magician,major_04_emperor,0.5,1,Hard
major_01_magician,major_05_hierophant,2.167,3,Easy
major_01_magician,major_06_lovers,2.0,3,Easy
major_01_magician,major_07_chariot,1.333,1,Hard
major_01_magician,major_08_strength,1.5,2,Medium
major_01_magician,major_09_hermit,2.833,3,Easy
major_01_magician,major_10_wheel_of_fortune,2.333,3,Easy
major_01_magician,major_11_justice,1.167,1,Hard
major_01_magician,major_12_hanged_man,3.667,3,Easy
major_01_magician,major_13_death,3.0,3,Easy
major_01_magician,major_14_temperance,1.833,2,Medium
major_01_magician,major_15_devil,2.5,3,Easy
major_01_magician,major_16_tower,3.0,3,Easy
major_01_magician,major_17_star,1.5,2,Medium
major_01_magician,major_18_moon,3.667,3,Easy
major_01_magician,major_19_sun,1.333,1,Hard
major_01_magician,major_20_judgment,2.0,3,Easy
major_01_magician,major_21_world,1.833,2,Medium
major_01_magician,minor_wands_ace,1.833,2,Medium
major_01_magician,minor_wands_02,1.0,1,Hard
major_01_magician,minor_wands_03,0.833,1,Hard
major_01_magician,minor_wands_04,1.167,1,Hard
major_01_magician,minor_wands_05,1.833,2,Medium
major_01_magician,minor_wands_06,0.667,1,Hard
major_01_magician,minor_wands_07,1.5,2,Medium
major_01_magician,minor_wands_08,1.333,1,Hard
major_01_magician,minor_wands_09,2.333,3,Easy
major_01_magician,minor_wands_10,1.833,2,Medium
major_01_magician,minor_wands_page,1.5,2,Medium
major_01_magician,minor_wands_knight,2.0,3,Easy
major_01_magician,minor_wands_queen,0.833,1,Hard
major_01_magician,minor_wands_king,1.0,1,Hard
major_01_magician,minor_cups_ace,1.667,2,Medium
major_01_magician,minor_cups_02,1.333,1,Hard
major_01_magician,minor_cups_03,1.333,1,Hard
major_01_magician,minor_cups_04,2.833,3,Easy
major_01_magician,minor_cups_05,3.0,3,Easy
major_01_magician,minor_cups_06,2.0,3,Easy
major_01_magician,minor_cups_07,2.5,3,Easy
major_01_magician,minor_cups_08,2.5,3,Easy
major_01_magician,minor_cups_09,1.667,2,Medium
major_01_magician,minor_cups_10,1.833,2,Medium
major_01_magician,minor_cups_page,1.667,2,Medium
major_01_magician,minor_cups_knight,2.0,3,Easy
major_01_magician,minor_cups_queen,2.167,3,Easy
major_01_magician,minor_cups_king,1.833,2,Medium
major_01_magician,minor_swords_ace,1.0,1,Hard
major_01_magician,minor_swords_02,2.5,3,Easy
major_01_magician,minor_swords_03,2.833,3,Easy
major_01_magician,minor_swords_04,2.5,3,Easy
major_01_magician,minor_swords_05,2.167,3,Easy
major_01_magician,minor_swords_06,1.5,2,Medium
major_01_magician,minor_swords_07,1.833,2,Medium
major_01_magician,minor_swords_08,3.667,3,Easy
major_01_magician,minor_swords_09,3.667,3,Easy
major_01_magician,minor_swords_10,3.333,3,Easy
major_01_magician,minor_swords_page,1.0,1,Hard
major_01_magician,minor_swords_knight,1.167,1,Hard
major_01_magician,minor_swords_queen,1.667,2,Medium
major_01_magician,minor_swords_king,1.167,1,Hard
major_01_magician,minor_pentacles_ace,1.167,1,Hard
major_01_magician,minor_pentacles_02,1.5,2,Medium
major_01_magician,minor_pentacles_03,0.833,1,Hard
major_01_magician,minor_pentacles_04,1.667,2,Medium
major_01_magician,minor_pentacles_05,3.0,3,Easy
major_01_magician,minor_pentacles_06,1.5,2,Medium
major_01_magician,minor_pentacles_07,2.167,3,Easy
major_01_magician,minor_pentacles_08,1.5,2,Medium
major_01_magician,minor_pentacles_09,2.0,3,Easy
major_01_magician,minor_pentacles_10,1.333,1,Hard
major_01_magician,minor_pentacles_page,1.667,2,Medium
major_01_magician,minor_pentacles_knight,1.667,2,Medium
major_01_magician,minor_pentacles_queen,1.5,2,Medium
major_01_magician,minor_pentacles_king,1.167,1,Hard
major_02_high_priestess,major_00_fool,2.5,3,Easy
major_02_high_priestess,major_01_magician,3.167,3,Easy
major_02_high_priestess,major_03_empress,2.667,3,Easy
major_02_high_priestess,major_04_emperor,3.333,3,Easy
major_02_high_priestess,major_05_hierophant,2.333,3,Easy
major_02_high_priestess,major_06_lovers,3.167,3,Easy
major_02_high_priestess,major_07_chariot,3.5,3,Easy
major_02_high_priestess,major_08_strength,2.333,3,Easy
major_02_high_priestess,major_09_hermit,1.0,1,Hard
major_02_high_priestess,major_10_wheel_of_fortune,2.167,3,Easy
major_02_high_priestess,major_11_justice,2.667,3,Easy
major_02_high_priestess,major_12_hanged_man,1.167,1,Hard
major_02_high_priestess,major_13_death,2.167,3,Easy
major_02_high_priestess,major_14_temperance,1.333,1,Hard
major_02_high_priestess,major_15_devil,2.0,3,Easy
major_02_high_priestess,major_16_tower,3.5,3,Easy
major_02_high_priestess,major_17_star,1.667,2,Medium
major_02_high_priestess,major_18_moon,1.167,1,Hard
major_02_high_priestess,major_19_sun,3.167,3,Easy
major_02_high_priestess,major_20_judgment,2.167,3,Easy
major_02_high_priestess,major_21_world,2.333,3,Easy
major_02_high_priestess,minor_wands_ace,2.667,3,Easy
major_02_high_priestess,minor_wands_02,2.833,3,Easy
major_02_high_priestess,minor_wands_03,2.667,3,Easy
major_02_high_priestess,minor_wands_04,2.667,3,Easy
major_02_high_priestess,minor_wands_05,3.0,3,Easy
major_02_high_priestess,minor_wands_06,2.833,3,Easy
major_02_high_priestess,minor_wands_07,3.0,3,Easy
major_02_high_priestess,minor_wands_08,2.167,3,Easy
major_02_high_priestess,minor_wands_09,1.833,2,Medium
major_02_high_priestess,minor_wands_10,3.0,3,Easy
major_02_high_priestess,minor_wands_page,2.333,3,Easy
major_02_high_priestess,minor_wands_knight,2.833,3,Easy
major_02_high_priestess,minor_wands_queen,2.667,3,Easy
major_02_high_priestess,minor_wands_king,3.167,3,Easy
major_02_high_priestess,minor_cups_ace,1.833,2,Medium
major_02_high_priestess,minor_cups_02,2.5,3,Easy
major_02_high_priestess,minor_cups_03,2.5,3,Easy
major_02_high_priestess,minor_cups_04,1.333,1,Hard
major_02_high_priestess,minor_cups_05,2.167,3,Easy
major_02_high_priestess,minor_cups_06,1.5,2,Medium
major_02_high_priestess,minor_cups_07,1.667,2,Medium
major_02_high_priestess,minor_cups_08,2.333,3,Easy
major_02_high_priestess,minor_cups_09,1.833,2,Medium
major_02_high_priestess,minor_cups_10,2.333,3,Easy
major_02_high_priestess,minor_cups_page,2.167,3,Easy
major_02_high_priestess,minor_cups_knight,2.833,3,Easy
major_02_high_priestess,minor_cups_queen,2.0,3,Easy
major_02_high_priestess,minor_cups_king,2.0,3,Easy
major_02_high_priestess,minor_swords_ace,2.5,3,Easy
major_02_high_priestess,minor_swords_02,1.333,1,Hard
major_02_high_priestess,minor_swords_03,2.333,3,Easy
major_02_high_priestess,minor_swords_04,1.0,1,Hard
major_02_high_priestess,minor_swords_05,3.333,3,Easy
major_02_high_priestess,minor_swords_06,2.333,3,Easy
major_02_high_priestess,minor_swords_07,2.333,3,Easy
major_02_high_priestess,minor_swords_08,1.167,1,Hard
major_02_high_priestess,minor_swords_09,1.5,2,Medium
major_02_high_priestess,minor_swords_10,1.833,2,Medium
major_02_high_priestess,minor_swords_page,2.5,3,Easy
major_02_high_priestess,minor_swords_knight,3.0,3,Easy
major_02_high_priestess,minor_swords_queen,2.167,3,Easy
major_02_high_priestess,minor_swords_king,2.667,3,Easy
major_02_high_priestess,minor_pentacles_ace,2.333,3,Easy
major_02_high_priestess,minor_pentacles_02,3.0,3,Easy
major_02_high_priestess,minor_pentacles_03,3.0,3,Easy
major_02_high_priestess,minor_pentacles_04,2.5,3,Easy
major_02_high_priestess,minor_pentacles_05,2.833,3,Easy
major_02_high_priestess,minor_pentacles_06,2.667,3,Easy
major_02_high_priestess,minor_pentacles_07,1.667,2,Medium
major_02_high_priestess,minor_pentacles_08,2.0,3,Easy
major_02_high_priestess,minor_pentacles_09,1.5,2,Medium
major_02_high_priestess,minor_pentacles_10,2.5,3,Easy
major_02_high_priestess,minor_pentacles_page,2.167,3,Easy
major_02_high_priestess,minor_pentacles_knight,2.5,3,Easy
major_02_high_priestess,minor_pentacles_queen,2.333,3,Easy
major_02_high_priestess,minor_pentacles_king,2.333,3,Easy
major_03_empress,major_00_fool,2.167,3,Easy
major_03_empress,major_01_magician,1.833,2,Medium
major_03_empress,major_02_high_priestess,2.667,3,Easy
major_03_empress,major_04_emperor,2.333,3,Easy
major_03_empress,major_05_hierophant,1.667,2,Medium
major_03_empress,major_06_lovers,1.833,2,Medium
major_03_empress,major_07_chariot,2.833,3,Easy
major_03_empress,major_08_strength,1.333,1,Hard
major_03_empress,major_09_hermit,3.0,3,Easy
major_03_empress,major_10_wheel_of_fortune,2.167,3,Easy
major_03_empress,major_11_justice,1.667,2,Medium
major_03_empress,major_12_hanged_man,3.5,3,Easy
major_03_empress,major_13_death,2.833,3,Easy
major_03_empress,major_14_temperance,1.667,2,Medium
major_03_empress,major_15_devil,2.0,3,Easy
major_03_empress,major_16_tower,3.167,3,Easy
major_03_empress,major_17_star,1.0,1,Hard
major_03_empress,major_18_moon,3.5,3,Easy
major_03_empress,major_19_sun,0.833,1,Hard
major_03_empress,major_20_judgment,1.833,2,Medium
major_03_empress,major_21_world,1.333,1,Hard
major_03_empress,minor_wands_ace,2.0,3,Easy
major_03_empress,minor_wands_02,1.833,2,Medium
major_03_empress,minor_wands_03,1.667,2,Medium
major_03_empress,minor_wands_04,0.667,1,Hard
major_03_empress,minor_wands_05,2.0,3,Easy
major_03_empress,minor_wands_06,1.167,1,Hard
major_03_empress,minor_wands_07,2.333,3,Easy
major_03_empress,minor_wands_08,1.5,2,Medium
major_03_empress,minor_wands_09,2.5,3,Easy
major_03_empress,minor_wands_10,2.333,3,Easy
major_03_empress,minor_wands_page,1.667,2,Medium
major_03_empress,minor_wands_knight,2.167,3,Easy
major_03_empress,minor_wands_queen,1.333,1,Hard
major_03_empress,minor_wands_king,1.167,1,Hard
major_03_empress,minor_cups_ace,0.833,1,Hard
major_03_empress,minor_cups_02,0.833,1,Hard
major_03_empress,minor_cups_03,0.833,1,Hard
major_03_empress,minor_cups_04,3.0,3,Easy
major_03_empress,minor_cups_05,2.833,3,Easy
major_03_empress,minor_cups_06,1.833,2,Medium
major_03_empress,minor_cups_07,2.333,3,Easy
major_03_empress,minor_cups_08,2.333,3,Easy
major_03_empress,minor_cups_09,1.5,2,Medium
major_03_empress,minor_cups_10,1.0,1,Hard
major_03_empress,minor_cups_page,1.167,1,Hard
major_03_empress,minor_cups_knight,1.5,2,Medium
major_03_empress,minor_cups_queen,1.333,1,Hard
major_03_empress,minor_cups_king,1.667,2,Medium
major_03_empress,minor_swords_ace,1.833,2,Medium
major_03_empress,minor_swords_02,3.0,3,Easy
major_03_empress,minor_swords_03,2.667,3,Easy
major_03_empress,minor_swords_04,2.333,3,Easy
major_03_empress,minor_swords_05,2.667,3,Easy
major_03_empress,minor_swords_06,1.667,2,Medium
major_03_empress,minor_swords_07,2.333,3,Easy
major_03_empress,minor_swords_08,3.5,3,Easy
major_03_empress,minor_swords_09,3.5,3,Easy
major_03_empress,minor_swords_10,3.167,3,Easy
major_03_empress,minor_swords_page,1.833,2,Medium
major_03_empress,minor_swords_knight,2.0,3,Easy
major_03_empress,minor_swords_queen,1.833,2,Medium
major_03_empress,minor_swords_king,1.667,2,Medium
major_03_empress,minor_pentacles_ace,1.333,1,Hard
major_03_empress,minor_pentacles_02,2.0,3,Easy
major_03_empress,minor_pentacles_03,1.333,1,Hard
major_03_empress,minor_pentacles_04,2.167,3,Easy
major_03_empress,minor_pentacles_05,2.833,3,Easy
major_03_empress,minor_pentacles_06,1.333,1,Hard
major_03_empress,minor_pentacles_07,2.0,3,Easy
major_03_empress,minor_pentacles_08,2.0,3,Easy
major_03_empress,minor_pentacles_09,1.833,2,Medium
major_03_empress,minor_pentacles_10,1.167,1,Hard
major_03_empress,minor_pentacles_page,1.833,2,Medium
major_03_empress,minor_pentacles_knight,2.167,3,Easy
major_03_empress,minor_pentacles_queen,1.0,1,Hard
major_03_empress,minor_pentacles_king,1.0,1,Hard
major_04_emperor,major_00_fool,2.167,3,Easy
major_04_emperor,major_01_magician,0.5,1,Hard
major_04_emperor,major_02_high_priestess,3.333,3,Easy
major_04_emperor,major_03_empress,2.333,3,Easy
major_04_emperor,major_05_hierophant,2.0,3,Easy
major_04_emperor,major_06_lovers,1.833,2,Medium
major_04_emperor,major_07_chariot,0.833,1,Hard
major_04_emperor,major_08_strength,1.333,1,Hard
major_04_emperor,major_09_hermit,2.667,3,Easy
major_04_emperor,major_10_wheel_of_fortune,1.833,2,Medium
major_04_emperor,major_11_justice,1.0,1,Hard
major_04_emperor,major_12_hanged_man,3.167,3,Easy
major_04_emperor,major_13_death,2.5,3,Easy
major_04_emperor,major_14_temperance,2.0,3,Easy
major_04_emperor,major_15_devil,2.333,3,Easy
major_04_emperor,major_16_tower,2.5,3,Easy
major_04_emperor,major_17_star,2.0,3,Easy
major_04_emperor,major_18_moon,3.167,3,Easy
major_04_emperor,major_19_sun,1.833,2,Medium
major_04_emperor,major_20_judgment,1.5,2,Medium
major_04_emperor,major_21_world,2.0,3,Easy
major_04_emperor,minor_wands_ace,1.667,2,Medium
major_04_emperor,minor_wands_02,0.5,1,Hard
major_04_emperor,minor_wands_03,0.667,1,Hard
major_04_emperor,minor_wands_04,1.667,2,Medium
major_04_emperor,minor_wands_05,1.667,2,Medium
major_04_emperor,minor_wands_06,1.167,1,Hard
major_04_emperor,minor_wands_07,1.0,1,Hard
major_04_emperor,minor_wands_08,1.167,1,Hard
major_04_emperor,minor_wands_09,1.833,2,Medium
major_04_emperor,minor_wands_10,1.333,1,Hard
major_04_emperor,minor_wands_page,1.333,1,Hard
major_04_emperor,minor_wands_knight,1.5,2,Medium
major_04_emperor,minor_wands_queen,1.0,1,Hard
major_04_emperor,minor_wands_king,1.167,1,Hard
major_04_emperor,minor_cups_ace,2.167,3,Easy
major_04_emperor,minor_cups_02,1.833,2,Medium
major_04_emperor,minor_cups_03,1.833,2,Medium
major_04_emperor,minor_cups_04,2.333,3,Easy
major_04_emperor,minor_cups_05,2.5,3,Easy
major_04_emperor,minor_cups_06,1.833,2,Medium
major_04_emperor,minor_cups_07,2.0,3,Easy
major_04_emperor,minor_cups_08,2.0,3,Easy
major_04_emperor,minor_cups_09,1.833,2,Medium
major_04_emperor,minor_cups_10,2.333,3,Easy
major_04_emperor,minor_cups_page,1.833,2,Medium
major_04_emperor,minor_cups_knight,1.833,2,Medium
major_04_emperor,minor_cups_queen,2.333,3,Easy
major_04_emperor,minor_cups_king,2.0,3,Easy
major_04_emperor,minor_swords_ace,0.833,1,Hard
major_04_emperor,minor_swords_02,2.0,3,Easy
major_04_emperor,minor_swords_03,2.333,3,Easy
major_04_emperor,minor_swords_04,2.333,3,Easy
major_04_emperor,minor_swords_05,1.667,2,Medium
major_04_emperor,minor_swords_06,1.0,1,Hard
major_04_emperor,minor_swords_07,1.333,1,Hard
major_04_emperor,minor_swords_08,3.167,3,Easy
major_04_emperor,minor_swords_09,3.167,3,Easy
major_04_emperor,minor_swords_10,2.833,3,Easy
major_04_emperor,minor_swords_page,0.833,1,Hard
major_04_emperor,minor_swords_knight,0.667,1,Hard
major_04_emperor,minor_swords_queen,1.167,1,Hard
major_04_emperor,minor_swords_king,0.667,1,Hard
major_04_emperor,minor_pentacles_ace,1.0,1,Hard
major_04_emperor,minor_pentacles_02,1.0,1,Hard
major_04_emperor,minor_pentacles_03,1.0,1,Hard
major_04_emperor,minor_pentacles_04,1.167,1,Hard
major_04_emperor,minor_pentacles_05,2.5,3,Easy
major_04_emperor,minor_pentacles_06,1.333,1,Hard
major_04_emperor,minor_pentacles_07,1.667,2,Medium
major_04_emperor,minor_pentacles_08,1.333,1,Hard
major_04_emperor,minor_pentacles_09,2.167,3,Easy
major_04_emperor,minor_pentacles_10,1.833,2,Medium
major_04_emperor,minor_pentacles_page,1.167,1,Hard
major_04_emperor,minor_pentacles_knight,1.167,1,Hard
major_04_emperor,minor_pentacles_queen,1.667,2,Medium
major_04_emperor,minor_pentacles_king,1.667,2,Medium
major_05_hierophant,major_00_fool,2.833,3,Easy
major_05_hierophant,major_01_magician,2.167,3,Easy
major_05_hierophant,major_02_high_priestess,2.333,3,Easy
major_05_hierophant,major_03_empress,1.667,2,Medium
major_05_hierophant,major_04_emperor,2.0,3,Easy
major_05_hierophant,major_06_lovers,1.167,1,Hard
major_05_hierophant,major_07_chariot,2.167,3,Easy
major_05_hierophant,major_08_strength,0.667,1,Hard
major_05_hierophant,major_09_hermit,2.0,3,Easy
major_05_hierophant,major_10_wheel_of_fortune,1.5,2,Medium
major_05_hierophant,major_11_justice,1.0,1,Hard
major_05_hierophant,major_12_hanged_man,2.167,3,Easy
major_05_hierophant,major_13_death,1.833,2,Medium
major_05_hierophant,major_14_temperance,1.0,1,Hard
major_05_hierophant,major_15_devil,0.667,1,Hard
major_05_hierophant,major_16_tower,2.833,3,Easy
major_05_hierophant,major_17_star,1.0,1,Hard
major_05_hierophant,major_18_moon,2.167,3,Easy
major_05_hierophant,major_19_sun,1.833,2,Medium
major_05_hierophant,major_20_judgment,1.5,2,Medium
major_05_hierophant,major_21_world,1.333,1,Hard
major_05_hierophant,minor_wands_ace,2.333,3,Easy
major_05_hierophant,minor_wands_02,1.5,2,Medium
major_05_hierophant,minor_wands_03,1.667,2,Medium
major_05_hierophant,minor_wands_04,1.333,1,Hard
major_05_hierophant,minor_wands_05,1.0,1,Hard
major_05_hierophant,minor_wands_06,1.5,2,Medium
major_05_hierophant,minor_wands_07,1.667,2,Medium
major_05_hierophant,minor_wands_08,1.5,2,Medium
major_05_hierophant,minor_wands_09,0.833,1,Hard
major_05_hierophant,minor_wands_10,1.333,1,Hard
major_05_hierophant,minor_wands_page,2.0,3,Easy
major_05_hierophant,minor_wands_knight,2.167,3,Easy
major_05_hierophant,minor_wands_queen,1.333,1,Hard
major_05_hierophant,minor_wands_king,1.5,2,Medium
major_05_hierophant,minor_cups_ace,1.167,1,Hard
major_05_hierophant,minor_cups_02,1.5,2,Medium
major_05_hierophant,minor_cups_03,1.5,2,Medium
major_05_hierophant,minor_cups_04,1.333,1,Hard
major_05_hierophant,minor_cups_05,1.5,2,Medium
major_05_hierophant,minor_cups_06,0.833,1,Hard
major_05_hierophant,minor_cups_07,1.333,1,Hard
major_05_hierophant,minor_cups_08,1.667,2,Medium
major_05_hierophant,minor_cups_09,0.833,1,Hard
major_05_hierophant,minor_cups_10,1.0,1,Hard
major_05_hierophant,minor_cups_page,1.167,1,Hard
major_05_hierophant,minor_cups_knight,1.833,2,Medium
major_05_hierophant,minor_cups_queen,1.333,1,Hard
major_05_hierophant,minor_cups_king,1.0,1,Hard
major_05_hierophant,minor_swords_ace,1.5,2,Medium
major_05_hierophant,minor_swords_02,1.667,2,Medium
major_05_hierophant,minor_swords_03,1.667,2,Medium
major_05_hierophant,minor_swords_04,1.333,1,Hard
major_05_hierophant,minor_swords_05,2.0,3,Easy
major_05_hierophant,minor_swords_06,1.0,1,Hard
major_05_hierophant,minor_swords_07,1.667,2,Medium
major_05_hierophant,minor_swords_08,2.167,3,Easy
major_05_hierophant,minor_swords_09,2.167,3,Easy
major_05_hierophant,minor_swords_10,1.833,2,Medium
major_05_hierophant,minor_swords_page,1.5,2,Medium
major_05_hierophant,minor_swords_knight,1.667,2,Medium
major_05_hierophant,minor_swords_queen,0.833,1,Hard
major_05_hierophant,minor_swords_king,1.333,1,Hard
major_05_hierophant,minor_pentacles_ace,1.333,1,Hard
major_05_hierophant,minor_pentacles_02,1.333,1,Hard
major_05_hierophant,minor_pentacles_03,1.667,2,Medium
major_05_hierophant,minor_pentacles_04,1.167,1,Hard
major_05_hierophant,minor_pentacles_05,1.833,2,Medium
major_05_hierophant,minor_pentacles_06,1.0,1,Hard
major_05_hierophant,minor_pentacles_07,0.667,1,Hard
major_05_hierophant,minor_pentacles_08,1.667,2,Medium
major_05_hierophant,minor_pentacles_09,1.167,1,Hard
major_05_hierophant,minor_pentacles_10,1.167,1,Hard
major_05_hierophant,minor_pentacles_page,0.833,1,Hard
major_05_hierophant,minor_pentacles_knight,0.833,1,Hard
major_05_hierophant,minor_pentacles_queen,1.0,1,Hard
major_05_hierophant,minor_pentacles_king,1.0,1,Hard
major_06_lovers,major_00_fool,2.667,3,Easy
major_06_lovers,major_01_magician,2.0,3,Easy
major_06_lovers,major_02_high_priestess,3.167,3,Easy
major_06_lovers,major_03_empress,1.833,2,Medium
major_06_lovers,major_04_emperor,1.833,2,Medium
major_06_lovers,major_05_hierophant,1.167,1,Hard
major_06_lovers,major_07_chariot,1.667,2,Medium
major_06_lovers,major_08_strength,1.5,2,Medium
major_06_lovers,major_09_hermit,2.5,3,Easy
major_06_lovers,major_10_wheel_of_fortune,1.333,1,Hard
major_06_lovers,major_11_justice,1.167,1,Hard
major_06_lovers,major_12_hanged_man,2.333,3,Easy
major_06_lovers,major_13_death,2.0,3,Easy
major_06_lovers,major_14_temperance,1.833,2,Medium
major_06_lovers,major_15_devil,1.5,2,Medium
major_06_lovers,major_16_tower,2.667,3,Easy
major_06_lovers,major_17_star,1.5,2,Medium
major_06_lovers,major_18_moon,2.333,3,Easy
major_06_lovers,major_19_sun,2.0,3,Easy
major_06_lovers,major_20_judgment,1.667,2,Medium
major_06_lovers,major_21_world,1.833,2,Medium
major_06_lovers,minor_wands_ace,2.167,3,Easy
major_06_lovers,minor_wands_02,1.333,1,Hard
major_06_lovers,minor_wands_03,1.5,2,Medium
major_06_lovers,minor_wands_04,1.5,2,Medium
major_06_lovers,minor_wands_05,1.167,1,Hard
major_06_lovers,minor_wands_06,2.0,3,Easy
major_06_lovers,minor_wands_07,1.167,1,Hard
major_06_lovers,minor_wands_08,2.0,3,Easy
major_06_lovers,minor_wands_09,1.333,1,Hard
major_06_lovers,minor_wands_10,1.167,1,Hard
major_06_lovers,minor_wands_page,1.833,2,Medium
major_06_lovers,minor_wands_knight,2.0,3,Easy
major_06_lovers,minor_wands_queen,1.5,2,Medium
major_06_lovers,minor_wands_king,1.667,2,Medium
major_06_lovers,minor_cups_ace,1.667,2,Medium
major_06_lovers,minor_cups_02,1.0,1,Hard
major_06_lovers,minor_cups_03,1.333,1,Hard
major_06_lovers,minor_cups_04,1.833,2,Medium
major_06_lovers,minor_cups_05,1.667,2,Medium
major_06_lovers,minor_cups_06,1.667,2,Medium
major_06_lovers,minor_cups_07,1.5,2,Medium
major_06_lovers,minor_cups_08,1.833,2,Medium
major_06_lovers,minor_cups_09,1.667,2,Medium
major_06_lovers,minor_cups_10,1.5,2,Medium
major_06_lovers,minor_cups_page,1.333,1,Hard
major_06_lovers,minor_cups_knight,1.333,1,Hard
major_06_lovers,minor_cups_queen,1.167,1,Hard
major_06_lovers,minor_cups_king,1.167,1,Hard
major_06_lovers,minor_swords_ace,1.667,2,Medium
major_06_lovers,minor_swords_02,1.833,2,Medium
major_06_lovers,minor_swords_03,1.833,2,Medium
major_06_lovers,minor_swords_04,2.167,3,Easy
major_06_lovers,minor_swords_05,1.5,2,Medium
major_06_lovers,minor_swords_06,1.5,2,Medium
major_06_lovers,minor_swords_07,1.5,2,Medium
major_06_lovers,minor_swords_08,2.333,3,Easy
major_06_lovers,minor_swords_09,2.333,3,Easy
major_06_lovers,minor_swords_10,2.0,3,Easy
major_06_lovers,minor_swords_page,1.667,2,Medium
major_06_lovers,minor_swords_knight,1.167,1,Hard
major_06_lovers,minor_swords_queen,1.333,1,Hard
major_06_lovers,minor_swords_king,1.5,2,Medium
major_06_lovers,minor_pentacles_ace,1.5,2,Medium
major_06_lovers,minor_pentacles_02,0.833,1,Hard
major_06_lovers,minor_pentacles_03,1.5,2,Medium
major_06_lovers,minor_pentacles_04,1.667,2,Medium
major_06_lovers,minor_pentacles_05,2.0,3,Easy
major_06_lovers,minor_pentacles_06,0.833,1,Hard
major_06_lovers,minor_pentacles_07,1.5,2,Medium
major_06_lovers,minor_pentacles_08,2.167,3,Easy
major_06_lovers,minor_pentacles_09,2.0,3,Easy
major_06_lovers,minor_pentacles_10,1.667,2,Medium
major_06_lovers,minor_pentacles_page,1.333,1,Hard
major_06_lovers,minor_pentacles_knight,1.333,1,Hard
major_06_lovers,minor_pentacles_queen,1.167,1,Hard
major_06_lovers,minor_pentacles_king,1.5,2,Medium
major_07_chariot,major_00_fool,2.0,3,Easy
major_07_chariot,major_01_magician,1.333,1,Hard
major_07_chariot,major_02_high_priestess,3.5,3,Easy
major_07_chariot,major_03_empress,2.833,3,Easy
major_07_chariot,major_04_emperor,0.833,1,Hard
major_07_chariot,major_05_hierophant,2.167,3,Easy
major_07_chariot,major_06_lovers,1.667,2,Medium
major_07_chariot,major_08_strength,1.833,2,Medium
major_07_chariot,major_09_hermit,2.833,3,Easy
major_07_chariot,major_10_wheel_of_fortune,2.0,3,Easy
major_07_chariot,major_11_justice,1.5,2,Medium
major_07_chariot,major_12_hanged_man,2.667,3,Easy
major_07_chariot,major_13_death,2.0,3,Easy
major_07_chariot,major_14_temperance,2.5,3,Easy
major_07_chariot,major_15_devil,2.5,3,Easy
major_07_chariot,major_16_tower,1.667,2,Medium
major_07_chariot,major_17_star,2.5,3,Easy
major_07_chariot,major_18_moon,2.667,3,Easy
major_07_chariot,major_19_sun,2.333,3,Easy
major_07_chariot,major_20_judgment,1.333,1,Hard
major_07_chariot,major_21_world,2.5,3,Easy
major_07_chariot,minor_wands_ace,1.5,2,Medium
major_07_chariot,minor_wands_02,1.0,1,Hard
major_07_chariot,minor_wands_03,1.167,1,Hard
major_07_chariot,minor_wands_04,2.167,3,Easy
major_07_chariot,minor_wands_05,1.5,2,Medium
major_07_chariot,minor_wands_06,1.667,2,Medium
major_07_chariot,minor_wands_07,0.5,1,Hard
major_07_chariot,minor_wands_08,1.667,2,Medium
major_07_chariot,minor_wands_09,1.667,2,Medium
major_07_chariot,minor_wands_10,1.167,1,Hard
major_07_chariot,minor_wands_page,1.5,2,Medium
major_07_chariot,minor_wands_knight,1.333,1,Hard
major_07_chariot,minor_wands_queen,1.5,2,Medium
major_07_chariot,minor_wands_king,1.667,2,Medium
major_07_chariot,minor_cups_ace,2.667,3,Easy
major_07_chariot,minor_cups_02,2.333,3,Easy
major_07_chariot,minor_cups_03,2.333,3,Easy
major_07_chariot,minor_cups_04,2.167,3,Easy
major_07_chariot,minor_cups_05,2.0,3,Easy
major_07_chariot,minor_cups_06,2.333,3,Easy
major_07_chariot,minor_cups_07,2.167,3,Easy
major_07_chariot,minor_cups_08,1.5,2,Medium
major_07_chariot,minor_cups_09,2.333,3,Easy
major_07_chariot,minor_cups_10,2.833,3,Easy
major_07_chariot,minor_cups_page,2.333,3,Easy
major_07_chariot,minor_cups_knight,2.0,3,Easy
major_07_chariot,minor_cups_queen,2.833,3,Easy
major_07_chariot,minor_cups_king,2.5,3,Easy
major_07_chariot,minor_swords_ace,1.333,1,Hard
major_07_chariot,minor_swords_02,2.167,3,Easy
major_07_chariot,minor_swords_03,1.833,2,Medium
major_07_chariot,minor_swords_04,2.5,3,Easy
major_07_chariot,minor_swords_05,1.167,1,Hard
major_07_chariot,minor_swords_06,1.5,2,Medium
major_07_chariot,minor_swords_07,1.167,1,Hard
major_07_chariot,minor_swords_08,2.667,3,Easy
major_07_chariot,minor_swords_09,2.667,3,Easy
major_07_chariot,minor_swords_10,2.333,3,Easy
major_07_chariot,minor_swords_page,1.333,1,Hard
major_07_chariot,minor_swords_knight,0.833,1,Hard
major_07_chariot,minor_swords_queen,1.667,2,Medium
major_07_chariot,minor_swords_king,1.167,1,Hard
major_07_chariot,minor_pentacles_ace,1.5,2,Medium
major_07_chariot,minor_pentacles_02,0.833,1,Hard
major_07_chariot,minor_pentacles_03,1.5,2,Medium
major_07_chariot,minor_pentacles_04,1.667,2,Medium
major_07_chariot,minor_pentacles_05,2.0,3,Easy
major_07_chariot,minor_pentacles_06,1.833,2,Medium
major_07_chariot,minor_pentacles_07,2.167,3,Easy
major_07_chariot,minor_pentacles_08,1.5,2,Medium
major_07_chariot,minor_pentacles_09,2.333,3,Easy
major_07_chariot,minor_pentacles_10,2.333,3,Easy
major_07_chariot,minor_pentacles_page,1.667,2,Medium
major_07_chariot,minor_pentacles_knight,1.333,1,Hard
major_07_chariot,minor_pentacles_queen,2.167,3,Easy
major_07_chariot,minor_pentacles_king,2.167,3,Easy
major_08_strength,major_00_fool,2.167,3,Easy
major_08_strength,major_01_magician,1.5,2,Medium
major_08_strength,major_02_high_priestess,2.333,3,Easy
major_08_strength,major_03_empress,1.333,1,Hard
major_08_strength,major_04_emperor,1.333,1,Hard
major_08_strength,major_05_hierophant,0.667,1,Hard
major_08_strength,major_06_lovers,1.5,2,Medium
major_08_strength,major_07_chariot,1.833,2,Medium
major_08_strength,major_09_hermit,2.0,3,Easy
major_08_strength,major_10_wheel_of_fortune,1.5,2,Medium
major_08_strength,major_11_justice,0.667,1,Hard
major_08_strength,major_12_hanged_man,2.5,3,Easy
major_08_strength,major_13_death,1.833,2,Medium
major_08_strength,major_14_temperance,1.0,1,Hard
major_08_strength,major_15_devil,1.0,1,Hard
major_08_strength,major_16_tower,2.5,3,Easy
major_08_strength,major_17_star,1.0,1,Hard
major_08_strength,major_18_moon,2.5,3,Easy
major_08_strength,major_19_sun,1.5,2,Medium
major_08_strength,major_20_judgment,0.833,1,Hard
major_08_strength,major_21_world,1.667,2,Medium
major_08_strength,minor_wands_ace,1.667,2,Medium
major_08_strength,minor_wands_02,0.833,1,Hard
major_08_strength,minor_wands_03,1.0,1,Hard
major_08_strength,minor_wands_04,1.0,1,Hard
major_08_strength,minor_wands_05,0.667,1,Hard
major_08_strength,minor_wands_06,1.167,1,Hard
major_08_strength,minor_wands_07,1.333,1,Hard
major_08_strength,minor_wands_08,0.833,1,Hard
major_08_strength,minor_wands_09,1.167,1,Hard
major_08_strength,minor_wands_10,1.0,1,Hard
major_08_strength,minor_wands_page,1.333,1,Hard
major_08_strength,minor_wands_knight,1.5,2,Medium
major_08_strength,minor_wands_queen,0.667,1,Hard
major_08_strength,minor_wands_king,1.167,1,Hard
major_08_strength,minor_cups_ace,0.833,1,Hard
major_08_strength,minor_cups_02,1.167,1,Hard
major_08_strength,minor_cups_03,1.167,1,Hard
major_08_strength,minor_cups_04,1.667,2,Medium
major_08_strength,minor_cups_05,1.833,2,Medium
major_08_strength,minor_cups_06,0.833,1,Hard
major_08_strength,minor_cups_07,1.333,1,Hard
major_08_strength,minor_cups_08,1.333,1,Hard
major_08_strength,minor_cups_09,1.167,1,Hard
major_08_strength,minor_cups_10,1.333,1,Hard
major_08_strength,minor_cups_page,0.833,1,Hard
major_08_strength,minor_cups_knight,1.167,1,Hard
major_08_strength,minor_cups_queen,1.333,1,Hard
major_08_strength,minor_cups_king,1.0,1,Hard
major_08_strength,minor_swords_ace,0.833,1,Hard
major_08_strength,minor_swords_02,1.667,2,Medium
major_08_strength,minor_swords_03,1.667,2,Medium
major_08_strength,minor_swords_04,1.333,1,Hard
major_08_strength,minor_swords_05,1.667,2,Medium
major_08_strength,minor_swords_06,0.333,1,Hard
major_08_strength,minor_swords_07,1.0,1,Hard
major_08_strength,minor_swords_08,2.5,3,Easy
major_08_strength,minor_swords_09,2.5,3,Easy
major_08_strength,minor_swords_10,2.167,3,Easy
major_08_strength,minor_swords_page,0.833,1,Hard
major_08_strength,minor_swords_knight,1.0,1,Hard
major_08_strength,minor_swords_queen,0.5,1,Hard
major_08_strength,minor_swords_king,0.667,1,Hard
major_08_strength,minor_pentacles_ace,0.667,1,Hard
major_08_strength,minor_pentacles_02,1.0,1,Hard
major_08_strength,minor_pentacles_03,1.0,1,Hard
major_08_strength,minor_pentacles_04,1.5,2,Medium
major_08_strength,minor_pentacles_05,1.833,2,Medium
major_08_strength,minor_pentacles_06,0.667,1,Hard
major_08_strength,minor_pentacles_07,0.667,1,Hard
major_08_strength,minor_pentacles_08,1.0,1,Hard
major_08_strength,minor_pentacles_09,1.5,2,Medium
major_08_strength,minor_pentacles_10,1.167,1,Hard
major_08_strength,minor_pentacles_page,0.5,1,Hard
major_08_strength,minor_pentacles_knight,0.833,1,Hard
major_08_strength,minor_pentacles_queen,0.667,1,Hard
major_08_strength,minor_pentacles_king,1.0,1,Hard
major_09_hermit,major_00_fool,3.167,3,Easy
major_09_hermit,major_01_magician,2.833,3,Easy
major_09_hermit,major_02_high_priestess,1.0,1,Hard
major_09_hermit,major_03_empress,3.0,3,Easy
major_09_hermit,major_04_emperor,2.667,3,Easy
major_09_hermit,major_05_hierophant,2.0,3,Easy
major_09_hermit,major_06_lovers,2.5,3,Easy
major_09_hermit,major_07_chariot,2.833,3,Easy
major_09_hermit,major_08_strength,2.0,3,Easy
major_09_hermit,major_10_wheel_of_fortune,2.5,3,Easy
major_09_hermit,major_11_justice,2.0,3,Easy
major_09_hermit,major_12_hanged_man,1.833,2,Medium
major_09_hermit,major_13_death,2.5,3,Easy
major_09_hermit,major_14_temperance,1.333,1,Hard
major_09_hermit,major_15_devil,2.0,3,Easy
major_09_hermit,major_16_tower,3.833,3,Easy
major_09_hermit,major_17_star,2.0,3,Easy
major_09_hermit,major_18_moon,1.5,2,Medium
major_09_hermit,major_19_sun,2.833,3,Easy
major_09_hermit,major_20_judgment,2.167,3,Easy
major_09_hermit,major_21_world,2.0,3,Easy
major_09_hermit,minor_wands_ace,3.0,3,Easy
major_09_hermit,minor_wands_02,2.167,3,Easy
major_09_hermit,minor_wands_03,2.0,3,Easy
major_09_hermit,minor_wands_04,2.333,3,Easy
major_09_hermit,minor_wands_05,2.667,3,Easy
major_09_hermit,minor_wands_06,2.5,3,Easy
major_09_hermit,minor_wands_07,2.333,3,Easy
major_09_hermit,minor_wands_08,2.167,3,Easy
major_09_hermit,minor_wands_09,1.5,2,Medium
major_09_hermit,minor_wands_10,2.333,3,Easy
major_09_hermit,minor_wands_page,2.667,3,Easy
major_09_hermit,minor_wands_knight,3.167,3,Easy
major_09_hermit,minor_wands_queen,2.0,3,Easy
major_09_hermit,minor_wands_king,2.5,3,Easy
major_09_hermit,minor_cups_ace,2.167,3,Easy
major_09_hermit,minor_cups_02,2.5,3,Easy
major_09_hermit,minor_cups_03,2.5,3,Easy
major_09_hermit,minor_cups_04,1.0,1,Hard
major_09_hermit,minor_cups_05,2.167,3,Easy
major_09_hermit,minor_cups_06,1.167,1,Hard
major_09_hermit,minor_cups_07,1.667,2,Medium
major_09_hermit,minor_cups_08,2.333,3,Easy
major_09_hermit,minor_cups_09,1.5,2,Medium
major_09_hermit,minor_cups_10,2.0,3,Easy
major_09_hermit,minor_cups_page,2.167,3,Easy
major_09_hermit,minor_cups_knight,3.167,3,Easy
major_09_hermit,minor_cups_queen,2.0,3,Easy
major_09_hermit,minor_cups_king,1.333,1,Hard
major_09_hermit,minor_swords_ace,1.833,2,Medium
major_09_hermit,minor_swords_02,0.667,1,Hard
major_09_hermit,minor_swords_03,2.333,3,Easy
major_09_hermit,minor_swords_04,0.667,1,Hard
major_09_hermit,minor_swords_05,2.667,3,Easy
major_09_hermit,minor_swords_06,2.0,3,Easy
major_09_hermit,minor_swords_07,1.667,2,Medium
major_09_hermit,minor_swords_08,1.5,2,Medium
major_09_hermit,minor_swords_09,1.833,2,Medium
major_09_hermit,minor_swords_10,2.167,3,Easy
major_09_hermit,minor_swords_page,1.833,2,Medium
major_09_hermit,minor_swords_knight,2.333,3,Easy
major_09_hermit,minor_swords_queen,1.5,2,Medium
major_09_hermit,minor_swords_king,2.0,3,Easy
major_09_hermit,minor_pentacles_ace,2.0,3,Easy
major_09_hermit,minor_pentacles_02,2.333,3,Easy
major_09_hermit,minor_pentacles_03,2.333,3,Easy
major_09_hermit,minor_pentacles_04,1.833,2,Medium
major_09_hermit,minor_pentacles_05,2.833,3,Easy
major_09_hermit,minor_pentacles_06,2.333,3,Easy
major_09_hermit,minor_pentacles_07,1.333,1,Hard
major_09_hermit,minor_pentacles_08,1.333,1,Hard
major_09_hermit,minor_pentacles_09,1.167,1,Hard
major_09_hermit,minor_pentacles_10,2.167,3,Easy
major_09_hermit,minor_pentacles_page,1.833,2,Medium
major_09_hermit,minor_pentacles_knight,1.833,2,Medium
major_09_hermit,minor_pentacles_queen,2.0,3,Easy
major_09_hermit,minor_pentacles_king,2.0,3,Easy
major_10_wheel_of_fortune,major_00_fool,1.333,1,Hard
major_10_wheel_of_fortune,major_01_magician,2.333,3,Easy
major_10_wheel_of_fortune,major_02_high_priestess,2.167,3,Easy
major_10_wheel_of_fortune,major_03_empress,2.167,3,Easy
major_10_wheel_of_fortune,major_04_emperor,1.833,2,Medium
major_10_wheel_of_fortune,major_05_hierophant,1.5,2,Medium
major_10_wheel_of_fortune,major_06_lovers,1.333,1,Hard
major_10_wheel_of_fortune,major_07_chariot,2.0,3,Easy
major_10_wheel_of_fortune,major_08_strength,1.5,2,Medium
major_10_wheel_of_fortune,major_09_hermit,2.5,3,Easy
major_10_wheel_of_fortune,major_11_justice,1.5,2,Medium
major_10_wheel_of_fortune,major_12_hanged_man,1.667,2,Medium
major_10_wheel_of_fortune,major_13_death,1.0,1,Hard
major_10_wheel_of_fortune,major_14_temperance,1.5,2,Medium
major_10_wheel_of_fortune,major_15_devil,1.5,2,Medium
major_10_wheel_of_fortune,major_16_tower,1.667,2,Medium
major_10_wheel_of_fortune,major_17_star,1.167,1,Hard
major_10_wheel_of_fortune,major_18_moon,1.333,1,Hard
major_10_wheel_of_fortune,major_19_sun,2.667,3,Easy
major_10_wheel_of_fortune,major_20_judgment,1.0,1,Hard
major_10_wheel_of_fortune,major_21_world,1.833,2,Medium
major_10_wheel_of_fortune,minor_wands_ace,0.833,1,Hard
major_10_wheel_of_fortune,minor_wands_02,1.333,1,Hard
major_10_wheel_of_fortune,minor_wands_03,1.5,2,Medium
major_10_wheel_of_fortune,minor_wands_04,2.167,3,Easy
major_10_wheel_of_fortune,minor_wands_05,1.5,2,Medium
major_10_wheel_of_fortune,minor_wands_06,2.333,3,Easy
major_10_wheel_of_fortune,minor_wands_07,1.5,2,Medium
major_10_wheel_of_fortune,minor_wands_08,1.333,1,Hard
major_10_wheel_of_fortune,minor_wands_09,1.333,1,Hard
major_10_wheel_of_fortune,minor_wands_10,1.5,2,Medium
major_10_wheel_of_fortune,minor_wands_page,0.833,1,Hard
major_10_wheel_of_fortune,minor_wands_knight,0.667,1,Hard
major_10_wheel_of_fortune,minor_wands_queen,1.833,2,Medium
major_10_wheel_of_fortune,minor_wands_king,2.333,3,Easy
major_10_wheel_of_fortune,minor_cups_ace,1.667,2,Medium
major_10_wheel_of_fortune,minor_cups_02,1.667,2,Medium
major_10_wheel_of_fortune,minor_cups_03,2.0,3,Easy
major_10_wheel_of_fortune,minor_cups_04,1.833,2,Medium
major_10_wheel_of_fortune,minor_cups_05,1.333,1,Hard
major_10_wheel_of_fortune,minor_cups_06,1.333,1,Hard
major_10_wheel_of_fortune,minor_cups_07,0.833,1,Hard
major_10_wheel_of_fortune,minor_cups_08,1.167,1,Hard
major_10_wheel_of_fortune,minor_cups_09,1.667,2,Medium
major_10_wheel_of_fortune,minor_cups_10,2.167,3,Easy
major_10_wheel_of_fortune,minor_cups_page,1.333,1,Hard
major_10_wheel_of_fortune,minor_cups_knight,0.667,1,Hard
major_10_wheel_of_fortune,minor_cups_queen,1.5,2,Medium
major_10_wheel_of_fortune,minor_cups_king,1.833,2,Medium
major_10_wheel_of_fortune,minor_swords_ace,1.667,2,Medium
major_10_wheel_of_fortune,minor_swords_02,1.833,2,Medium
major_10_wheel_of_fortune,minor_swords_03,1.5,2,Medium
major_10_wheel_of_fortune,minor_swords_04,1.833,2,Medium
major_10_wheel_of_fortune,minor_swords_05,1.5,2,Medium
major_10_wheel_of_fortune,minor_swords_06,1.167,1,Hard
major_10_wheel_of_fortune,minor_swords_07,1.5,2,Medium
major_10_wheel_of_fortune,minor_swords_08,1.667,2,Medium
major_10_wheel_of_fortune,minor_swords_09,1.667,2,Medium
major_10_wheel_of_fortune,minor_swords_10,1.0,1,Hard
major_10_wheel_of_fortune,minor_swords_page,1.667,2,Medium
major_10_wheel_of_fortune,minor_swords_knight,1.167,1,Hard
major_10_wheel_of_fortune,minor_swords_queen,1.333,1,Hard
major_10_wheel_of_fortune,minor_swords_king,1.5,2,Medium
major_10_wheel_of_fortune,minor_pentacles_ace,1.167,1,Hard
major_10_wheel_of_fortune,minor_pentacles_02,1.167,1,Hard
major_10_wheel_of_fortune,minor_pentacles_03,2.167,3,Easy
major_10_wheel_of_fortune,minor_pentacles_04,1.667,2,Medium
major_10_wheel_of_fortune,minor_pentacles_05,1.333,1,Hard
major_10_wheel_of_fortune,minor_pentacles_06,1.167,1,Hard
major_10_wheel_of_fortune,minor_pentacles_07,1.167,1,Hard
major_10_wheel_of_fortune,minor_pentacles_08,2.167,3,Easy
major_10_wheel_of_fortune,minor_pentacles_09,2.0,3,Easy
major_10_wheel_of_fortune,minor_pentacles_10,2.0,3,Easy
major_10_wheel_of_fortune,minor_pentacles_page,1.0,1,Hard
major_10_wheel_of_fortune,minor_pentacles_knight,1.667,2,Medium
major_10_wheel_of_fortune,minor_pentacles_queen,1.5,2,Medium
major_10_wheel_of_fortune,minor_pentacles_king,1.833,2,Medium
major_11_justice,major_00_fool,2.5,3,Easy
major_11_justice,major_01_magician,1.167,1,Hard
major_11_justice,major_02_high_priestess,2.667,3,Easy
major_11_justice,major_03_empress,1.667,2,Medium
major_11_justice,major_04_emperor,1.0,1,Hard
major_11_justice,major_05_hierophant,1.0,1,Hard
major_11_justice,major_06_lovers,1.167,1,Hard
major_11_justice,major_07_chariot,1.5,2,Medium
major_11_justice,major_08_strength,0.667,1,Hard
major_11_justice,major_09_hermit,2.0,3,Easy
major_11_justice,major_10_wheel_of_fortune,1.5,2,Medium
major_11_justice,major_12_hanged_man,2.833,3,Easy
major_11_justice,major_13_death,2.167,3,Easy
major_11_justice,major_14_temperance,1.333,1,Hard
major_11_justice,major_15_devil,1.333,1,Hard
major_11_justice,major_16_tower,2.833,3,Easy
major_11_justice,major_17_star,1.0,1,Hard
major_11_justice,major_18_moon,2.833,3,Easy
major_11_justice,major_19_sun,1.5,2,Medium
major_11_justice,major_20_judgment,1.5,2,Medium
major_11_justice,major_21_world,1.333,1,Hard
major_11_justice,minor_wands_ace,2.0,3,Easy
major_11_justice,minor_wands_02,0.833,1,Hard
major_11_justice,minor_wands_03,1.0,1,Hard
major_11_justice,minor_wands_04,1.0,1,Hard
major_11_justice,minor_wands_05,1.333,1,Hard
major_11_justice,minor_wands_06,0.833,1,Hard
major_11_justice,minor_wands_07,1.333,1,Hard
major_11_justice,minor_wands_08,1.5,2,Medium
major_11_justice,minor_wands_09,1.5,2,Medium
major_11_justice,minor_wands_10,1.333,1,Hard
major_11_justice,minor_wands_page,1.667,2,Medium
major_11_justice,minor_wands_knight,1.833,2,Medium
major_11_justice,minor_wands_queen,0.333,1,Hard
major_11_justice,minor_wands_king,0.833,1,Hard
major_11_justice,minor_cups_ace,1.167,1,Hard
major_11_justice,minor_cups_02,1.167,1,Hard
major_11_justice,minor_cups_03,1.167,1,Hard
major_11_justice,minor_cups_04,2.0,3,Easy
major_11_justice,minor_cups_05,2.167,3,Easy
major_11_justice,minor_cups_06,1.167,1,Hard
major_11_justice,minor_cups_07,1.667,2,Medium
major_11_justice,minor_cups_08,2.0,3,Easy
major_11_justice,minor_cups_09,1.167,1,Hard
major_11_justice,minor_cups_10,1.333,1,Hard
major_11_justice,minor_cups_page,1.167,1,Hard
major_11_justice,minor_cups_knight,1.5,2,Medium
major_11_justice,minor_cups_queen,1.667,2,Medium
major_11_justice,minor_cups_king,1.0,1,Hard
major_11_justice,minor_swords_ace,0.833,1,Hard
major_11_justice,minor_swords_02,1.667,2,Medium
major_11_justice,minor_swords_03,2.0,3,Easy
major_11_justice,minor_swords_04,1.667,2,Medium
major_11_justice,minor_swords_05,1.667,2,Medium
major_11_justice,minor_swords_06,1.0,1,Hard
major_11_justice,minor_swords_07,1.333,1,Hard
major_11_justice,minor_swords_08,2.833,3,Easy
major_11_justice,minor_swords_09,2.833,3,Easy
major_11_justice,minor_swords_10,2.5,3,Easy
major_11_justice,minor_swords_page,1.167,1,Hard
major_11_justice,minor_swords_knight,1.0,1,Hard
major_11_justice,minor_swords_queen,0.5,1,Hard
major_11_justice,minor_swords_king,0.333,1,Hard
major_11_justice,minor_pentacles_ace,1.0,1,Hard
major_11_justice,minor_pentacles_02,1.0,1,Hard
major_11_justice,minor_pentacles_03,1.0,1,Hard
major_11_justice,minor_pentacles_04,0.833,1,Hard
major_11_justice,minor_pentacles_05,2.167,3,Easy
major_11_justice,minor_pentacles_06,0.667,1,Hard
major_11_justice,minor_pentacles_07,1.0,1,Hard
major_11_justice,minor_pentacles_08,1.0,1,Hard
major_11_justice,minor_pentacles_09,1.5,2,Medium
major_11_justice,minor_pentacles_10,0.833,1,Hard
major_11_justice,minor_pentacles_page,0.833,1,Hard
major_11_justice,minor_pentacles_knight,0.5,1,Hard
major_11_justice,minor_pentacles_queen,0.667,1,Hard
major_11_justice,minor_pentacles_king,0.667,1,Hard
major_12_hanged_man,major_00_fool,2.333,3,Easy
major_12_hanged_man,major_01_magician,3.667,3,Easy
major_12_hanged_man,major_02_high_priestess,1.167,1,Hard
major_12_hanged_man,major_03_empress,3.5,3,Easy
major_12_hanged_man,major_04_emperor,3.167,3,Easy
major_12_hanged_man,major_05_hierophant,2.167,3,Easy
major_12_hanged_man,major_06_lovers,2.333,3,Easy
major_12_hanged_man,major_07_chariot,2.667,3,Easy
major_12_hanged_man,major_08_strength,2.5,3,Easy
major_12_hanged_man,major_09_hermit,1.833,2,Medium
major_12_hanged_man,major_10_wheel_of_fortune,1.667,2,Medium
major_12_hanged_man,major_11_justice,2.833,3,Easy
major_12_hanged_man,major_13_death,1.333,1,Hard
major_12_hanged_man,major_14_temperance,2.167,3,Easy
major_12_hanged_man,major_15_devil,1.833,2,Medium
major_12_hanged_man,major_16_tower,2.333,3,Easy
major_12_hanged_man,major_17_star,2.5,3,Easy
major_12_hanged_man,major_18_moon,0.667,1,Hard
major_12_hanged_man,major_19_sun,4.0,3,Easy
major_12_hanged_man,major_20_judgment,1.667,2,Medium
major_12_hanged_man,major_21_world,3.167,3,Easy
major_12_hanged_man,minor_wands_ace,2.5,3,Easy
major_12_hanged_man,minor_wands_02,2.667,3,Easy
major_12_hanged_man,minor_wands_03,2.833,3,Easy
major_12_hanged_man,minor_wands_04,3.5,3,Easy
major_12_hanged_man,minor_wands_05,2.167,3,Easy
major_12_hanged_man,minor_wands_06,3.667,3,Easy
major_12_hanged_man,minor_wands_07,2.167,3,Easy
major_12_hanged_man,minor_wands_08,2.333,3,Easy
major_12_hanged_man,minor_wands_09,1.333,1,Hard
major_12_hanged_man,minor_wands_10,2.167,3,Easy
major_12_hanged_man,minor_wands_page,2.167,3,Easy
major_12_hanged_man,minor_wands_knight,2.333,3,Easy
major_12_hanged_man,minor_wands_queen,3.167,3,Easy
major_12_hanged_man,minor_wands_king,3.667,3,Easy
major_12_hanged_man,minor_cups_ace,2.667,3,Easy
major_12_hanged_man,minor_cups_02,3.0,3,Easy
major_12_hanged_man,minor_cups_03,3.333,3,Easy
major_12_hanged_man,minor_cups_04,0.833,1,Hard
major_12_hanged_man,minor_cups_05,1.333,1,Hard
major_12_hanged_man,minor_cups_06,2.0,3,Easy
major_12_hanged_man,minor_cups_07,1.167,1,Hard
major_12_hanged_man,minor_cups_08,1.5,2,Medium
major_12_hanged_man,minor_cups_09,2.667,3,Easy
major_12_hanged_man,minor_cups_10,3.167,3,Easy
major_12_hanged_man,minor_cups_page,2.333,3,Easy
major_12_hanged_man,minor_cups_knight,2.333,3,Easy
major_12_hanged_man,minor_cups_queen,2.167,3,Easy
major_12_hanged_man,minor_cups_king,2.5,3,Easy
major_12_hanged_man,minor_swords_ace,2.667,3,Easy
major_12_hanged_man,minor_swords_02,1.167,1,Hard
major_12_hanged_man,minor_swords_03,1.5,2,Medium
major_12_hanged_man,minor_swords_04,1.5,2,Medium
major_12_hanged_man,minor_swords_05,2.5,3,Easy
major_12_hanged_man,minor_swords_06,2.167,3,Easy
major_12_hanged_man,minor_swords_07,1.833,2,Medium
major_12_hanged_man,minor_swords_08,0.667,1,Hard
major_12_hanged_man,minor_swords_09,1.0,1,Hard
major_12_hanged_man,minor_swords_10,1.0,1,Hard
major_12_hanged_man,minor_swords_page,2.667,3,Easy
major_12_hanged_man,minor_swords_knight,2.5,3,Easy
major_12_hanged_man,minor_swords_queen,2.333,3,Easy
major_12_hanged_man,minor_swords_king,2.833,3,Easy
major_12_hanged_man,minor_pentacles_ace,2.5,3,Easy
major_12_hanged_man,minor_pentacles_02,2.167,3,Easy
major_12_hanged_man,minor_pentacles_03,3.5,3,Easy
major_12_hanged_man,minor_pentacles_04,2.667,3,Easy
major_12_hanged_man,minor_pentacles_05,2.0,3,Easy
major_12_hanged_man,minor_pentacles_06,2.5,3,Easy
major_12_hanged_man,minor_pentacles_07,1.833,2,Medium
major_12_hanged_man,minor_pentacles_08,2.5,3,Easy
major_12_hanged_man,minor_pentacles_09,2.333,3,Easy
major_12_hanged_man,minor_pentacles_10,3.333,3,Easy
major_12_hanged_man,minor_pentacles_page,2.0,3,Easy
major_12_hanged_man,minor_pentacles_knight,2.333,3,Easy
major_12_hanged_man,minor_pentacles_queen,2.833,3,Easy
major_12_hanged_man,minor_pentacles_king,3.167,3,Easy
major_13_death,major_00_fool,1.333,1,Hard
major_13_death,major_01_magician,3.0,3,Easy
major_13_death,major_02_high_priestess,2.167,3,Easy
major_13_death,major_03_empress,2.833,3,Easy
major_13_death,major_04_emperor,2.5,3,Easy
major_13_death,major_05_hierophant,1.833,2,Medium
major_13_death,major_06_lovers,2.0,3,Easy
major_13_death,major_07_chariot,2.0,3,Easy
major_13_death,major_08_strength,1.833,2,Medium
major_13_death,major_09_hermit,2.5,3,Easy
major_13_death,major_10_wheel_of_fortune,1.0,1,Hard
major_13_death,major_11_justice,2.167,3,Easy
major_13_death,major_12_hanged_man,1.333,1,Hard
major_13_death,major_14_temperance,1.833,2,Medium
major_13_death,major_15_devil,1.5,2,Medium
major_13_death,major_16_tower,1.333,1,Hard
major_13_death,major_17_star,2.167,3,Easy
major_13_death,major_18_moon,1.0,1,Hard
major_13_death,major_19_sun,3.333,3,Easy
major_13_death,major_20_judgment,1.0,1,Hard
major_13_death,major_21_world,2.833,3,Easy
major_13_death,minor_wands_ace,1.5,2,Medium
major_13_death,minor_wands_02,2.0,3,Easy
major_13_death,minor_wands_03,2.167,3,Easy
major_13_death,minor_wands_04,2.833,3,Easy
major_13_death,minor_wands_05,1.5,2,Medium
major_13_death,minor_wands_06,3.0,3,Easy
major_13_death,minor_wands_07,1.5,2,Medium
major_13_death,minor_wands_08,1.667,2,Medium
major_13_death,minor_wands_09,1.0,1,Hard
major_13_death,minor_wands_10,1.5,2,Medium
major_13_death,minor_wands_page,1.5,2,Medium
major_13_death,minor_wands_knight,1.333,1,Hard
major_13_death,minor_wands_queen,2.5,3,Easy
major_13_death,minor_wands_king,3.0,3,Easy
major_13_death,minor_cups_ace,2.0,3,Easy
major_13_death,minor_cups_02,2.333,3,Easy
major_13_death,minor_cups_03,2.667,3,Easy
major_13_death,minor_cups_04,1.5,2,Medium
major_13_death,minor_cups_05,1.0,1,Hard
major_13_death,minor_cups_06,1.667,2,Medium
major_13_death,minor_cups_07,1.167,1,Hard
major_13_death,minor_cups_08,0.5,1,Hard
major_13_death,minor_cups_09,2.333,3,Easy
major_13_death,minor_cups_10,2.833,3,Easy
major_13_death,minor_cups_page,1.667,2,Medium
major_13_death,minor_cups_knight,1.333,1,Hard
major_13_death,minor_cups_queen,1.833,2,Medium
major_13_death,minor_cups_king,2.167,3,Easy
major_13_death,minor_swords_ace,2.0,3,Easy
major_13_death,minor_swords_02,1.833,2,Medium
major_13_death,minor_swords_03,0.833,1,Hard
major_13_death,minor_swords_04,1.833,2,Medium
major_13_death,minor_swords_05,1.5,2,Medium
major_13_death,minor_swords_06,1.5,2,Medium
major_13_death,minor_swords_07,1.167,1,Hard
major_13_death,minor_swords_08,1.333,1,Hard
major_13_death,minor_swords_09,1.333,1,Hard
major_13_death,minor_swords_10,0.667,1,Hard
major_13_death,minor_swords_page,2.0,3,Easy
major_13_death,minor_swords_knight,1.833,2,Medium
major_13_death,minor_swords_queen,1.667,2,Medium
major_13_death,minor_swords_king,2.167,3,Easy
major_13_death,minor_pentacles_ace,1.833,2,Medium
major_13_death,minor_pentacles_02,1.5,2,Medium
major_13_death,minor_pentacles_03,2.833,3,Easy
major_13_death,minor_pentacles_04,2.333,3,Easy
major_13_death,minor_pentacles_05,0.667,1,Hard
major_13_death,minor_pentacles_06,1.833,2,Medium
major_13_death,minor_pentacles_07,1.833,2,Medium
major_13_death,minor_pentacles_08,1.833,2,Medium
major_13_death,minor_pentacles_09,2.333,3,Easy
major_13_death,minor_pentacles_10,2.667,3,Easy
major_13_death,minor_pentacles_page,1.333,1,Hard
major_13_death,minor_pentacles_knight,1.667,2,Medium
major_13_death,minor_pentacles_queen,2.167,3,Easy
major_13_death,minor_pentacles_king,2.5,3,Easy
major_14_temperance,major_00_fool,2.167,3,Easy
major_14_temperance,major_01_magician,1.833,2,Medium
major_14_temperance,major_02_high_priestess,1.333,1,Hard
major_14_temperance,major_03_empress,1.667,2,Medium
major_14_temperance,major_04_emperor,2.0,3,Easy
major_14_temperance,major_05_hierophant,1.0,1,Hard
major_14_temperance,major_06_lovers,1.833,2,Medium
major_14_temperance,major_07_chariot,2.5,3,Easy
major_14_temperance,major_08_strength,1.0,1,Hard
major_14_temperance,major_09_hermit,1.333,1,Hard
major_14_temperance,major_10_wheel_of_fortune,1.5,2,Medium
major_14_temperance,major_11_justice,1.333,1,Hard
major_14_temperance,major_12_hanged_man,2.167,3,Easy
major_14_temperance,major_13_death,1.833,2,Medium
major_14_temperance,major_15_devil,1.0,1,Hard
major_14_temperance,major_16_tower,3.167,3,Easy
major_14_temperance,major_17_star,0.667,1,Hard
major_14_temperance,major_18_moon,2.167,3,Easy
major_14_temperance,major_19_sun,1.833,2,Medium
major_14_temperance,major_20_judgment,1.5,2,Medium
major_14_temperance,major_21_world,1.0,1,Hard
major_14_temperance,minor_wands_ace,2.0,3,Easy
major_14_temperance,minor_wands_02,1.5,2,Medium
major_14_temperance,minor_wands_03,1.333,1,Hard
major_14_temperance,minor_wands_04,1.333,1,Hard
major_14_temperance,minor_wands_05,1.667,2,Medium
major_14_temperance,minor_wands_06,1.5,2,Medium
major_14_temperance,minor_wands_07,2.0,3,Easy
major_14_temperance,minor_wands_08,1.167,1,Hard
major_14_temperance,minor_wands_09,0.833,1,Hard
major_14_temperance,minor_wands_10,1.667,2,Medium
major_14_temperance,minor_wands_page,1.667,2,Medium
major_14_temperance,minor_wands_knight,2.167,3,Easy
major_14_temperance,minor_wands_queen,1.333,1,Hard
major_14_temperance,minor_wands_king,1.833,2,Medium
major_14_temperance,minor_cups_ace,0.833,1,Hard
major_14_temperance,minor_cups_02,1.167,1,Hard
major_14_temperance,minor_cups_03,1.167,1,Hard
major_14_temperance,minor_cups_04,1.333,1,Hard
major_14_temperance,minor_cups_05,1.5,2,Medium
major_14_temperance,minor_cups_06,0.167,1,Hard
major_14_temperance,minor_cups_07,1.0,1,Hard
major_14_temperance,minor_cups_08,1.667,2,Medium
major_14_temperance,minor_cups_09,0.5,1,Hard
major_14_temperance,minor_cups_10,1.0,1,Hard
major_14_temperance,minor_cups_page,1.167,1,Hard
major_14_temperance,minor_cups_knight,2.167,3,Easy
major_14_temperance,minor_cups_queen,1.0,1,Hard
major_14_temperance,minor_cups_king,0.667,1,Hard
major_14_temperance,minor_swords_ace,1.167,1,Hard
major_14_temperance,minor_swords_02,1.333,1,Hard
major_14_temperance,minor_swords_03,1.667,2,Medium
major_14_temperance,minor_swords_04,0.667,1,Hard
major_14_temperance,minor_swords_05,2.333,3,Easy
major_14_temperance,minor_swords_06,1.0,1,Hard
major_14_temperance,minor_swords_07,1.333,1,Hard
major_14_temperance,minor_swords_08,2.167,3,Easy
major_14_temperance,minor_swords_09,2.167,3,Easy
major_14_temperance,minor_swords_10,1.833,2,Medium
major_14_temperance,minor_swords_page,1.167,1,Hard
major_14_temperance,minor_swords_knight,1.667,2,Medium
major_14_temperance,minor_swords_queen,0.833,1,Hard
major_14_temperance,minor_swords_king,1.333,1,Hard
major_14_temperance,minor_pentacles_ace,1.0,1,Hard
major_14_temperance,minor_pentacles_02,1.667,2,Medium
major_14_temperance,minor_pentacles_03,1.667,2,Medium
major_14_temperance,minor_pentacles_04,1.5,2,Medium
major_14_temperance,minor_pentacles_05,2.167,3,Easy
major_14_temperance,minor_pentacles_06,1.333,1,Hard
major_14_temperance,minor_pentacles_07,0.667,1,Hard
major_14_temperance,minor_pentacles_08,1.0,1,Hard
major_14_temperance,minor_pentacles_09,0.833,1,Hard
major_14_temperance,minor_pentacles_10,1.167,1,Hard
major_14_temperance,minor_pentacles_page,0.833,1,Hard
major_14_temperance,minor_pentacles_knight,1.167,1,Hard
major_14_temperance,minor_pentacles_queen,1.0,1,Hard
major_14_temperance,minor_pentacles_king,1.0,1,Hard
major_15_devil,major_00_fool,2.833,3,Easy
major_15_devil,major_01_magician,2.5,3,Easy
major_15_devil,major_02_high_priestess,2.0,3,Easy
major_15_devil,major_03_empress,2.0,3,Easy
major_15_devil,major_04_emperor,2.333,3,Easy
major_15_devil,major_05_hierophant,0.667,1,Hard
major_15_devil,major_06_lovers,1.5,2,Medium
major_15_devil,major_07_chariot,2.5,3,Easy
major_15_devil,major_08_strength,1.0,1,Hard
major_15_devil,major_09_hermit,2.0,3,Easy
major_15_devil,major_10_wheel_of_fortune,1.5,2,Medium
major_15_devil,major_11_justice,1.333,1,Hard
major_15_devil,major_12_hanged_man,1.833,2,Medium
major_15_devil,major_13_death,1.5,2,Medium
major_15_devil,major_14_temperance,1.0,1,Hard
major_15_devil,major_16_tower,2.5,3,Easy
major_15_devil,major_17_star,1.0,1,Hard
major_15_devil,major_18_moon,1.833,2,Medium
major_15_devil,major_19_sun,2.5,3,Easy
major_15_devil,major_20_judgment,1.5,2,Medium
major_15_devil,major_21_world,2.0,3,Easy
major_15_devil,minor_wands_ace,2.333,3,Easy
major_15_devil,minor_wands_02,1.833,2,Medium
major_15_devil,minor_wands_03,2.0,3,Easy
major_15_devil,minor_wands_04,2.0,3,Easy
major_15_devil,minor_wands_05,1.0,1,Hard
major_15_devil,minor_wands_06,2.167,3,Easy
major_15_devil,minor_wands_07,2.0,3,Easy
major_15_devil,minor_wands_08,1.5,2,Medium
major_15_devil,minor_wands_09,0.833,1,Hard
major_15_devil,minor_wands_10,1.333,1,Hard
major_15_devil,minor_wands_page,2.0,3,Easy
major_15_devil,minor_wands_knight,2.167,3,Easy
major_15_devil,minor_wands_queen,1.667,2,Medium
major_15_devil,minor_wands_king,2.167,3,Easy
major_15_devil,minor_cups_ace,1.167,1,Hard
major_15_devil,minor_cups_02,1.833,2,Medium
major_15_devil,minor_cups_03,1.833,2,Medium
major_15_devil,minor_cups_04,1.333,1,Hard
major_15_devil,minor_cups_05,0.833,1,Hard
major_15_devil,minor_cups_06,0.833,1,Hard
major_15_devil,minor_cups_07,1.0,1,Hard
major_15_devil,minor_cups_08,1.333,1,Hard
major_15_devil,minor_cups_09,1.5,2,Medium
major_15_devil,minor_cups_10,1.667,2,Medium
major_15_devil,minor_cups_page,1.167,1,Hard
major_15_devil,minor_cups_knight,1.833,2,Medium
major_15_devil,minor_cups_queen,1.0,1,Hard
major_15_devil,minor_cups_king,1.0,1,Hard
major_15_devil,minor_swords_ace,1.833,2,Medium
major_15_devil,minor_swords_02,1.667,2,Medium
major_15_devil,minor_swords_03,1.0,1,Hard
major_15_devil,minor_swords_04,1.333,1,Hard
major_15_devil,minor_swords_05,2.0,3,Easy
major_15_devil,minor_swords_06,1.333,1,Hard
major_15_devil,minor_swords_07,1.667,2,Medium
major_15_devil,minor_swords_08,1.5,2,Medium
major_15_devil,minor_swords_09,1.5,2,Medium
major_15_devil,minor_swords_10,1.167,1,Hard
major_15_devil,minor_swords_page,1.833,2,Medium
major_15_devil,minor_swords_knight,2.0,3,Easy
major_15_devil,minor_swords_queen,1.167,1,Hard
major_15_devil,minor_swords_king,1.667,2,Medium
major_15_devil,minor_pentacles_ace,1.667,2,Medium
major_15_devil,minor_pentacles_02,1.667,2,Medium
major_15_devil,minor_pentacles_03,2.0,3,Easy
major_15_devil,minor_pentacles_04,1.833,2,Medium
major_15_devil,minor_pentacles_05,1.5,2,Medium
major_15_devil,minor_pentacles_06,1.333,1,Hard
major_15_devil,minor_pentacles_07,1.0,1,Hard
major_15_devil,minor_pentacles_08,1.667,2,Medium
major_15_devil,minor_pentacles_09,1.833,2,Medium
major_15_devil,minor_pentacles_10,1.833,2,Medium
major_15_devil,minor_pentacles_page,1.167,1,Hard
major_15_devil,minor_pentacles_knight,1.167,1,Hard
major_15_devil,minor_pentacles_queen,1.333,1,Hard
major_15_devil,minor_pentacles_king,1.667,2,Medium
major_16_tower,major_00_fool,1.0,1,Hard
major_16_tower,major_01_magician,3.0,3,Easy
major_16_tower,major_02_high_priestess,3.5,3,Easy
major_16_tower,major_03_empress,3.167,3,Easy
major_16_tower,major_04_emperor,2.5,3,Easy
major_16_tower,major_05_hierophant,2.833,3,Easy
major_16_tower,major_06_lovers,2.667,3,Easy
major_16_tower,major_07_chariot,1.667,2,Medium
major_16_tower,major_08_strength,2.5,3,Easy
major_16_tower,major_09_hermit,3.833,3,Easy
major_16_tower,major_10_wheel_of_fortune,1.667,2,Medium
major_16_tower,major_11_justice,2.833,3,Easy
major_16_tower,major_12_hanged_man,2.333,3,Easy
major_16_tower,major_13_death,1.333,1,Hard
major_16_tower,major_14_temperance,3.167,3,Easy
major_16_tower,major_15_devil,2.5,3,Easy
major_16_tower,major_17_star,2.833,3,Easy
major_16_tower,major_18_moon,2.333,3,Easy
major_16_tower,major_19_sun,3.667,3,Easy
major_16_tower,major_20_judgment,1.667,2,Medium
major_16_tower,major_21_world,3.5,3,Easy
major_16_tower,minor_wands_ace,1.167,1,Hard
major_16_tower,minor_wands_02,2.0,3,Easy
major_16_tower,minor_wands_03,2.167,3,Easy
major_16_tower,minor_wands_04,3.167,3,Easy
major_16_tower,minor_wands_05,1.833,2,Medium
major_16_tower,minor_wands_06,3.333,3,Easy
major_16_tower,minor_wands_07,1.5,2,Medium
major_16_tower,minor_wands_08,2.0,3,Easy
major_16_tower,minor_wands_09,2.333,3,Easy
major_16_tower,minor_wands_10,1.833,2,Medium
major_16_tower,minor_wands_page,1.5,2,Medium
major_16_tower,minor_wands_knight,1.0,1,Hard
major_16_tower,minor_wands_queen,2.833,3,Easy
major_16_tower,minor_wands_king,3.333,3,Easy
major_16_tower,minor_cups_ace,3.0,3,Easy
major_16_tower,minor_cups_02,3.0,3,Easy
major_16_tower,minor_cups_03,3.333,3,Easy
major_16_tower,minor_cups_04,2.833,3,Easy
major_16_tower,minor_cups_05,1.667,2,Medium
major_16_tower,minor_cups_06,3.0,3,Easy
major_16_tower,minor_cups_07,2.5,3,Easy
major_16_tower,minor_cups_08,1.5,2,Medium
major_16_tower,minor_cups_09,3.333,3,Easy
major_16_tower,minor_cups_10,3.833,3,Easy
major_16_tower,minor_cups_page,2.667,3,Easy
major_16_tower,minor_cups_knight,1.667,2,Medium
major_16_tower,minor_cups_queen,3.167,3,Easy
major_16_tower,minor_cups_king,3.5,3,Easy
major_16_tower,minor_swords_ace,2.667,3,Easy
major_16_tower,minor_swords_02,3.167,3,Easy
major_16_tower,minor_swords_03,1.5,2,Medium
major_16_tower,minor_swords_04,3.167,3,Easy
major_16_tower,minor_swords_05,1.167,1,Hard
major_16_tower,minor_swords_06,2.167,3,Easy
major_16_tower,minor_swords_07,2.167,3,Easy
major_16_tower,minor_swords_08,2.333,3,Easy
major_16_tower,minor_swords_09,2.0,3,Easy
major_16_tower,minor_swords_10,1.667,2,Medium
major_16_tower,minor_swords_page,2.333,3,Easy
major_16_tower,minor_swords_knight,1.833,2,Medium
major_16_tower,minor_swords_queen,2.667,3,Easy
major_16_tower,minor_swords_king,2.5,3,Easy
major_16_tower,minor_pentacles_ace,2.167,3,Easy
major_16_tower,minor_pentacles_02,1.833,2,Medium
major_16_tower,minor_pentacles_03,2.833,3,Easy
major_16_tower,minor_pentacles_04,3.0,3,Easy
major_16_tower,minor_pentacles_05,1.0,1,Hard
major_16_tower,minor_pentacles_06,2.5,3,Easy
major_16_tower,minor_pentacles_07,2.833,3,Easy
major_16_tower,minor_pentacles_08,2.833,3,Easy
major_16_tower,minor_pentacles_09,3.333,3,Easy
major_16_tower,minor_pentacles_10,3.333,3,Easy
major_16_tower,minor_pentacles_page,2.333,3,Easy
major_16_tower,minor_pentacles_knight,2.667,3,Easy
major_16_tower,minor_pentacles_queen,2.833,3,Easy
major_16_tower,minor_pentacles_king,3.167,3,Easy
major_17_star,major_00_fool,1.833,2,Medium
major_17_star,major_01_magician,1.5,2,Medium
major_17_star,major_02_high_priestess,1.667,2,Medium
major_17_star,major_03_empress,1.0,1,Hard
major_17_star,major_04_emperor,2.0,3,Easy
major_17_star,major_05_hierophant,1.0,1,Hard
major_17_star,major_06_lovers,1.5,2,Medium
major_17_star,major_07_chariot,2.5,3,Easy
major_17_star,major_08_strength,1.0,1,Hard
major_17_star,major_09_hermit,2.0,3,Easy
major_17_star,major_10_wheel_of_fortune,1.167,1,Hard
major_17_star,major_11_justice,1.0,1,Hard
major_17_star,major_12_hanged_man,2.5,3,Easy
major_17_star,major_13_death,2.167,3,Easy
major_17_star,major_14_temperance,0.667,1,Hard
major_17_star,major_15_devil,1.0,1,Hard
major_17_star,major_16_tower,2.833,3,Easy
major_17_star,major_18_moon,2.5,3,Easy
major_17_star,major_19_sun,1.5,2,Medium
major_17_star,major_20_judgment,1.5,2,Medium
major_17_star,major_21_world,1.0,1,Hard
major_17_star,minor_wands_ace,1.667,2,Medium
major_17_star,minor_wands_02,1.5,2,Medium
major_17_star,minor_wands_03,1.333,1,Hard
major_17_star,minor_wands_04,1.0,1,Hard
major_17_star,minor_wands_05,1.667,2,Medium
major_17_star,minor_wands_06,1.167,1,Hard
major_17_star,minor_wands_07,2.0,3,Easy
major_17_star,minor_wands_08,1.167,1,Hard
major_17_star,minor_wands_09,1.5,2,Medium
major_17_star,minor_wands_10,2.0,3,Easy
major_17_star,minor_wands_page,1.333,1,Hard
major_17_star,minor_wands_knight,1.833,2,Medium
major_17_star,minor_wands_queen,1.0,1,Hard
major_17_star,minor_wands_king,1.5,2,Medium
major_17_star,minor_cups_ace,0.5,1,Hard
major_17_star,minor_cups_02,0.833,1,Hard
major_17_star,minor_cups_03,0.833,1,Hard
major_17_star,minor_cups_04,2.0,3,Easy
major_17_star,minor_cups_05,1.833,2,Medium
major_17_star,minor_cups_06,0.833,1,Hard
major_17_star,minor_cups_07,1.333,1,Hard
major_17_star,minor_cups_08,2.0,3,Easy
major_17_star,minor_cups_09,0.833,1,Hard
major_17_star,minor_cups_10,1.0,1,Hard
major_17_star,minor_cups_page,0.833,1,Hard
major_17_star,minor_cups_knight,1.5,2,Medium
major_17_star,minor_cups_queen,1.0,1,Hard
major_17_star,minor_cups_king,1.0,1,Hard
major_17_star,minor_swords_ace,1.5,2,Medium
major_17_star,minor_swords_02,2.0,3,Easy
major_17_star,minor_swords_03,2.0,3,Easy
major_17_star,minor_swords_04,1.333,1,Hard
major_17_star,minor_swords_05,2.333,3,Easy
major_17_star,minor_swords_06,1.333,1,Hard
major_17_star,minor_swords_07,2.0,3,Easy
major_17_star,minor_swords_08,2.5,3,Easy
major_17_star,minor_swords_09,2.5,3,Easy
major_17_star,minor_swords_10,2.167,3,Easy
major_17_star,minor_swords_page,1.5,2,Medium
major_17_star,minor_swords_knight,1.667,2,Medium
major_17_star,minor_swords_queen,1.167,1,Hard
major_17_star,minor_swords_king,1.333,1,Hard
major_17_star,minor_pentacles_ace,1.0,1,Hard
major_17_star,minor_pentacles_02,1.667,2,Medium
major_17_star,minor_pentacles_03,1.333,1,Hard
major_17_star,minor_pentacles_04,1.5,2,Medium
major_17_star,minor_pentacles_05,2.167,3,Easy
major_17_star,minor_pentacles_06,1.0,1,Hard
major_17_star,minor_pentacles_07,1.0,1,Hard
major_17_star,minor_pentacles_08,1.667,2,Medium
major_17_star,minor_pentacles_09,1.167,1,Hard
major_17_star,minor_pentacles_10,0.833,1,Hard
major_17_star,minor_pentacles_page,1.167,1,Hard
major_17_star,minor_pentacles_knight,1.5,2,Medium
major_17_star,minor_pentacles_queen,0.667,1,Hard
major_17_star,minor_pentacles_king,0.667,1,Hard
major_18_moon,major_00_fool,2.333,3,Easy
major_18_moon,major_01_magician,3.667,3,Easy
major_18_moon,major_02_high_priestess,1.167,1,Hard
major_18_moon,major_03_empress,3.5,3,Easy
major_18_moon,major_04_emperor,3.167,3,Easy
major_18_moon,major_05_hierophant,2.167,3,Easy
major_18_moon,major_06_lovers,2.333,3,Easy
major_18_moon,major_07_chariot,2.667,3,Easy
major_18_moon,major_08_strength,2.5,3,Easy
major_18_moon,major_09_hermit,1.5,2,Medium
major_18_moon,major_10_wheel_of_fortune,1.333,1,Hard
major_18_moon,major_11_justice,2.833,3,Easy
major_18_moon,major_12_hanged_man,0.667,1,Hard
major_18_moon,major_13_death,1.0,1,Hard
major_18_moon,major_14_temperance,2.167,3,Easy
major_18_moon,major_15_devil,1.833,2,Medium
major_18_moon,major_16_tower,2.333,3,Easy
major_18_moon,major_17_star,2.5,3,Easy
major_18_moon,major_19_sun,4.0,3,Easy
major_18_moon,major_20_judgment,1.667,2,Medium
major_18_moon,major_21_world,3.167,3,Easy
major_18_moon,minor_wands_ace,2.167,3,Easy
major_18_moon,minor_wands_02,2.667,3,Easy
major_18_moon,minor_wands_03,2.833,3,Easy
major_18_moon,minor_wands_04,3.5,3,Easy
major_18_moon,minor_wands_05,2.167,3,Easy
major_18_moon,minor_wands_06,3.667,3,Easy
major_18_moon,minor_wands_07,2.167,3,Easy
major_18_moon,minor_wands_08,2.333,3,Easy
major_18_moon,minor_wands_09,1.333,1,Hard
major_18_moon,minor_wands_10,2.167,3,Easy
major_18_moon,minor_wands_page,2.167,3,Easy
major_18_moon,minor_wands_knight,2.0,3,Easy
major_18_moon,minor_wands_queen,3.167,3,Easy
major_18_moon,minor_wands_king,3.667,3,Easy
major_18_moon,minor_cups_ace,2.667,3,Easy
major_18_moon,minor_cups_02,3.0,3,Easy
major_18_moon,minor_cups_03,3.333,3,Easy
major_18_moon,minor_cups_04,0.833,1,Hard
major_18_moon,minor_cups_05,1.333,1,Hard
major_18_moon,minor_cups_06,2.0,3,Easy
major_18_moon,minor_cups_07,1.167,1,Hard
major_18_moon,minor_cups_08,1.167,1,Hard
major_18_moon,minor_cups_09,2.667,3,Easy
major_18_moon,minor_cups_10,3.167,3,Easy
major_18_moon,minor_cups_page,2.333,3,Easy
major_18_moon,minor_cups_knight,2.0,3,Easy
major_18_moon,minor_cups_queen,2.167,3,Easy
major_18_moon,minor_cups_king,2.5,3,Easy
major_18_moon,minor_swords_ace,2.667,3,Easy
major_18_moon,minor_swords_02,1.167,1,Hard
major_18_moon,minor_swords_03,1.5,2,Medium
major_18_moon,minor_swords_04,1.5,2,Medium
major_18_moon,minor_swords_05,2.167,3,Easy
major_18_moon,minor_swords_06,2.167,3,Easy
major_18_moon,minor_swords_07,1.833,2,Medium
major_18_moon,minor_swords_08,0.333,1,Hard
major_18_moon,minor_swords_09,0.667,1,Hard
major_18_moon,minor_swords_10,0.667,1,Hard
major_18_moon,minor_swords_page,2.667,3,Easy
major_18_moon,minor_swords_knight,2.5,3,Easy
major_18_moon,minor_swords_queen,2.333,3,Easy
major_18_moon,minor_swords_king,2.833,3,Easy
major_18_moon,minor_pentacles_ace,2.5,3,Easy
major_18_moon,minor_pentacles_02,2.167,3,Easy
major_18_moon,minor_pentacles_03,3.5,3,Easy
major_18_moon,minor_pentacles_04,2.667,3,Easy
major_18_moon,minor_pentacles_05,1.667,2,Medium
major_18_moon,minor_pentacles_06,2.5,3,Easy
major_18_moon,minor_pentacles_07,1.833,2,Medium
major_18_moon,minor_pentacles_08,2.5,3,Easy
major_18_moon,minor_pentacles_09,2.333,3,Easy
major_18_moon,minor_pentacles_10,3.333,3,Easy
major_18_moon,minor_pentacles_page,2.0,3,Easy
major_18_moon,minor_pentacles_knight,2.333,3,Easy
major_18_moon,minor_pentacles_queen,2.833,3,Easy
major_18_moon,minor_pentacles_king,3.167,3,Easy
major_19_sun,major_00_fool,2.667,3,Easy
major_19_sun,major_01_magician,1.333,1,Hard
major_19_sun,major_02_high_priestess,3.167,3,Easy
major_19_sun,major_03_empress,0.833,1,Hard
major_19_sun,major_04_emperor,1.833,2,Medium
major_19_sun,major_05_hierophant,1.833,2,Medium
major_19_sun,major_06_lovers,2.0,3,Easy
major_19_sun,major_07_chariot,2.333,3,Easy
major_19_sun,major_08_strength,1.5,2,Medium
major_19_sun,major_09_hermit,2.833,3,Easy
major_19_sun,major_10_wheel_of_fortune,2.667,3,Easy
major_19_sun,major_11_justice,1.5,2,Medium
major_19_sun,major_12_hanged_man,4.0,3,Easy
major_19_sun,major_13_death,3.333,3,Easy
major_19_sun,major_14_temperance,1.833,2,Medium
major_19_sun,major_15_devil,2.5,3,Easy
major_19_sun,major_16_tower,3.667,3,Easy
major_19_sun,major_17_star,1.5,2,Medium
major_19_sun,major_18_moon,4.0,3,Easy
major_19_sun,major_20_judgment,2.333,3,Easy
major_19_sun,major_21_world,0.833,1,Hard
major_19_sun,minor_wands_ace,2.5,3,Easy
major_19_sun,minor_wands_02,1.667,2,Medium
major_19_sun,minor_wands_03,1.5,2,Medium
major_19_sun,minor_wands_04,0.5,1,Hard
major_19_sun,minor_wands_05,2.167,3,Easy
major_19_sun,minor_wands_06,0.667,1,Hard
major_19_sun,minor_wands_07,2.167,3,Easy
major_19_sun,minor_wands_08,2.0,3,Easy
major_19_sun,minor_wands_09,2.667,3,Easy
major_19_sun,minor_wands_10,2.167,3,Easy
major_19_sun,minor_wands_page,2.167,3,Easy
major_19_sun,minor_wands_knight,2.667,3,Easy
major_19_sun,minor_wands_queen,1.167,1,Hard
major_19_sun,minor_wands_king,0.667,1,Hard
major_19_sun,minor_cups_ace,1.333,1,Hard
major_19_sun,minor_cups_02,1.333,1,Hard
major_19_sun,minor_cups_03,1.0,1,Hard
major_19_sun,minor_cups_04,3.167,3,Easy
major_19_sun,minor_cups_05,3.333,3,Easy
major_19_sun,minor_cups_06,2.0,3,Easy
major_19_sun,minor_cups_07,2.833,3,Easy
major_19_sun,minor_cups_08,2.833,3,Easy
major_19_sun,minor_cups_09,1.333,1,Hard
major_19_sun,minor_cups_10,0.833,1,Hard
major_19_sun,minor_cups_page,1.667,2,Medium
major_19_sun,minor_cups_knight,2.0,3,Easy
major_19_sun,minor_cups_queen,2.167,3,Easy
major_19_sun,minor_cups_king,1.5,2,Medium
major_19_sun,minor_swords_ace,1.667,2,Medium
major_19_sun,minor_swords_02,2.833,3,Easy
major_19_sun,minor_swords_03,3.167,3,Easy
major_19_sun,minor_swords_04,2.5,3,Easy
major_19_sun,minor_swords_05,2.5,3,Easy
major_19_sun,minor_swords_06,1.833,2,Medium
major_19_sun,minor_swords_07,2.167,3,Easy
major_19_sun,minor_swords_08,4.0,3,Easy
major_19_sun,minor_swords_09,4.0,3,Easy
major_19_sun,minor_swords_10,3.667,3,Easy
major_19_sun,minor_swords_page,1.667,2,Medium
major_19_sun,minor_swords_knight,1.833,2,Medium
major_19_sun,minor_swords_queen,1.667,2,Medium
major_19_sun,minor_swords_king,1.5,2,Medium
major_19_sun,minor_pentacles_ace,1.5,2,Medium
major_19_sun,minor_pentacles_02,1.833,2,Medium
major_19_sun,minor_pentacles_03,0.833,1,Hard
major_19_sun,minor_pentacles_04,2.0,3,Easy
major_19_sun,minor_pentacles_05,3.333,3,Easy
major_19_sun,minor_pentacles_06,1.5,2,Medium
major_19_sun,minor_pentacles_07,2.167,3,Easy
major_19_sun,minor_pentacles_08,1.833,2,Medium
major_19_sun,minor_pentacles_09,1.667,2,Medium
major_19_sun,minor_pentacles_10,0.667,1,Hard
major_19_sun,minor_pentacles_page,2.0,3,Easy
major_19_sun,minor_pentacles_knight,2.0,3,Easy
major_19_sun,minor_pentacles_queen,1.167,1,Hard
major_19_sun,minor_pentacles_king,0.833,1,Hard
major_20_judgment,major_00_fool,1.333,1,Hard
major_20_judgment,major_01_magician,2.0,3,Easy
major_20_judgment,major_02_high_priestess,2.167,3,Easy
major_20_judgment,major_03_empress,1.833,2,Medium
major_20_judgment,major_04_emperor,1.5,2,Medium
major_20_judgment,major_05_hierophant,1.5,2,Medium
major_20_judgment,major_06_lovers,1.667,2,Medium
major_20_judgment,major_07_chariot,1.333,1,Hard
major_20_judgment,major_08_strength,0.833,1,Hard
major_20_judgment,major_09_hermit,2.167,3,Easy
major_20_judgment,major_10_wheel_of_fortune,1.0,1,Hard
major_20_judgment,major_11_justice,1.5,2,Medium
major_20_judgment,major_12_hanged_man,1.667,2,Medium
major_20_judgment,major_13_death,1.0,1,Hard
major_20_judgment,major_14_temperance,1.5,2,Medium
major_20_judgment,major_15_devil,1.5,2,Medium
major_20_judgment,major_16_tower,1.667,2,Medium
major_20_judgment,major_17_star,1.5,2,Medium
major_20_judgment,major_18_moon,1.667,2,Medium
major_20_judgment,major_19_sun,2.333,3,Easy
major_20_judgment,major_21_world,2.167,3,Easy
major_20_judgment,minor_wands_ace,1.167,1,Hard
major_20_judgment,minor_wands_02,1.0,1,Hard
major_20_judgment,minor_wands_03,1.167,1,Hard
major_20_judgment,minor_wands_04,1.833,2,Medium
major_20_judgment,minor_wands_05,0.833,1,Hard
major_20_judgment,minor_wands_06,2.0,3,Easy
major_20_judgment,minor_wands_07,0.833,1,Hard
major_20_judgment,minor_wands_08,0.667,1,Hard
major_20_judgment,minor_wands_09,1.0,1,Hard
major_20_judgment,minor_wands_10,0.833,1,Hard
major_20_judgment,minor_wands_page,0.833,1,Hard
major_20_judgment,minor_wands_knight,1.0,1,Hard
major_20_judgment,minor_wands_queen,1.5,2,Medium
major_20_judgment,minor_wands_king,2.0,3,Easy
major_20_judgment,minor_cups_ace,1.333,1,Hard
major_20_judgment,minor_cups_02,1.667,2,Medium
major_20_judgment,minor_cups_03,2.0,3,Easy
major_20_judgment,minor_cups_04,1.5,2,Medium
major_20_judgment,minor_cups_05,1.0,1,Hard
major_20_judgment,minor_cups_06,1.333,1,Hard
major_20_judgment,minor_cups_07,0.833,1,Hard
major_20_judgment,minor_cups_08,0.5,1,Hard
major_20_judgment,minor_cups_09,1.667,2,Medium
major_20_judgment,minor_cups_10,2.167,3,Easy
major_20_judgment,minor_cups_page,1.0,1,Hard
major_20_judgment,minor_cups_knight,1.0,1,Hard
major_20_judgment,minor_cups_queen,1.5,2,Medium
major_20_judgment,minor_cups_king,1.833,2,Medium
major_20_judgment,minor_swords_ace,1.0,1,Hard
major_20_judgment,minor_swords_02,1.5,2,Medium
major_20_judgment,minor_swords_03,0.833,1,Hard
major_20_judgment,minor_swords_04,1.5,2,Medium
major_20_judgment,minor_swords_05,1.167,1,Hard
major_20_judgment,minor_swords_06,0.5,1,Hard
major_20_judgment,minor_swords_07,0.5,1,Hard
major_20_judgment,minor_swords_08,1.667,2,Medium
major_20_judgment,minor_swords_09,1.667,2,Medium
major_20_judgment,minor_swords_10,1.333,1,Hard
major_20_judgment,minor_swords_page,1.0,1,Hard
major_20_judgment,minor_swords_knight,0.833,1,Hard
major_20_judgment,minor_swords_queen,1.0,1,Hard
major_20_judgment,minor_swords_king,1.167,1,Hard
major_20_judgment,minor_pentacles_ace,0.833,1,Hard
major_20_judgment,minor_pentacles_02,0.833,1,Hard
major_20_judgment,minor_pentacles_03,1.833,2,Medium
major_20_judgment,minor_pentacles_04,1.667,2,Medium
major_20_judgment,minor_pentacles_05,1.0,1,Hard
major_20_judgment,minor_pentacles_06,1.167,1,Hard
major_20_judgment,minor_pentacles_07,1.167,1,Hard
major_20_judgment,minor_pentacles_08,1.167,1,Hard
major_20_judgment,minor_pentacles_09,1.667,2,Medium
major_20_judgment,minor_pentacles_10,2.0,3,Easy
major_20_judgment,minor_pentacles_page,0.667,1,Hard
major_20_judgment,minor_pentacles_knight,1.333,1,Hard
major_20_judgment,minor_pentacles_queen,1.5,2,Medium
major_20_judgment,minor_pentacles_king,1.833,2,Medium
major_21_world,major_00_fool,2.5,3,Easy
major_21_world,major_01_magician,1.833,2,Medium
major_21_world,major_02_high_priestess,2.333,3,Easy
major_21_world,major_03_empress,1.333,1,Hard
major_21_world,major_04_emperor,2.0,3,Easy
major_21_world,major_05_hierophant,1.333,1,Hard
major_21_world,major_06_lovers,1.833,2,Medium
major_21_world,major_07_chariot,2.5,3,Easy
major_21_world,major_08_strength,1.667,2,Medium
major_21_world,major_09_hermit,2.0,3,Easy
major_21_world,major_10_wheel_of_fortune,1.833,2,Medium
major_21_world,major_11_justice,1.333,1,Hard
major_21_world,major_12_hanged_man,3.167,3,Easy
major_21_world,major_13_death,2.833,3,Easy
major_21_world,major_14_temperance,1.0,1,Hard
major_21_world,major_15_devil,2.0,3,Easy
major_21_world,major_16_tower,3.5,3,Easy
major_21_world,major_17_star,1.0,1,Hard
major_21_world,major_18_moon,3.167,3,Easy
major_21_world,major_19_sun,0.833,1,Hard
major_21_world,major_20_judgment,2.167,3,Easy
major_21_world,minor_wands_ace,2.333,3,Easy
major_21_world,minor_wands_02,1.5,2,Medium
major_21_world,minor_wands_03,1.333,1,Hard
major_21_world,minor_wands_04,1.0,1,Hard
major_21_world,minor_wands_05,2.333,3,Easy
major_21_world,minor_wands_06,1.167,1,Hard
major_21_world,minor_wands_07,2.0,3,Easy
major_21_world,minor_wands_08,1.833,2,Medium
major_21_world,minor_wands_09,1.833,2,Medium
major_21_world,minor_wands_10,2.0,3,Easy
major_21_world,minor_wands_page,2.0,3,Easy
major_21_world,minor_wands_knight,2.5,3,Easy
major_21_world,minor_wands_queen,1.333,1,Hard
major_21_world,minor_wands_king,1.5,2,Medium
major_21_world,minor_cups_ace,1.5,2,Medium
major_21_world,minor_cups_02,1.5,2,Medium
major_21_world,minor_cups_03,1.5,2,Medium
major_21_world,minor_cups_04,2.333,3,Easy
major_21_world,minor_cups_05,2.5,3,Easy
major_21_world,minor_cups_06,1.167,1,Hard
major_21_world,minor_cups_07,2.0,3,Easy
major_21_world,minor_cups_08,2.667,3,Easy
major_21_world,minor_cups_09,0.5,1,Hard
major_21_world,minor_cups_10,0.667,1,Hard
major_21_world,minor_cups_page,1.833,2,Medium
major_21_world,minor_cups_knight,2.5,3,Easy
major_21_world,minor_cups_queen,2.0,3,Easy
major_21_world,minor_cups_king,1.333,1,Hard
major_21_world,minor_swords_ace,1.5,2,Medium
major_21_world,minor_swords_02,2.0,3,Easy
major_21_world,minor_swords_03,2.667,3,Easy
major_21_world,minor_swords_04,1.667,2,Medium
major_21_world,minor_swords_05,2.333,3,Easy
major_21_world,minor_swords_06,1.667,2,Medium
major_21_world,minor_swords_07,2.0,3,Easy
major_21_world,minor_swords_08,3.167,3,Easy
major_21_world,minor_swords_09,3.167,3,Easy
major_21_world,minor_swords_10,2.833,3,Easy
major_21_world,minor_swords_page,1.5,2,Medium
major_21_world,minor_swords_knight,1.667,2,Medium
major_21_world,minor_swords_queen,1.167,1,Hard
major_21_world,minor_swords_king,1.333,1,Hard
major_21_world,minor_pentacles_ace,1.333,1,Hard
major_21_world,minor_pentacles_02,1.667,2,Medium
major_21_world,minor_pentacles_03,1.667,2,Medium
major_21_world,minor_pentacles_04,1.167,1,Hard
major_21_world,minor_pentacles_05,2.833,3,Easy
major_21_world,minor_pentacles_06,1.667,2,Medium
major_21_world,minor_pentacles_07,1.333,1,Hard
major_21_world,minor_pentacles_08,1.667,2,Medium
major_21_world,minor_pentacles_09,0.833,1,Hard
major_21_world,minor_pentacles_10,0.5,1,Hard
major_21_world,minor_pentacles_page,1.5,2,Medium
major_21_world,minor_pentacles_knight,1.5,2,Medium
major_21_world,minor_pentacles_queen,1.333,1,Hard
major_21_world,minor_pentacles_king,0.667,1,Hard
minor_wands_ace,major_00_fool,0.833,1,Hard
minor_wands_ace,major_01_magician,1.833,2,Medium
minor_wands_ace,major_02_high_priestess,2.667,3,Easy
minor_wands_ace,major_03_empress,2.0,3,Easy
minor_wands_ace,major_04_emperor,1.667,2,Medium
minor_wands_ace,major_05_hierophant,2.333,3,Easy
minor_wands_ace,major_06_lovers,2.167,3,Easy
minor_wands_ace,major_07_chariot,1.5,2,Medium
minor_wands_ace,major_08_strength,1.667,2,Medium
minor_wands_ace,major_09_hermit,3.0,3,Easy
minor_wands_ace,major_10_wheel_of_fortune,0.833,1,Hard
minor_wands_ace,major_11_justice,2.0,3,Easy
minor_wands_ace,major_12_hanged_man,2.5,3,Easy
minor_wands_ace,major_13_death,1.5,2,Medium
minor_wands_ace,major_14_temperance,2.0,3,Easy
minor_wands_ace,major_15_devil,2.333,3,Easy
minor_wands_ace,major_16_tower,1.167,1,Hard
minor_wands_ace,major_17_star,1.667,2,Medium
minor_wands_ace,major_18_moon,2.167,3,Easy
minor_wands_ace,major_19_sun,2.5,3,Easy
minor_wands_ace,major_20_judgment,1.167,1,Hard
minor_wands_ace,major_21_world,2.333,3,Easy
minor_wands_ace,minor_wands_02,1.167,1,Hard
minor_wands_ace,minor_wands_03,1.0,1,Hard
minor_wands_ace,minor_wands_04,2.0,3,Easy
minor_wands_ace,minor_wands_05,1.667,2,Medium
minor_wands_ace,minor_wands_06,2.167,3,Easy
minor_wands_ace,minor_wands_07,1.333,1,Hard
minor_wands_ace,minor_wands_08,0.833,1,Hard
minor_wands_ace,minor_wands_09,2.167,3,Easy
minor_wands_ace,minor_wands_10,1.667,2,Medium
minor_wands_ace,minor_wands_page,0.333,1,Hard
minor_wands_ace,minor_wands_knight,0.167,1,Hard
minor_wands_ace,minor_wands_queen,1.667,2,Medium
minor_wands_ace,minor_wands_king,2.167,3,Easy
minor_wands_ace,minor_cups_ace,1.833,2,Medium
minor_wands_ace,minor_cups_02,1.833,2,Medium
minor_wands_ace,minor_cups_03,2.167,3,Easy
minor_wands_ace,minor_cups_04,2.667,3,Easy
minor_wands_ace,minor_cups_05,2.167,3,Easy
minor_wands_ace,minor_cups_06,1.833,2,Medium
minor_wands_ace,minor_cups_07,1.667,2,Medium
minor_wands_ace,minor_cups_08,1.333,1,Hard
minor_wands_ace,minor_cups_09,2.167,3,Easy
minor_wands_ace,minor_cups_10,2.667,3,Easy
minor_wands_ace,minor_cups_page,1.5,2,Medium
minor_wands_ace,minor_cups_knight,0.833,1,Hard
minor_wands_ace,minor_cups_queen,2.0,3,Easy
minor_wands_ace,minor_cups_king,2.333,3,Easy
minor_wands_ace,minor_swords_ace,1.5,2,Medium
minor_wands_ace,minor_swords_02,2.667,3,Easy
minor_wands_ace,minor_swords_03,2.0,3,Easy
minor_wands_ace,minor_swords_04,2.333,3,Easy
minor_wands_ace,minor_swords_05,1.667,2,Medium
minor_wands_ace,minor_swords_06,1.333,1,Hard
minor_wands_ace,minor_swords_07,1.667,2,Medium
minor_wands_ace,minor_swords_08,2.5,3,Easy
minor_wands_ace,minor_swords_09,2.5,3,Easy
minor_wands_ace,minor_swords_10,1.833,2,Medium
minor_wands_ace,minor_swords_page,1.167,1,Hard
minor_wands_ace,minor_swords_knight,1.0,1,Hard
minor_wands_ace,minor_swords_queen,1.833,2,Medium
minor_wands_ace,minor_swords_king,1.667,2,Medium
minor_wands_ace,minor_pentacles_ace,1.0,1,Hard
minor_wands_ace,minor_pentacles_02,1.333,1,Hard
minor_wands_ace,minor_pentacles_03,1.667,2,Medium
minor_wands_ace,minor_pentacles_04,2.5,3,Easy
minor_wands_ace,minor_pentacles_05,1.833,2,Medium
minor_wands_ace,minor_pentacles_06,1.667,2,Medium
minor_wands_ace,minor_pentacles_07,2.0,3,Easy
minor_wands_ace,minor_pentacles_08,2.0,3,Easy
minor_wands_ace,minor_pentacles_09,2.5,3,Easy
minor_wands_ace,minor_pentacles_10,2.167,3,Easy
minor_wands_ace,minor_pentacles_page,1.5,2,Medium
minor_wands_ace,minor_pentacles_knight,2.167,3,Easy
minor_wands_ace,minor_pentacles_queen,1.667,2,Medium
minor_wands_ace,minor_pentacles_king,2.0,3,Easy
minor_wands_02,major_00_fool,1.667,2,Medium
minor_wands_02,major_01_magician,1.0,1,Hard
minor_wands_02,major_02_high_priestess,2.833,3,Easy
minor_wands_02,major_03_empress,1.833,2,Medium
minor_wands_02,major_04_emperor,0.5,1,Hard
minor_wands_02,major_05_hierophant,1.5,2,Medium
minor_wands_02,major_06_lovers,1.333,1,Hard
minor_wands_02,major_07_chariot,1.0,1,Hard
minor_wands_02,major_08_strength,0.833,1,Hard
minor_wands_02,major_09_hermit,2.167,3,Easy
minor_wands_02,major_10_wheel_of_fortune,1.333,1,Hard
minor_wands_02,major_11_justice,0.833,1,Hard
minor_wands_02,major_12_hanged_man,2.667,3,Easy
minor_wands_02,major_13_death,2.0,3,Easy
minor_wands_02,major_14_temperance,1.5,2,Medium
minor_wands_02,major_15_devil,1.833,2,Medium
minor_wands_02,major_16_tower,2.0,3,Easy
minor_wands_02,major_17_star,1.5,2,Medium
minor_wands_02,major_18_moon,2.667,3,Easy
minor_wands_02,major_19_sun,1.667,2,Medium
minor_wands_02,major_20_judgment,1.0,1,Hard
minor_wands_02,major_21_world,1.5,2,Medium
minor_wands_02,minor_wands_ace,1.167,1,Hard
minor_wands_02,minor_wands_03,0.167,1,Hard
minor_wands_02,minor_wands_04,1.167,1,Hard
minor_wands_02,minor_wands_05,1.167,1,Hard
minor_wands_02,minor_wands_06,1.333,1,Hard
minor_wands_02,minor_wands_07,0.5,1,Hard
minor_wands_02,minor_wands_08,0.667,1,Hard
minor_wands_02,minor_wands_09,1.333,1,Hard
minor_wands_02,minor_wands_10,0.833,1,Hard
minor_wands_02,minor_wands_page,0.833,1,Hard
minor_wands_02,minor_wands_knight,1.0,1,Hard
minor_wands_02,minor_wands_queen,0.833,1,Hard
minor_wands_02,minor_wands_king,1.333,1,Hard
minor_wands_02,minor_cups_ace,1.667,2,Medium
minor_wands_02,minor_cups_02,1.333,1,Hard
minor_wands_02,minor_cups_03,1.667,2,Medium
minor_wands_02,minor_cups_04,1.833,2,Medium
minor_wands_02,minor_cups_05,2.0,3,Easy
minor_wands_02,minor_cups_06,1.333,1,Hard
minor_wands_02,minor_cups_07,1.5,2,Medium
minor_wands_02,minor_cups_08,1.5,2,Medium
minor_wands_02,minor_cups_09,1.333,1,Hard
minor_wands_02,minor_cups_10,1.833,2,Medium
minor_wands_02,minor_cups_page,1.333,1,Hard
minor_wands_02,minor_cups_knight,1.333,1,Hard
minor_wands_02,minor_cups_queen,1.833,2,Medium
minor_wands_02,minor_cups_king,1.5,2,Medium
minor_wands_02,minor_swords_ace,0.667,1,Hard
minor_wands_02,minor_swords_02,1.5,2,Medium
minor_wands_02,minor_swords_03,1.833,2,Medium
minor_wands_02,minor_swords_04,1.833,2,Medium
minor_wands_02,minor_swords_05,1.167,1,Hard
minor_wands_02,minor_swords_06,0.5,1,Hard
minor_wands_02,minor_swords_07,0.833,1,Hard
minor_wands_02,minor_swords_08,2.667,3,Easy
minor_wands_02,minor_swords_09,2.667,3,Easy
minor_wands_02,minor_swords_10,2.333,3,Easy
minor_wands_02,minor_swords_page,0.333,1,Hard
minor_wands_02,minor_swords_knight,0.167,1,Hard
minor_wands_02,minor_swords_queen,0.667,1,Hard
minor_wands_02,minor_swords_king,0.5,1,Hard
minor_wands_02,minor_pentacles_ace,0.5,1,Hard
minor_wands_02,minor_pentacles_02,0.5,1,Hard
minor_wands_02,minor_pentacles_03,0.833,1,Hard
minor_wands_02,minor_pentacles_04,1.333,1,Hard
minor_wands_02,minor_pentacles_05,2.0,3,Easy
minor_wands_02,minor_pentacles_06,0.833,1,Hard
minor_wands_02,minor_pentacles_07,1.167,1,Hard
minor_wands_02,minor_pentacles_08,1.167,1,Hard
minor_wands_02,minor_pentacles_09,1.667,2,Medium
minor_wands_02,minor_pentacles_10,1.333,1,Hard
minor_wands_02,minor_pentacles_page,0.667,1,Hard
minor_wands_02,minor_pentacles_knight,1.0,1,Hard
minor_wands_02,minor_pentacles_queen,1.167,1,Hard
minor_wands_02,minor_pentacles_king,1.167,1,Hard
minor_wands_03,major_00_fool,1.5,2,Medium
minor_wands_03,major_01_magician,0.833,1,Hard
minor_wands_03,major_02_high_priestess,2.667,3,Easy
minor_wands_03,major_03_empress,1.667,2,Medium
minor_wands_03,major_04_emperor,0.667,1,Hard
minor_wands_03,major_05_hierophant,1.667,2,Medium
minor_wands_03,major_06_lovers,1.5,2,Medium
minor_wands_03,major_07_chariot,1.167,1,Hard
minor_wands_03,major_08_strength,1.0,1,Hard
minor_wands_03,major_09_hermit,2.0,3,Easy
minor_wands_03,major_10_wheel_of_fortune,1.5,2,Medium
minor_wands_03,major_11_justice,1.0,1,Hard
minor_wands_03,major_12_hanged_man,2.833,3,Easy
minor_wands_03,major_13_death,2.167,3,Easy
minor_wands_03,major_14_temperance,1.333,1,Hard
minor_wands_03,major_15_devil,2.0,3,Easy
minor_wands_03,major_16_tower,2.167,3,Easy
minor_wands_03,major_17_star,1.333,1,Hard
minor_wands_03,major_18_moon,2.833,3,Easy
minor_wands_03,major_19_sun,1.5,2,Medium
minor_wands_03,major_20_judgment,1.167,1,Hard
minor_wands_03,major_21_world,1.333,1,Hard
minor_wands_03,minor_wands_ace,1.0,1,Hard
minor_wands_03,minor_wands_02,0.167,1,Hard
minor_wands_03,minor_wands_04,1.0,1,Hard
minor_wands_03,minor_wands_05,1.333,1,Hard
minor_wands_03,minor_wands_06,1.167,1,Hard
minor_wands_03,minor_wands_07,0.667,1,Hard
minor_wands_03,minor_wands_08,0.5,1,Hard
minor_wands_03,minor_wands_09,1.5,2,Medium
minor_wands_03,minor_wands_10,1.0,1,Hard
minor_wands_03,minor_wands_page,0.667,1,Hard
minor_wands_03,minor_wands_knight,1.167,1,Hard
minor_wands_03,minor_wands_queen,0.667,1,Hard
minor_wands_03,minor_wands_king,1.167,1,Hard
minor_wands_03,minor_cups_ace,1.5,2,Medium
minor_wands_03,minor_cups_02,1.167,1,Hard
minor_wands_03,minor_cups_03,1.5,2,Medium
minor_wands_03,minor_cups_04,2.0,3,Easy
minor_wands_03,minor_cups_05,2.167,3,Easy
minor_wands_03,minor_cups_06,1.167,1,Hard
minor_wands_03,minor_cups_07,1.667,2,Medium
minor_wands_03,minor_cups_08,1.667,2,Medium
minor_wands_03,minor_cups_09,1.167,1,Hard
minor_wands_03,minor_cups_10,1.667,2,Medium
minor_wands_03,minor_cups_page,1.167,1,Hard
minor_wands_03,minor_cups_knight,1.5,2,Medium
minor_wands_03,minor_cups_queen,1.667,2,Medium
minor_wands_03,minor_cups_king,1.333,1,Hard
minor_wands_03,minor_swords_ace,0.5,1,Hard
minor_wands_03,minor_swords_02,1.667,2,Medium
minor_wands_03,minor_swords_03,2.0,3,Easy
minor_wands_03,minor_swords_04,1.667,2,Medium
minor_wands_03,minor_swords_05,1.333,1,Hard
minor_wands_03,minor_swords_06,0.667,1,Hard
minor_wands_03,minor_swords_07,1.0,1,Hard
minor_wands_03,minor_swords_08,2.833,3,Easy
minor_wands_03,minor_swords_09,2.833,3,Easy
minor_wands_03,minor_swords_10,2.5,3,Easy
minor_wands_03,minor_swords_page,0.167,1,Hard
minor_wands_03,minor_swords_knight,0.333,1,Hard
minor_wands_03,minor_swords_queen,0.833,1,Hard
minor_wands_03,minor_swords_king,0.667,1,Hard
minor_wands_03,minor_pentacles_ace,0.333,1,Hard
minor_wands_03,minor_pentacles_02,0.667,1,Hard
minor_wands_03,minor_pentacles_03,0.667,1,Hard
minor_wands_03,minor_pentacles_04,1.5,2,Medium
minor_wands_03,minor_pentacles_05,2.167,3,Easy
minor_wands_03,minor_pentacles_06,1.0,1,Hard
minor_wands_03,minor_pentacles_07,1.333,1,Hard
minor_wands_03,minor_pentacles_08,1.0,1,Hard
minor_wands_03,minor_pentacles_09,1.5,2,Medium
minor_wands_03,minor_pentacles_10,1.167,1,Hard
minor_wands_03,minor_pentacles_page,0.833,1,Hard
minor_wands_03,minor_pentacles_knight,1.167,1,Hard
minor_wands_03,minor_pentacles_queen,1.0,1,Hard
minor_wands_03,minor_pentacles_king,1.0,1,Hard
minor_wands_04,major_00_fool,2.167,3,Easy
minor_wands_04,major_01_magician,1.167,1,Hard
minor_wands_04,major_02_high_priestess,2.667,3,Easy
minor_wands_04,major_03_empress,0.667,1,Hard
minor_wands_04,major_04_emperor,1.667,2,Medium
minor_wands_04,major_05_hierophant,1.333,1,Hard
minor_wands_04,major_06_lovers,1.5,2,Medium
minor_wands_04,major_07_chariot,2.167,3,Easy
minor_wands_04,major_08_strength,1.0,1,Hard
minor_wands_04,major_09_hermit,2.333,3,Easy
minor_wands_04,major_10_wheel_of_fortune,2.167,3,Easy
minor_wands_04,major_11_justice,1.0,1,Hard
minor_wands_04,major_12_hanged_man,3.5,3,Easy
minor_wands_04,major_13_death,2.833,3,Easy
minor_wands_04,major_14_temperance,1.333,1,Hard
minor_wands_04,major_15_devil,2.0,3,Easy
minor_wands_04,major_16_tower,3.167,3,Easy
minor_wands_04,major_17_star,1.0,1,Hard
minor_wands_04,major_18_moon,3.5,3,Easy
minor_wands_04,major_19_sun,0.5,1,Hard
minor_wands_04,major_20_judgment,1.833,2,Medium
minor_wands_04,major_21_world,1.0,1,Hard
minor_wands_04,minor_wands_ace,2.0,3,Easy
minor_wands_04,minor_wands_02,1.167,1,Hard
minor_wands_04,minor_wands_03,1.0,1,Hard
minor_wands_04,minor_wands_05,1.667,2,Medium
minor_wands_04,minor_wands_06,0.5,1,Hard
minor_wands_04,minor_wands_07,1.667,2,Medium
minor_wands_04,minor_wands_08,1.5,2,Medium
minor_wands_04,minor_wands_09,2.167,3,Easy
minor_wands_04,minor_wands_10,1.667,2,Medium
minor_wands_04,minor_wands_page,1.667,2,Medium
minor_wands_04,minor_wands_knight,2.167,3,Easy
minor_wands_04,minor_wands_queen,0.667,1,Hard
minor_wands_04,minor_wands_king,0.5,1,Hard
minor_wands_04,minor_cups_ace,0.833,1,Hard
minor_wands_04,minor_cups_02,0.833,1,Hard
minor_wands_04,minor_cups_03,0.833,1,Hard
minor_wands_04,minor_cups_04,2.667,3,Easy
minor_wands_04,minor_cups_05,2.833,3,Easy
minor_wands_04,minor_cups_06,1.5,2,Medium
minor_wands_04,minor_cups_07,2.333,3,Easy
minor_wands_04,minor_cups_08,2.333,3,Easy
minor_wands_04,minor_cups_09,0.833,1,Hard
minor_wands_04,minor_cups_10,0.667,1,Hard
minor_wands_04,minor_cups_page,1.167,1,Hard
minor_wands_04,minor_cups_knight,1.5,2,Medium
minor_wands_04,minor_cups_queen,1.667,2,Medium
minor_wands_04,minor_cups_king,1.0,1,Hard
minor_wands_04,minor_swords_ace,1.167,1,Hard
minor_wands_04,minor_swords_02,2.333,3,Easy
minor_wands_04,minor_swords_03,2.667,3,Easy
minor_wands_04,minor_swords_04,2.0,3,Easy
minor_wands_04,minor_swords_05,2.0,3,Easy
minor_wands_04,minor_swords_06,1.333,1,Hard
minor_wands_04,minor_swords_07,1.667,2,Medium
minor_wands_04,minor_swords_08,3.5,3,Easy
minor_wands_04,minor_swords_09,3.5,3,Easy
minor_wands_04,minor_swords_10,3.167,3,Easy
minor_wands_04,minor_swords_page,1.167,1,Hard
minor_wands_04,minor_swords_knight,1.333,1,Hard
minor_wands_04,minor_swords_queen,1.167,1,Hard
minor_wands_04,minor_swords_king,1.0,1,Hard
minor_wands_04,minor_pentacles_ace,1.0,1,Hard
minor_wands_04,minor_pentacles_02,1.333,1,Hard
minor_wands_04,minor_pentacles_03,0.667,1,Hard
minor_wands_04,minor_pentacles_04,1.5,2,Medium
minor_wands_04,minor_pentacles_05,2.833,3,Easy
minor_wands_04,minor_pentacles_06,1.0,1,Hard
minor_wands_04,minor_pentacles_07,1.667,2,Medium
minor_wands_04,minor_pentacles_08,1.333,1,Hard
minor_wands_04,minor_pentacles_09,1.167,1,Hard
minor_wands_04,minor_pentacles_10,0.5,1,Hard
minor_wands_04,minor_pentacles_page,1.5,2,Medium
minor_wands_04,minor_pentacles_knight,1.5,2,Medium
minor_wands_04,minor_pentacles_queen,0.667,1,Hard
minor_wands_04,minor_pentacles_king,0.333,1,Hard
minor_wands_05,major_00_fool,2.167,3,Easy
minor_wands_05,major_01_magician,1.833,2,Medium
minor_wands_05,major_02_high_priestess,3.0,3,Easy
minor_wands_05,major_03_empress,2.0,3,Easy
minor_wands_05,major_04_emperor,1.667,2,Medium
minor_wands_05,major_05_hierophant,1.0,1,Hard
minor_wands_05,major_06_lovers,1.167,1,Hard
minor_wands_05,major_07_chariot,1.5,2,Medium
minor_wands_05,major_08_strength,0.667,1,Hard
minor_wands_05,major_09_hermit,2.667,3,Easy
minor_wands_05,major_10_wheel_of_fortune,1.5,2,Medium
minor_wands_05,major_11_justice,1.333,1,Hard
minor_wands_05,major_12_hanged_man,2.167,3,Easy
minor_wands_05,major_13_death,1.5,2,Medium
minor_wands_05,major_14_temperance,1.667,2,Medium
minor_wands_05,major_15_devil,1.0,1,Hard
minor_wands_05,major_16_tower,1.833,2,Medium
minor_wands_05,major_17_star,1.667,2,Medium
minor_wands_05,major_18_moon,2.167,3,Easy
minor_wands_05,major_19_sun,2.167,3,Easy
minor_wands_05,major_20_judgment,0.833,1,Hard
minor_wands_05,major_21_world,2.333,3,Easy
minor_wands_05,minor_wands_ace,1.667,2,Medium
minor_wands_05,minor_wands_02,1.167,1,Hard
minor_wands_05,minor_wands_03,1.333,1,Hard
minor_wands_05,minor_wands_04,1.667,2,Medium
minor_wands_05,minor_wands_06,1.833,2,Medium
minor_wands_05,minor_wands_07,1.0,1,Hard
minor_wands_05,minor_wands_08,1.167,1,Hard
minor_wands_05,minor_wands_09,1.167,1,Hard
minor_wands_05,minor_wands_10,0.333,1,Hard
minor_wands_05,minor_wands_page,1.333,1,Hard
minor_wands_05,minor_wands_knight,1.5,2,Medium
minor_wands_05,minor_wands_queen,1.333,1,Hard
minor_wands_05,minor_wands_king,1.833,2,Medium
minor_wands_05,minor_cups_ace,1.5,2,Medium
minor_wands_05,minor_cups_02,1.5,2,Medium
minor_wands_05,minor_cups_03,1.833,2,Medium
minor_wands_05,minor_cups_04,1.667,2,Medium
minor_wands_05,minor_cups_05,1.167,1,Hard
minor_wands_05,minor_cups_06,1.5,2,Medium
minor_wands_05,minor_cups_07,1.333,1,Hard
minor_wands_05,minor_cups_08,1.0,1,Hard
minor_wands_05,minor_cups_09,1.833,2,Medium
minor_wands_05,minor_cups_10,2.0,3,Easy
minor_wands_05,minor_cups_page,1.167,1,Hard
minor_wands_05,minor_cups_knight,1.167,1,Hard
minor_wands_05,minor_cups_queen,1.667,2,Medium
minor_wands_05,minor_cups_king,1.667,2,Medium
minor_wands_05,minor_swords_ace,1.167,1,Hard
minor_wands_05,minor_swords_02,2.0,3,Easy
minor_wands_05,minor_swords_03,1.0,1,Hard
minor_wands_05,minor_swords_04,2.0,3,Easy
minor_wands_05,minor_swords_05,1.0,1,Hard
minor_wands_05,minor_swords_06,0.667,1,Hard
minor_wands_05,minor_swords_07,1.0,1,Hard
minor_wands_05,minor_swords_08,1.833,2,Medium
minor_wands_05,minor_swords_09,1.833,2,Medium
minor_wands_05,minor_swords_10,1.5,2,Medium
minor_wands_05,minor_swords_page,1.167,1,Hard
minor_wands_05,minor_swords_knight,1.0,1,Hard
minor_wands_05,minor_swords_queen,1.167,1,Hard
minor_wands_05,minor_swords_king,1.333,1,Hard
minor_wands_05,minor_pentacles_ace,1.0,1,Hard
minor_wands_05,minor_pentacles_02,0.667,1,Hard
minor_wands_05,minor_pentacles_03,1.667,2,Medium
minor_wands_05,minor_pentacles_04,2.167,3,Easy
minor_wands_05,minor_pentacles_05,1.167,1,Hard
minor_wands_05,minor_pentacles_06,1.0,1,Hard
minor_wands_05,minor_pentacles_07,1.333,1,Hard
minor_wands_05,minor_pentacles_08,1.667,2,Medium
minor_wands_05,minor_pentacles_09,2.167,3,Easy
minor_wands_05,minor_pentacles_10,1.833,2,Medium
minor_wands_05,minor_pentacles_page,0.833,1,Hard
minor_wands_05,minor_pentacles_knight,1.167,1,Hard
minor_wands_05,minor_pentacles_queen,1.333,1,Hard
minor_wands_05,minor_pentacles_king,1.667,2,Medium
minor_wands_06,major_00_fool,2.333,3,Easy
minor_wands_06,major_01_magician,0.667,1,Hard
minor_wands_06,major_02_high_priestess,2.833,3,Easy
minor_wands_06,major_03_empress,1.167,1,Hard
minor_wands_06,major_04_emperor,1.167,1,Hard
minor_wands_06,major_05_hierophant,1.5,2,Medium
minor_wands_06,major_06_lovers,2.0,3,Easy
minor_wands_06,major_07_chariot,1.667,2,Medium
minor_wands_06,major_08_strength,1.167,1,Hard
minor_wands_06,major_09_hermit,2.5,3,Easy
minor_wands_06,major_10_wheel_of_fortune,2.333,3,Easy
minor_wands_06,major_11_justice,0.833,1,Hard
minor_wands_06,major_12_hanged_man,3.667,3,Easy
minor_wands_06,major_13_death,3.0,3,Easy
minor_wands_06,major_14_temperance,1.5,2,Medium
minor_wands_06,major_15_devil,2.167,3,Easy
minor_wands_06,major_16_tower,3.333,3,Easy
minor_wands_06,major_17_star,1.167,1,Hard
minor_wands_06,major_18_moon,3.667,3,Easy
minor_wands_06,major_19_sun,0.667,1,Hard
minor_wands_06,major_20_judgment,2.0,3,Easy
minor_wands_06,major_21_world,1.167,1,Hard
minor_wands_06,minor_wands_ace,2.167,3,Easy
minor_wands_06,minor_wands_02,1.333,1,Hard
minor_wands_06,minor_wands_03,1.167,1,Hard
minor_wands_06,minor_wands_04,0.5,1,Hard
minor_wands_06,minor_wands_05,1.833,2,Medium
minor_wands_06,minor_wands_07,1.833,2,Medium
minor_wands_06,minor_wands_08,1.667,2,Medium
minor_wands_06,minor_wands_09,2.333,3,Easy
minor_wands_06,minor_wands_10,1.833,2,Medium
minor_wands_06,minor_wands_page,1.833,2,Medium
minor_wands_06,minor_wands_knight,2.333,3,Easy
minor_wands_06,minor_wands_queen,0.5,1,Hard
minor_wands_06,minor_wands_king,0.333,1,Hard
minor_wands_06,minor_cups_ace,1.333,1,Hard
minor_wands_06,minor_cups_02,1.333,1,Hard
minor_wands_06,minor_cups_03,1.0,1,Hard
minor_wands_06,minor_cups_04,2.833,3,Easy
minor_wands_06,minor_cups_05,3.0,3,Easy
minor_wands_06,minor_cups_06,1.667,2,Medium
minor_wands_06,minor_cups_07,2.5,3,Easy
minor_wands_06,minor_cups_08,2.5,3,Easy
minor_wands_06,minor_cups_09,1.0,1,Hard
minor_wands_06,minor_cups_10,1.167,1,Hard
minor_wands_06,minor_cups_page,1.667,2,Medium
minor_wands_06,minor_cups_knight,2.0,3,Easy
minor_wands_06,minor_cups_queen,2.167,3,Easy
minor_wands_06,minor_cups_king,1.5,2,Medium
minor_wands_06,minor_swords_ace,1.0,1,Hard
minor_wands_06,minor_swords_02,2.5,3,Easy
minor_wands_06,minor_swords_03,2.833,3,Easy
minor_wands_06,minor_swords_04,2.167,3,Easy
minor_wands_06,minor_swords_05,2.167,3,Easy
minor_wands_06,minor_swords_06,1.5,2,Medium
minor_wands_06,minor_swords_07,1.833,2,Medium
minor_wands_06,minor_swords_08,3.667,3,Easy
minor_wands_06,minor_swords_09,3.667,3,Easy
minor_wands_06,minor_swords_10,3.333,3,Easy
minor_wands_06,minor_swords_page,1.333,1,Hard
minor_wands_06,minor_swords_knight,1.5,2,Medium
minor_wands_06,minor_swords_queen,1.333,1,Hard
minor_wands_06,minor_swords_king,0.833,1,Hard
minor_wands_06,minor_pentacles_ace,1.167,1,Hard
minor_wands_06,minor_pentacles_02,1.5,2,Medium
minor_wands_06,minor_pentacles_03,0.833,1,Hard
minor_wands_06,minor_pentacles_04,1.333,1,Hard
minor_wands_06,minor_pentacles_05,3.0,3,Easy
minor_wands_06,minor_pentacles_06,1.5,2,Medium
minor_wands_06,minor_pentacles_07,1.833,2,Medium
minor_wands_06,minor_pentacles_08,1.167,1,Hard
minor_wands_06,minor_pentacles_09,1.333,1,Hard
minor_wands_06,minor_pentacles_10,0.667,1,Hard
minor_wands_06,minor_pentacles_page,1.667,2,Medium
minor_wands_06,minor_pentacles_knight,1.333,1,Hard
minor_wands_06,minor_pentacles_queen,1.167,1,Hard
minor_wands_06,minor_pentacles_king,0.5,1,Hard
minor_wands_07,major_00_fool,1.5,2,Medium
minor_wands_07,major_01_magician,1.5,2,Medium
minor_wands_07,major_02_high_priestess,3.0,3,Easy
minor_wands_07,major_03_empress,2.333,3,Easy
minor_wands_07,major_04_emperor,1.0,1,Hard
minor_wands_07,major_05_hierophant,1.667,2,Medium
minor_wands_07,major_06_lovers,1.167,1,Hard
minor_wands_07,major_07_chariot,0.5,1,Hard
minor_wands_07,major_08_strength,1.333,1,Hard
minor_wands_07,major_09_hermit,2.333,3,Easy
minor_wands_07,major_10_wheel_of_fortune,1.5,2,Medium
minor_wands_07,major_11_justice,1.333,1,Hard
minor_wands_07,major_12_hanged_man,2.167,3,Easy
minor_wands_07,major_13_death,1.5,2,Medium
minor_wands_07,major_14_temperance,2.0,3,Easy
minor_wands_07,major_15_devil,2.0,3,Easy
minor_wands_07,major_16_tower,1.5,2,Medium
minor_wands_07,major_17_star,2.0,3,Easy
minor_wands_07,major_18_moon,2.167,3,Easy
minor_wands_07,major_19_sun,2.167,3,Easy
minor_wands_07,major_20_judgment,0.833,1,Hard
minor_wands_07,major_21_world,2.0,3,Easy
minor_wands_07,minor_wands_ace,1.333,1,Hard
minor_wands_07,minor_wands_02,0.5,1,Hard
minor_wands_07,minor_wands_03,0.667,1,Hard
minor_wands_07,minor_wands_04,1.667,2,Medium
minor_wands_07,minor_wands_05,1.0,1,Hard
minor_wands_07,minor_wands_06,1.833,2,Medium
minor_wands_07,minor_wands_08,1.167,1,Hard
minor_wands_07,minor_wands_09,1.167,1,Hard
minor_wands_07,minor_wands_10,0.667,1,Hard
minor_wands_07,minor_wands_page,1.0,1,Hard
minor_wands_07,minor_wands_knight,1.167,1,Hard
minor_wands_07,minor_wands_queen,1.333,1,Hard
minor_wands_07,minor_wands_king,1.833,2,Medium
minor_wands_07,minor_cups_ace,2.167,3,Easy
minor_wands_07,minor_cups_02,1.833,2,Medium
minor_wands_07,minor_cups_03,2.167,3,Easy
minor_wands_07,minor_cups_04,1.667,2,Medium
minor_wands_07,minor_cups_05,1.5,2,Medium
minor_wands_07,minor_cups_06,1.833,2,Medium
minor_wands_07,minor_cups_07,1.667,2,Medium
minor_wands_07,minor_cups_08,1.0,1,Hard
minor_wands_07,minor_cups_09,1.833,2,Medium
minor_wands_07,minor_cups_10,2.333,3,Easy
minor_wands_07,minor_cups_page,1.833,2,Medium
minor_wands_07,minor_cups_knight,1.5,2,Medium
minor_wands_07,minor_cups_queen,2.333,3,Easy
minor_wands_07,minor_cups_king,2.0,3,Easy
minor_wands_07,minor_swords_ace,1.167,1,Hard
minor_wands_07,minor_swords_02,1.667,2,Medium
minor_wands_07,minor_swords_03,1.333,1,Hard
minor_wands_07,minor_swords_04,2.0,3,Easy
minor_wands_07,minor_swords_05,0.667,1,Hard
minor_wands_07,minor_swords_06,1.0,1,Hard
minor_wands_07,minor_swords_07,0.667,1,Hard
minor_wands_07,minor_swords_08,2.167,3,Easy
minor_wands_07,minor_swords_09,2.167,3,Easy
minor_wands_07,minor_swords_10,1.833,2,Medium
minor_wands_07,minor_swords_page,0.833,1,Hard
minor_wands_07,minor_swords_knight,0.333,1,Hard
minor_wands_07,minor_swords_queen,1.167,1,Hard
minor_wands_07,minor_swords_king,1.0,1,Hard
minor_wands_07,minor_pentacles_ace,1.0,1,Hard
minor_wands_07,minor_pentacles_02,0.333,1,Hard
minor_wands_07,minor_pentacles_03,1.333,1,Hard
minor_wands_07,minor_pentacles_04,1.5,2,Medium
minor_wands_07,minor_pentacles_05,1.5,2,Medium
minor_wands_07,minor_pentacles_06,1.333,1,Hard
minor_wands_07,minor_pentacles_07,1.667,2,Medium
minor_wands_07,minor_pentacles_08,1.333,1,Hard
minor_wands_07,minor_pentacles_09,1.833,2,Medium
minor_wands_07,minor_pentacles_10,1.833,2,Medium
minor_wands_07,minor_pentacles_page,1.167,1,Hard
minor_wands_07,minor_pentacles_knight,1.167,1,Hard
minor_wands_07,minor_pentacles_queen,1.667,2,Medium
minor_wands_07,minor_pentacles_king,1.667,2,Medium
minor_wands_08,major_00_fool,1.333,1,Hard
minor_wands_08,major_01_magician,1.333,1,Hard
minor_wands_08,major_02_high_priestess,2.167,3,Easy
minor_wands_08,major_03_empress,1.5,2,Medium
minor_wands_08,major_04_emperor,1.167,1,Hard
minor_wands_08,major_05_hierophant,1.5,2,Medium
minor_wands_08,major_06_lovers,2.0,3,Easy
minor_wands_08,major_07_chariot,1.667,2,Medium
minor_wands_08,major_08_strength,0.833,1,Hard
minor_wands_08,major_09_hermit,2.167,3,Easy
minor_wands_08,major_10_wheel_of_fortune,1.333,1,Hard
minor_wands_08,major_11_justice,1.5,2,Medium
minor_wands_08,major_12_hanged_man,2.333,3,Easy
minor_wands_08,major_13_death,1.667,2,Medium
minor_wands_08,major_14_temperance,1.167,1,Hard
minor_wands_08,major_15_devil,1.5,2,Medium
minor_wands_08,major_16_tower,2.0,3,Easy
minor_wands_08,major_17_star,1.167,1,Hard
minor_wands_08,major_18_moon,2.333,3,Easy
minor_wands_08,major_19_sun,2.0,3,Easy
minor_wands_08,major_20_judgment,0.667,1,Hard
minor_wands_08,major_21_world,1.833,2,Medium
minor_wands_08,minor_wands_ace,0.833,1,Hard
minor_wands_08,minor_wands_02,0.667,1,Hard
minor_wands_08,minor_wands_03,0.5,1,Hard
minor_wands_08,minor_wands_04,1.5,2,Medium
minor_wands_08,minor_wands_05,1.167,1,Hard
minor_wands_08,minor_wands_06,1.667,2,Medium
minor_wands_08,minor_wands_07,1.167,1,Hard
minor_wands_08,minor_wands_09,1.333,1,Hard
minor_wands_08,minor_wands_10,1.167,1,Hard
minor_wands_08,minor_wands_page,0.5,1,Hard
minor_wands_08,minor_wands_knight,1.0,1,Hard
minor_wands_08,minor_wands_queen,1.167,1,Hard
minor_wands_08,minor_wands_king,1.667,2,Medium
minor_wands_08,minor_cups_ace,1.0,1,Hard
minor_wands_08,minor_cups_02,1.333,1,Hard
minor_wands_08,minor_cups_03,1.667,2,Medium
minor_wands_08,minor_cups_04,1.833,2,Medium
minor_wands_08,minor_cups_05,1.667,2,Medium
minor_wands_08,minor_cups_06,1.0,1,Hard
minor_wands_08,minor_cups_07,1.167,1,Hard
minor_wands_08,minor_cups_08,1.167,1,Hard
minor_wands_08,minor_cups_09,1.333,1,Hard
minor_wands_08,minor_cups_10,1.833,2,Medium
minor_wands_08,minor_cups_page,0.667,1,Hard
minor_wands_08,minor_cups_knight,1.333,1,Hard
minor_wands_08,minor_cups_queen,1.167,1,Hard
minor_wands_08,minor_cups_king,1.5,2,Medium
minor_wands_08,minor_swords_ace,0.667,1,Hard
minor_wands_08,minor_swords_02,1.833,2,Medium
minor_wands_08,minor_swords_03,1.5,2,Medium
minor_wands_08,minor_swords_04,1.5,2,Medium
minor_wands_08,minor_swords_05,1.833,2,Medium
minor_wands_08,minor_swords_06,0.5,1,Hard
minor_wands_08,minor_swords_07,1.167,1,Hard
minor_wands_08,minor_swords_08,2.333,3,Easy
minor_wands_08,minor_swords_09,2.333,3,Easy
minor_wands_08,minor_swords_10,2.0,3,Easy
minor_wands_08,minor_swords_page,0.333,1,Hard
minor_wands_08,minor_swords_knight,0.833,1,Hard
minor_wands_08,minor_swords_queen,1.0,1,Hard
minor_wands_08,minor_swords_king,1.167,1,Hard
minor_wands_08,minor_pentacles_ace,0.5,1,Hard
minor_wands_08,minor_pentacles_02,1.167,1,Hard
minor_wands_08,minor_pentacles_03,1.167,1,Hard
minor_wands_08,minor_pentacles_04,2.0,3,Easy
minor_wands_08,minor_pentacles_05,1.667,2,Medium
minor_wands_08,minor_pentacles_06,1.167,1,Hard
minor_wands_08,minor_pentacles_07,1.167,1,Hard
minor_wands_08,minor_pentacles_08,1.167,1,Hard
minor_wands_08,minor_pentacles_09,1.667,2,Medium
minor_wands_08,minor_pentacles_10,1.667,2,Medium
minor_wands_08,minor_pentacles_page,0.667,1,Hard
minor_wands_08,minor_pentacles_knight,1.333,1,Hard
minor_wands_08,minor_pentacles_queen,1.167,1,Hard
minor_wands_08,minor_pentacles_king,1.5,2,Medium
minor_wands_09,major_00_fool,2.333,3,Easy
minor_wands_09,major_01_magician,2.333,3,Easy
minor_wands_09,major_02_high_priestess,1.833,2,Medium
minor_wands_09,major_03_empress,2.5,3,Easy
minor_wands_09,major_04_emperor,1.833,2,Medium
minor_wands_09,major_05_hierophant,0.833,1,Hard
minor_wands_09,major_06_lovers,1.333,1,Hard
minor_wands_09,major_07_chariot,1.667,2,Medium
minor_wands_09,major_08_strength,1.167,1,Hard
minor_wands_09,major_09_hermit,1.5,2,Medium
minor_wands_09,major_10_wheel_of_fortune,1.333,1,Hard
minor_wands_09,major_11_justice,1.5,2,Medium
minor_wands_09,major_12_hanged_man,1.333,1,Hard
minor_wands_09,major_13_death,1.0,1,Hard
minor_wands_09,major_14_temperance,0.833,1,Hard
minor_wands_09,major_15_devil,0.833,1,Hard
minor_wands_09,major_16_tower,2.333,3,Easy
minor_wands_09,major_17_star,1.5,2,Medium
minor_wands_09,major_18_moon,1.333,1,Hard
minor_wands_09,major_19_sun,2.667,3,Easy
minor_wands_09,major_20_judgment,1.0,1,Hard
minor_wands_09,major_21_world,1.833,2,Medium
minor_wands_09,minor_wands_ace,2.167,3,Easy
minor_wands_09,minor_wands_02,1.333,1,Hard
minor_wands_09,minor_wands_03,1.5,2,Medium
minor_wands_09,minor_wands_04,2.167,3,Easy
minor_wands_09,minor_wands_05,1.167,1,Hard
minor_wands_09,minor_wands_06,2.333,3,Easy
minor_wands_09,minor_wands_07,1.167,1,Hard
minor_wands_09,minor_wands_08,1.333,1,Hard
minor_wands_09,minor_wands_10,1.167,1,Hard
minor_wands_09,minor_wands_page,1.833,2,Medium
minor_wands_09,minor_wands_knight,2.0,3,Easy
minor_wands_09,minor_wands_queen,1.833,2,Medium
minor_wands_09,minor_wands_king,2.333,3,Easy
minor_wands_09,minor_cups_ace,1.667,2,Medium
minor_wands_09,minor_cups_02,1.667,2,Medium
minor_wands_09,minor_cups_03,2.0,3,Easy
minor_wands_09,minor_cups_04,0.5,1,Hard
minor_wands_09,minor_cups_05,0.667,1,Hard
minor_wands_09,minor_cups_06,0.667,1,Hard
minor_wands_09,minor_cups_07,0.833,1,Hard
minor_wands_09,minor_cups_08,0.833,1,Hard
minor_wands_09,minor_cups_09,1.333,1,Hard
minor_wands_09,minor_cups_10,1.833,2,Medium
minor_wands_09,minor_cups_page,1.333,1,Hard
minor_wands_09,minor_cups_knight,2.0,3,Easy
minor_wands_09,minor_cups_queen,1.167,1,Hard
minor_wands_09,minor_cups_king,1.167,1,Hard
minor_wands_09,minor_swords_ace,1.333,1,Hard
minor_wands_09,minor_swords_02,0.833,1,Hard
minor_wands_09,minor_swords_03,0.833,1,Hard
minor_wands_09,minor_swords_04,0.833,1,Hard
minor_wands_09,minor_swords_05,1.5,2,Medium
minor_wands_09,minor_swords_06,0.833,1,Hard
minor_wands_09,minor_swords_07,0.833,1,Hard
minor_wands_09,minor_swords_08,1.333,1,Hard
minor_wands_09,minor_swords_09,1.333,1,Hard
minor_wands_09,minor_swords_10,1.0,1,Hard
minor_wands_09,minor_swords_page,1.333,1,Hard
minor_wands_09,minor_swords_knight,1.5,2,Medium
minor_wands_09,minor_swords_queen,1.0,1,Hard
minor_wands_09,minor_swords_king,1.5,2,Medium
minor_wands_09,minor_pentacles_ace,1.167,1,Hard
minor_wands_09,minor_pentacles_02,1.167,1,Hard
minor_wands_09,minor_pentacles_03,2.167,3,Easy
minor_wands_09,minor_pentacles_04,1.333,1,Hard
minor_wands_09,minor_pentacles_05,1.333,1,Hard
minor_wands_09,minor_pentacles_06,1.167,1,Hard
minor_wands_09,minor_pentacles_07,0.833,1,Hard
minor_wands_09,minor_pentacles_08,1.167,1,Hard
minor_wands_09,minor_pentacles_09,1.333,1,Hard
minor_wands_09,minor_pentacles_10,2.0,3,Easy
minor_wands_09,minor_pentacles_page,0.667,1,Hard
minor_wands_09,minor_pentacles_knight,1.0,1,Hard
minor_wands_09,minor_pentacles_queen,1.5,2,Medium
minor_wands_09,minor_pentacles_king,1.833,2,Medium
minor_wands_10,major_00_fool,2.167,3,Easy
minor_wands_10,major_01_magician,1.833,2,Medium
minor_wands_10,major_02_high_priestess,3.0,3,Easy
minor_wands_10,major_03_empress,2.333,3,Easy
minor_wands_10,major_04_emperor,1.333,1,Hard
minor_wands_10,major_05_hierophant,1.333,1,Hard
minor_wands_10,major_06_lovers,1.167,1,Hard
minor_wands_10,major_07_chariot,1.167,1,Hard
minor_wands_10,major_08_strength,1.0,1,Hard
minor_wands_10,major_09_hermit,2.333,3,Easy
minor_wands_10,major_10_wheel_of_fortune,1.5,2,Medium
minor_wands_10,major_11_justice,1.333,1,Hard
minor_wands_10,major_12_hanged_man,2.167,3,Easy
minor_wands_10,major_13_death,1.5,2,Medium
minor_wands_10,major_14_temperance,1.667,2,Medium
minor_wands_10,major_15_devil,1.333,1,Hard
minor_wands_10,major_16_tower,1.833,2,Medium
minor_wands_10,major_17_star,2.0,3,Easy
minor_wands_10,major_18_moon,2.167,3,Easy
minor_wands_10,major_19_sun,2.167,3,Easy
minor_wands_10,major_20_judgment,0.833,1,Hard
minor_wands_10,major_21_world,2.0,3,Easy
minor_wands_10,minor_wands_ace,1.667,2,Medium
minor_wands_10,minor_wands_02,0.833,1,Hard
minor_wands_10,minor_wands_03,1.0,1,Hard
minor_wands_10,minor_wands_04,1.667,2,Medium
minor_wands_10,minor_wands_05,0.333,1,Hard
minor_wands_10,minor_wands_06,1.833,2,Medium
minor_wands_10,minor_wands_07,0.667,1,Hard
minor_wands_10,minor_wands_08,1.167,1,Hard
minor_wands_10,minor_wands_09,1.167,1,Hard
minor_wands_10,minor_wands_page,1.333,1,Hard
minor_wands_10,minor_wands_knight,1.5,2,Medium
minor_wands_10,minor_wands_queen,1.333,1,Hard
minor_wands_10,minor_wands_king,1.833,2,Medium
minor_wands_10,minor_cups_ace,1.833,2,Medium
minor_wands_10,minor_cups_02,1.833,2,Medium
minor_wands_10,minor_cups_03,2.167,3,Easy
minor_wands_10,minor_cups_04,1.667,2,Medium
minor_wands_10,minor_cups_05,1.167,1,Hard
minor_wands_10,minor_cups_06,1.5,2,Medium
minor_wands_10,minor_cups_07,1.333,1,Hard
minor_wands_10,minor_cups_08,1.0,1,Hard
minor_wands_10,minor_cups_09,1.5,2,Medium
minor_wands_10,minor_cups_10,2.0,3,Easy
minor_wands_10,minor_cups_page,1.5,2,Medium
minor_wands_10,minor_cups_knight,1.5,2,Medium
minor_wands_10,minor_cups_queen,2.0,3,Easy
minor_wands_10,minor_cups_king,1.667,2,Medium
minor_wands_10,minor_swords_ace,0.833,1,Hard
minor_wands_10,minor_swords_02,1.667,2,Medium
minor_wands_10,minor_swords_03,1.0,1,Hard
minor_wands_10,minor_swords_04,2.0,3,Easy
minor_wands_10,minor_swords_05,0.667,1,Hard
minor_wands_10,minor_swords_06,0.667,1,Hard
minor_wands_10,minor_swords_07,0.667,1,Hard
minor_wands_10,minor_swords_08,1.833,2,Medium
minor_wands_10,minor_swords_09,1.833,2,Medium
minor_wands_10,minor_swords_10,1.5,2,Medium
minor_wands_10,minor_swords_page,0.833,1,Hard
minor_wands_10,minor_swords_knight,0.667,1,Hard
minor_wands_10,minor_swords_queen,0.833,1,Hard
minor_wands_10,minor_swords_king,1.0,1,Hard
minor_wands_10,minor_pentacles_ace,1.0,1,Hard
minor_wands_10,minor_pentacles_02,0.333,1,Hard
minor_wands_10,minor_pentacles_03,1.667,2,Medium
minor_wands_10,minor_pentacles_04,1.833,2,Medium
minor_wands_10,minor_pentacles_05,1.167,1,Hard
minor_wands_10,minor_pentacles_06,1.333,1,Hard
minor_wands_10,minor_pentacles_07,1.333,1,Hard
minor_wands_10,minor_pentacles_08,1.333,1,Hard
minor_wands_10,minor_pentacles_09,1.833,2,Medium
minor_wands_10,minor_pentacles_10,1.833,2,Medium
minor_wands_10,minor_pentacles_page,0.833,1,Hard
minor_wands_10,minor_pentacles_knight,0.833,1,Hard
minor_wands_10,minor_pentacles_queen,1.667,2,Medium
minor_wands_10,minor_pentacles_king,1.667,2,Medium
minor_wands_page,major_00_fool,0.833,1,Hard
minor_wands_page,major_01_magician,1.5,2,Medium
minor_wands_page,major_02_high_priestess,2.333,3,Easy
minor_wands_page,major_03_empress,1.667,2,Medium
minor_wands_page,major_04_emperor,1.333,1,Hard
minor_wands_page,major_05_hierophant,2.0,3,Easy
minor_wands_page,major_06_lovers,1.833,2,Medium
minor_wands_page,major_07_chariot,1.5,2,Medium
minor_wands_page,major_08_strength,1.333,1,Hard
minor_wands_page,major_09_hermit,2.667,3,Easy
minor_wands_page,major_10_wheel_of_fortune,0.833,1,Hard
minor_wands_page,major_11_justice,1.667,2,Medium
minor_wands_page,major_12_hanged_man,2.167,3,Easy
minor_wands_page,major_13_death,1.5,2,Medium
minor_wands_page,major_14_temperance,1.667,2,Medium
minor_wands_page,major_15_devil,2.0,3,Easy
minor_wands_page,major_16_tower,1.5,2,Medium
minor_wands_page,major_17_star,1.333,1,Hard
minor_wands_page,major_18_moon,2.167,3,Easy
minor_wands_page,major_19_sun,2.167,3,Easy
minor_wands_page,major_20_judgment,0.833,1,Hard
minor_wands_page,major_21_world,2.0,3,Easy
minor_wands_page,minor_wands_ace,0.333,1,Hard
minor_wands_page,minor_wands_02,0.833,1,Hard
minor_wands_page,minor_wands_03,0.667,1,Hard
minor_wands_page,minor_wands_04,1.667,2,Medium
minor_wands_page,minor_wands_05,1.333,1,Hard
minor_wands_page,minor_wands_06,1.833,2,Medium
minor_wands_page,minor_wands_07,1.0,1,Hard
minor_wands_page,minor_wands_08,0.5,1,Hard
minor_wands_page,minor_wands_09,1.833,2,Medium
minor_wands_page,minor_wands_10,1.333,1,Hard
minor_wands_page,minor_wands_knight,0.5,1,Hard
minor_wands_page,minor_wands_queen,1.333,1,Hard
minor_wands_page,minor_wands_king,1.833,2,Medium
minor_wands_page,minor_cups_ace,1.5,2,Medium
minor_wands_page,minor_cups_02,1.5,2,Medium
minor_wands_page,minor_cups_03,1.833,2,Medium
minor_wands_page,minor_cups_04,2.333,3,Easy
minor_wands_page,minor_cups_05,1.833,2,Medium
minor_wands_page,minor_cups_06,1.5,2,Medium
minor_wands_page,minor_cups_07,1.333,1,Hard
minor_wands_page,minor_cups_08,1.333,1,Hard
minor_wands_page,minor_cups_09,1.833,2,Medium
minor_wands_page,minor_cups_10,2.333,3,Easy
minor_wands_page,minor_cups_page,1.167,1,Hard
minor_wands_page,minor_cups_knight,0.833,1,Hard
minor_wands_page,minor_cups_queen,1.667,2,Medium
minor_wands_page,minor_cups_king,2.0,3,Easy
minor_wands_page,minor_swords_ace,1.167,1,Hard
minor_wands_page,minor_swords_02,2.333,3,Easy
minor_wands_page,minor_swords_03,1.667,2,Medium
minor_wands_page,minor_swords_04,2.0,3,Easy
minor_wands_page,minor_swords_05,1.667,2,Medium
minor_wands_page,minor_swords_06,1.0,1,Hard
minor_wands_page,minor_swords_07,1.333,1,Hard
minor_wands_page,minor_swords_08,2.167,3,Easy
minor_wands_page,minor_swords_09,2.167,3,Easy
minor_wands_page,minor_swords_10,1.833,2,Medium
minor_wands_page,minor_swords_page,0.833,1,Hard
minor_wands_page,minor_swords_knight,0.667,1,Hard
minor_wands_page,minor_swords_queen,1.5,2,Medium
minor_wands_page,minor_swords_king,1.333,1,Hard
minor_wands_page,minor_pentacles_ace,0.667,1,Hard
minor_wands_page,minor_pentacles_02,1.0,1,Hard
minor_wands_page,minor_pentacles_03,1.333,1,Hard
minor_wands_page,minor_pentacles_04,2.167,3,Easy
minor_wands_page,minor_pentacles_05,1.833,2,Medium
minor_wands_page,minor_pentacles_06,1.333,1,Hard
minor_wands_page,minor_pentacles_07,1.667,2,Medium
minor_wands_page,minor_pentacles_08,1.667,2,Medium
minor_wands_page,minor_pentacles_09,2.167,3,Easy
minor_wands_page,minor_pentacles_10,1.833,2,Medium
minor_wands_page,minor_pentacles_page,1.167,1,Hard
minor_wands_page,minor_pentacles_knight,1.833,2,Medium
minor_wands_page,minor_pentacles_queen,1.333,1,Hard
minor_wands_page,minor_pentacles_king,1.667,2,Medium
minor_wands_knight,major_00_fool,1.0,1,Hard
minor_wands_knight,major_01_magician,2.0,3,Easy
minor_wands_knight,major_02_high_priestess,2.833,3,Easy
minor_wands_knight,major_03_empress,2.167,3,Easy
minor_wands_knight,major_04_emperor,1.5,2,Medium
minor_wands_knight,major_05_hierophant,2.167,3,Easy
minor_wands_knight,major_06_lovers,2.0,3,Easy
minor_wands_knight,major_07_chariot,1.333,1,Hard
minor_wands_knight,major_08_strength,1.5,2,Medium
minor_wands_knight,major_09_hermit,3.167,3,Easy
minor_wands_knight,major_10_wheel_of_fortune,0.667,1,Hard
minor_wands_knight,major_11_justice,1.833,2,Medium
minor_wands_knight,major_12_hanged_man,2.333,3,Easy
minor_wands_knight,major_13_death,1.333,1,Hard
minor_wands_knight,major_14_temperance,2.167,3,Easy
minor_wands_knight,major_15_devil,2.167,3,Easy
minor_wands_knight,major_16_tower,1.0,1,Hard
minor_wands_knight,major_17_star,1.833,2,Medium
minor_wands_knight,major_18_moon,2.0,3,Easy
minor_wands_knight,major_19_sun,2.667,3,Easy
minor_wands_knight,major_20_judgment,1.0,1,Hard
minor_wands_knight,major_21_world,2.5,3,Easy
minor_wands_knight,minor_wands_ace,0.167,1,Hard
minor_wands_knight,minor_wands_02,1.0,1,Hard
minor_wands_knight,minor_wands_03,1.167,1,Hard
minor_wands_knight,minor_wands_04,2.167,3,Easy
minor_wands_knight,minor_wands_05,1.5,2,Medium
minor_wands_knight,minor_wands_06,2.333,3,Easy
minor_wands_knight,minor_wands_07,1.167,1,Hard
minor_wands_knight,minor_wands_08,1.0,1,Hard
minor_wands_knight,minor_wands_09,2.0,3,Easy
minor_wands_knight,minor_wands_10,1.5,2,Medium
minor_wands_knight,minor_wands_page,0.5,1,Hard
minor_wands_knight,minor_wands_queen,1.833,2,Medium
minor_wands_knight,minor_wands_king,2.333,3,Easy
minor_wands_knight,minor_cups_ace,2.0,3,Easy
minor_wands_knight,minor_cups_02,2.0,3,Easy
minor_wands_knight,minor_cups_03,2.333,3,Easy
minor_wands_knight,minor_cups_04,2.5,3,Easy
minor_wands_knight,minor_cups_05,2.0,3,Easy
minor_wands_knight,minor_cups_06,2.0,3,Easy
minor_wands_knight,minor_cups_07,1.5,2,Medium
minor_wands_knight,minor_cups_08,1.167,1,Hard
minor_wands_knight,minor_cups_09,2.333,3,Easy
minor_wands_knight,minor_cups_10,2.833,3,Easy
minor_wands_knight,minor_cups_page,1.667,2,Medium
minor_wands_knight,minor_cups_knight,0.667,1,Hard
minor_wands_knight,minor_cups_queen,2.167,3,Easy
minor_wands_knight,minor_cups_king,2.5,3,Easy
minor_wands_knight,minor_swords_ace,1.667,2,Medium
minor_wands_knight,minor_swords_02,2.5,3,Easy
minor_wands_knight,minor_swords_03,1.833,2,Medium
minor_wands_knight,minor_swords_04,2.5,3,Easy
minor_wands_knight,minor_swords_05,1.5,2,Medium
minor_wands_knight,minor_swords_06,1.167,1,Hard
minor_wands_knight,minor_swords_07,1.5,2,Medium
minor_wands_knight,minor_swords_08,2.333,3,Easy
minor_wands_knight,minor_swords_09,2.333,3,Easy
minor_wands_knight,minor_swords_10,1.667,2,Medium
minor_wands_knight,minor_swords_page,1.333,1,Hard
minor_wands_knight,minor_swords_knight,0.833,1,Hard
minor_wands_knight,minor_swords_queen,1.667,2,Medium
minor_wands_knight,minor_swords_king,1.5,2,Medium
minor_wands_knight,minor_pentacles_ace,1.167,1,Hard
minor_wands_knight,minor_pentacles_02,1.167,1,Hard
minor_wands_knight,minor_pentacles_03,1.833,2,Medium
minor_wands_knight,minor_pentacles_04,2.333,3,Easy
minor_wands_knight,minor_pentacles_05,1.667,2,Medium
minor_wands_knight,minor_pentacles_06,1.5,2,Medium
minor_wands_knight,minor_pentacles_07,1.833,2,Medium
minor_wands_knight,minor_pentacles_08,2.167,3,Easy
minor_wands_knight,minor_pentacles_09,2.667,3,Easy
minor_wands_knight,minor_pentacles_10,2.333,3,Easy
minor_wands_knight,minor_pentacles_page,1.333,1,Hard
minor_wands_knight,minor_pentacles_knight,2.0,3,Easy
minor_wands_knight,minor_pentacles_queen,1.833,2,Medium
minor_wands_knight,minor_pentacles_king,2.167,3,Easy
minor_wands_queen,major_00_fool,2.167,3,Easy
minor_wands_queen,major_01_magician,0.833,1,Hard
minor_wands_queen,major_02_high_priestess,2.667,3,Easy
minor_wands_queen,major_03_empress,1.333,1,Hard
minor_wands_queen,major_04_emperor,1.0,1,Hard
minor_wands_queen,major_05_hierophant,1.333,1,Hard
minor_wands_queen,major_06_lovers,1.5,2,Medium
minor_wands_queen,major_07_chariot,1.5,2,Medium
minor_wands_queen,major_08_strength,0.667,1,Hard
minor_wands_queen,major_09_hermit,2.0,3,Easy
minor_wands_queen,major_10_wheel_of_fortune,1.833,2,Medium
minor_wands_queen,major_11_justice,0.333,1,Hard
minor_wands_queen,major_12_hanged_man,3.167,3,Easy
minor_wands_queen,major_13_death,2.5,3,Easy
minor_wands_queen,major_14_temperance,1.333,1,Hard
minor_wands_queen,major_15_devil,1.667,2,Medium
minor_wands_queen,major_16_tower,2.833,3,Easy
minor_wands_queen,major_17_star,1.0,1,Hard
minor_wands_queen,major_18_moon,3.167,3,Easy
minor_wands_queen,major_19_sun,1.167,1,Hard
minor_wands_queen,major_20_judgment,1.5,2,Medium
minor_wands_queen,major_21_world,1.333,1,Hard
minor_wands_queen,minor_wands_ace,1.667,2,Medium
minor_wands_queen,minor_wands_02,0.833,1,Hard
minor_wands_queen,minor_wands_03,0.667,1,Hard
minor_wands_queen,minor_wands_04,0.667,1,Hard
minor_wands_queen,minor_wands_05,1.333,1,Hard
minor_wands_queen,minor_wands_06,0.5,1,Hard
minor_wands_queen,minor_wands_07,1.333,1,Hard
minor_wands_queen,minor_wands_08,1.167,1,Hard
minor_wands_queen,minor_wands_09,1.833,2,Medium
minor_wands_queen,minor_wands_10,1.333,1,Hard
minor_wands_queen,minor_wands_page,1.333,1,Hard
minor_wands_queen,minor_wands_knight,1.833,2,Medium
minor_wands_queen,minor_wands_king,0.5,1,Hard
minor_wands_queen,minor_cups_ace,1.167,1,Hard
minor_wands_queen,minor_cups_02,1.167,1,Hard
minor_wands_queen,minor_cups_03,1.167,1,Hard
minor_wands_queen,minor_cups_04,2.333,3,Easy
minor_wands_queen,minor_cups_05,2.5,3,Easy
minor_wands_queen,minor_cups_06,1.167,1,Hard
minor_wands_queen,minor_cups_07,2.0,3,Easy
minor_wands_queen,minor_cups_08,2.0,3,Easy
minor_wands_queen,minor_cups_09,1.167,1,Hard
minor_wands_queen,minor_cups_10,1.333,1,Hard
minor_wands_queen,minor_cups_page,1.167,1,Hard
minor_wands_queen,minor_cups_knight,1.5,2,Medium
minor_wands_queen,minor_cups_queen,1.667,2,Medium
minor_wands_queen,minor_cups_king,1.0,1,Hard
minor_wands_queen,minor_swords_ace,0.5,1,Hard
minor_wands_queen,minor_swords_02,2.0,3,Easy
minor_wands_queen,minor_swords_03,2.333,3,Easy
minor_wands_queen,minor_swords_04,1.667,2,Medium
minor_wands_queen,minor_swords_05,1.667,2,Medium
minor_wands_queen,minor_swords_06,1.0,1,Hard
minor_wands_queen,minor_swords_07,1.333,1,Hard
minor_wands_queen,minor_swords_08,3.167,3,Easy
minor_wands_queen,minor_swords_09,3.167,3,Easy
minor_wands_queen,minor_swords_10,2.833,3,Easy
minor_wands_queen,minor_swords_page,0.833,1,Hard
minor_wands_queen,minor_swords_knight,1.0,1,Hard
minor_wands_queen,minor_swords_queen,0.833,1,Hard
minor_wands_queen,minor_swords_king,0.333,1,Hard
minor_wands_queen,minor_pentacles_ace,0.667,1,Hard
minor_wands_queen,minor_pentacles_02,1.0,1,Hard
minor_wands_queen,minor_pentacles_03,0.667,1,Hard
minor_wands_queen,minor_pentacles_04,1.167,1,Hard
minor_wands_queen,minor_pentacles_05,2.5,3,Easy
minor_wands_queen,minor_pentacles_06,1.0,1,Hard
minor_wands_queen,minor_pentacles_07,1.333,1,Hard
minor_wands_queen,minor_pentacles_08,0.667,1,Hard
minor_wands_queen,minor_pentacles_09,1.5,2,Medium
minor_wands_queen,minor_pentacles_10,0.833,1,Hard
minor_wands_queen,minor_pentacles_page,1.167,1,Hard
minor_wands_queen,minor_pentacles_knight,0.833,1,Hard
minor_wands_queen,minor_pentacles_queen,0.667,1,Hard
minor_wands_queen,minor_pentacles_king,0.667,1,Hard
minor_wands_king,major_00_fool,2.667,3,Easy
minor_wands_king,major_01_magician,1.0,1,Hard
minor_wands_king,major_02_high_priestess,3.167,3,Easy
minor_wands_king,major_03_empress,1.167,1,Hard
minor_wands_king,major_04_emperor,1.167,1,Hard
minor_wands_king,major_05_hierophant,1.5,2,Medium
minor_wands_king,major_06_lovers,1.667,2,Medium
minor_wands_king,major_07_chariot,1.667,2,Medium
minor_wands_king,major_08_strength,1.167,1,Hard
minor_wands_king,major_09_hermit,2.5,3,Easy
minor_wands_king,major_10_wheel_of_fortune,2.333,3,Easy
minor_wands_king,major_11_justice,0.833,1,Hard
minor_wands_king,major_12_hanged_man,3.667,3,Easy
minor_wands_king,major_13_death,3.0,3,Easy
minor_wands_king,major_14_temperance,1.833,2,Medium
minor_wands_king,major_15_devil,2.167,3,Easy
minor_wands_king,major_16_tower,3.333,3,Easy
minor_wands_king,major_17_star,1.5,2,Medium
minor_wands_king,major_18_moon,3.667,3,Easy
minor_wands_king,major_19_sun,0.667,1,Hard
minor_wands_king,major_20_judgment,2.0,3,Easy
minor_wands_king,major_21_world,1.5,2,Medium
minor_wands_king,minor_wands_ace,2.167,3,Easy
minor_wands_king,minor_wands_02,1.333,1,Hard
minor_wands_king,minor_wands_03,1.167,1,Hard
minor_wands_king,minor_wands_04,0.5,1,Hard
minor_wands_king,minor_wands_05,1.833,2,Medium
minor_wands_king,minor_wands_06,0.333,1,Hard
minor_wands_king,minor_wands_07,1.833,2,Medium
minor_wands_king,minor_wands_08,1.667,2,Medium
minor_wands_king,minor_wands_09,2.333,3,Easy
minor_wands_king,minor_wands_10,1.833,2,Medium
minor_wands_king,minor_wands_page,1.833,2,Medium
minor_wands_king,minor_wands_knight,2.333,3,Easy
minor_wands_king,minor_wands_queen,0.5,1,Hard
minor_wands_king,minor_cups_ace,1.333,1,Hard
minor_wands_king,minor_cups_02,1.333,1,Hard
minor_wands_king,minor_cups_03,1.0,1,Hard
minor_wands_king,minor_cups_04,2.833,3,Easy
minor_wands_king,minor_cups_05,3.0,3,Easy
minor_wands_king,minor_cups_06,1.667,2,Medium
minor_wands_king,minor_cups_07,2.5,3,Easy
minor_wands_king,minor_cups_08,2.5,3,Easy
minor_wands_king,minor_cups_09,1.333,1,Hard
minor_wands_king,minor_cups_10,1.167,1,Hard
minor_wands_king,minor_cups_page,1.333,1,Hard
minor_wands_king,minor_cups_knight,1.667,2,Medium
minor_wands_king,minor_cups_queen,1.833,2,Medium
minor_wands_king,minor_cups_king,1.167,1,Hard
minor_wands_king,minor_swords_ace,1.0,1,Hard
minor_wands_king,minor_swords_02,2.5,3,Easy
minor_wands_king,minor_swords_03,2.833,3,Easy
minor_wands_king,minor_swords_04,2.167,3,Easy
minor_wands_king,minor_swords_05,2.167,3,Easy
minor_wands_king,minor_swords_06,1.5,2,Medium
minor_wands_king,minor_swords_07,1.833,2,Medium
minor_wands_king,minor_swords_08,3.667,3,Easy
minor_wands_king,minor_swords_09,3.667,3,Easy
minor_wands_king,minor_swords_10,3.333,3,Easy
minor_wands_king,minor_swords_page,1.333,1,Hard
minor_wands_king,minor_swords_knight,1.5,2,Medium
minor_wands_king,minor_swords_queen,1.333,1,Hard
minor_wands_king,minor_swords_king,0.833,1,Hard
minor_wands_king,minor_pentacles_ace,1.167,1,Hard
minor_wands_king,minor_pentacles_02,1.5,2,Medium
minor_wands_king,minor_pentacles_03,0.5,1,Hard
minor_wands_king,minor_pentacles_04,1.333,1,Hard
minor_wands_king,minor_pentacles_05,3.0,3,Easy
minor_wands_king,minor_pentacles_06,1.167,1,Hard
minor_wands_king,minor_pentacles_07,1.833,2,Medium
minor_wands_king,minor_pentacles_08,1.167,1,Hard
minor_wands_king,minor_pentacles_09,1.667,2,Medium
minor_wands_king,minor_pentacles_10,1.0,1,Hard
minor_wands_king,minor_pentacles_page,1.667,2,Medium
minor_wands_king,minor_pentacles_knight,1.333,1,Hard
minor_wands_king,minor_pentacles_queen,0.833,1,Hard
minor_wands_king,minor_pentacles_king,0.833,1,Hard
minor_cups_ace,major_00_fool,2.0,3,Easy
minor_cups_ace,major_01_magician,1.667,2,Medium
minor_cups_ace,major_02_high_priestess,1.833,2,Medium
minor_cups_ace,major_03_empress,0.833,1,Hard
minor_cups_ace,major_04_emperor,2.167,3,Easy
minor_cups_ace,major_05_hierophant,1.167,1,Hard
minor_cups_ace,major_06_lovers,1.667,2,Medium
minor_cups_ace,major_07_chariot,2.667,3,Easy
minor_cups_ace,major_08_strength,0.833,1,Hard
minor_cups_ace,major_09_hermit,2.167,3,Easy
minor_cups_ace,major_10_wheel_of_fortune,1.667,2,Medium
minor_cups_ace,major_11_justice,1.167,1,Hard
minor_cups_ace,major_12_hanged_man,2.667,3,Easy
minor_cups_ace,major_13_death,2.0,3,Easy
minor_cups_ace,major_14_temperance,0.833,1,Hard
minor_cups_ace,major_15_devil,1.167,1,Hard
minor_cups_ace,major_16_tower,3.0,3,Easy
minor_cups_ace,major_17_star,0.5,1,Hard
minor_cups_ace,major_18_moon,2.667,3,Easy
minor_cups_ace,major_19_sun,1.333,1,Hard
minor_cups_ace,major_20_judgment,1.333,1,Hard
minor_cups_ace,major_21_world,1.5,2,Medium
minor_cups_ace,minor_wands_ace,1.833,2,Medium
minor_cups_ace,minor_wands_02,1.667,2,Medium
minor_cups_ace,minor_wands_03,1.5,2,Medium
minor_cups_ace,minor_wands_04,0.833,1,Hard
minor_cups_ace,minor_wands_05,1.5,2,Medium
minor_cups_ace,minor_wands_06,1.333,1,Hard
minor_cups_ace,minor_wands_07,2.167,3,Easy
minor_cups_ace,minor_wands_08,1.0,1,Hard
minor_cups_ace,minor_wands_09,1.667,2,Medium
minor_cups_ace,minor_wands_10,1.833,2,Medium
minor_cups_ace,minor_wands_page,1.5,2,Medium
minor_cups_ace,minor_wands_knight,2.0,3,Easy
minor_cups_ace,minor_wands_queen,1.167,1,Hard
minor_cups_ace,minor_wands_king,1.333,1,Hard
minor_cups_ace,minor_cups_02,0.667,1,Hard
minor_cups_ace,minor_cups_03,0.667,1,Hard
minor_cups_ace,minor_cups_04,2.167,3,Easy
minor_cups_ace,minor_cups_05,2.0,3,Easy
minor_cups_ace,minor_cups_06,1.0,1,Hard
minor_cups_ace,minor_cups_07,1.5,2,Medium
minor_cups_ace,minor_cups_08,1.833,2,Medium
minor_cups_ace,minor_cups_09,1.0,1,Hard
minor_cups_ace,minor_cups_10,0.833,1,Hard
minor_cups_ace,minor_cups_page,0.333,1,Hard
minor_cups_ace,minor_cups_knight,1.333,1,Hard
minor_cups_ace,minor_cups_queen,0.833,1,Hard
minor_cups_ace,minor_cups_king,0.833,1,Hard
minor_cups_ace,minor_swords_ace,1.333,1,Hard
minor_cups_ace,minor_swords_02,2.167,3,Easy
minor_cups_ace,minor_swords_03,1.833,2,Medium
minor_cups_ace,minor_swords_04,1.5,2,Medium
minor_cups_ace,minor_swords_05,2.5,3,Easy
minor_cups_ace,minor_swords_06,1.167,1,Hard
minor_cups_ace,minor_swords_07,1.833,2,Medium
minor_cups_ace,minor_swords_08,2.667,3,Easy
minor_cups_ace,minor_swords_09,2.667,3,Easy
minor_cups_ace,minor_swords_10,2.333,3,Easy
minor_cups_ace,minor_swords_page,1.333,1,Hard
minor_cups_ace,minor_swords_knight,1.833,2,Medium
minor_cups_ace,minor_swords_queen,1.0,1,Hard
minor_cups_ace,minor_swords_king,1.5,2,Medium
minor_cups_ace,minor_pentacles_ace,1.167,1,Hard
minor_cups_ace,minor_pentacles_02,1.833,2,Medium
minor_cups_ace,minor_pentacles_03,1.167,1,Hard
minor_cups_ace,minor_pentacles_04,2.0,3,Easy
minor_cups_ace,minor_pentacles_05,2.0,3,Easy
minor_cups_ace,minor_pentacles_06,0.833,1,Hard
minor_cups_ace,minor_pentacles_07,1.167,1,Hard
minor_cups_ace,minor_pentacles_08,1.5,2,Medium
minor_cups_ace,minor_pentacles_09,1.333,1,Hard
minor_cups_ace,minor_pentacles_10,1.0,1,Hard
minor_cups_ace,minor_pentacles_page,1.0,1,Hard
minor_cups_ace,minor_pentacles_knight,1.333,1,Hard
minor_cups_ace,minor_pentacles_queen,0.5,1,Hard
minor_cups_ace,minor_pentacles_king,0.833,1,Hard
minor_cups_02,major_00_fool,2.0,3,Easy
minor_cups_02,major_01_magician,1.333,1,Hard
minor_cups_02,major_02_high_priestess,2.5,3,Easy
minor_cups_02,major_03_empress,0.833,1,Hard
minor_cups_02,major_04_emperor,1.833,2,Medium
minor_cups_02,major_05_hierophant,1.5,2,Medium
minor_cups_02,major_06_lovers,1.0,1,Hard
minor_cups_02,major_07_chariot,2.333,3,Easy
minor_cups_02,major_08_strength,1.167,1,Hard
minor_cups_02,major_09_hermit,2.5,3,Easy
minor_cups_02,major_10_wheel_of_fortune,1.667,2,Medium
minor_cups_02,major_11_justice,1.167,1,Hard
minor_cups_02,major_12_hanged_man,3.0,3,Easy
minor_cups_02,major_13_death,2.333,3,Easy
minor_cups_02,major_14_temperance,1.167,1,Hard
minor_cups_02,major_15_devil,1.833,2,Medium
minor_cups_02,major_16_tower,3.0,3,Easy
minor_cups_02,major_17_star,0.833,1,Hard
minor_cups_02,major_18_moon,3.0,3,Easy
minor_cups_02,major_19_sun,1.333,1,Hard
minor_cups_02,major_20_judgment,1.667,2,Medium
minor_cups_02,major_21_world,1.5,2,Medium
minor_cups_02,minor_wands_ace,1.833,2,Medium
minor_cups_02,minor_wands_02,1.333,1,Hard
minor_cups_02,minor_wands_03,1.167,1,Hard
minor_cups_02,minor_wands_04,0.833,1,Hard
minor_cups_02,minor_wands_05,1.5,2,Medium
minor_cups_02,minor_wands_06,1.333,1,Hard
minor_cups_02,minor_wands_07,1.833,2,Medium
minor_cups_02,minor_wands_08,1.333,1,Hard
minor_cups_02,minor_wands_09,1.667,2,Medium
minor_cups_02,minor_wands_10,1.833,2,Medium
minor_cups_02,minor_wands_page,1.5,2,Medium
minor_cups_02,minor_wands_knight,2.0,3,Easy
minor_cups_02,minor_wands_queen,1.167,1,Hard
minor_cups_02,minor_wands_king,1.333,1,Hard
minor_cups_02,minor_cups_ace,0.667,1,Hard
minor_cups_02,minor_cups_03,0.333,1,Hard
minor_cups_02,minor_cups_04,2.167,3,Easy
minor_cups_02,minor_cups_05,2.333,3,Easy
minor_cups_02,minor_cups_06,1.333,1,Hard
minor_cups_02,minor_cups_07,1.833,2,Medium
minor_cups_02,minor_cups_08,2.167,3,Easy
minor_cups_02,minor_cups_09,1.333,1,Hard
minor_cups_02,minor_cups_10,1.167,1,Hard
minor_cups_02,minor_cups_page,0.667,1,Hard
minor_cups_02,minor_cups_knight,1.333,1,Hard
minor_cups_02,minor_cups_queen,0.833,1,Hard
minor_cups_02,minor_cups_king,1.167,1,Hard
minor_cups_02,minor_swords_ace,1.333,1,Hard
minor_cups_02,minor_swords_02,2.167,3,Easy
minor_cups_02,minor_swords_03,2.167,3,Easy
minor_cups_02,minor_swords_04,1.833,2,Medium
minor_cups_02,minor_swords_05,2.167,3,Easy
minor_cups_02,minor_swords_06,1.167,1,Hard
minor_cups_02,minor_swords_07,1.833,2,Medium
minor_cups_02,minor_swords_08,3.0,3,Easy
minor_cups_02,minor_swords_09,3.0,3,Easy
minor_cups_02,minor_swords_10,2.667,3,Easy
minor_cups_02,minor_swords_page,1.333,1,Hard
minor_cups_02,minor_swords_knight,1.5,2,Medium
minor_cups_02,minor_swords_queen,1.333,1,Hard
minor_cups_02,minor_swords_king,1.5,2,Medium
minor_cups_02,minor_pentacles_ace,0.833,1,Hard
minor_cups_02,minor_pentacles_02,1.5,2,Medium
minor_cups_02,minor_pentacles_03,1.167,1,Hard
minor_cups_02,minor_pentacles_04,2.0,3,Easy
minor_cups_02,minor_pentacles_05,2.333,3,Easy
minor_cups_02,minor_pentacles_06,0.5,1,Hard
minor_cups_02,minor_pentacles_07,1.5,2,Medium
minor_cups_02,minor_pentacles_08,1.833,2,Medium
minor_cups_02,minor_pentacles_09,1.667,2,Medium
minor_cups_02,minor_pentacles_10,1.0,1,Hard
minor_cups_02,minor_pentacles_page,1.0,1,Hard
minor_cups_02,minor_pentacles_knight,1.667,2,Medium
minor_cups_02,minor_pentacles_queen,0.5,1,Hard
minor_cups_02,minor_pentacles_king,0.833,1,Hard
minor_cups_03,major_00_fool,2.333,3,Easy
minor_cups_03,major_01_magician,1.333,1,Hard
minor_cups_03,major_02_high_priestess,2.5,3,Easy
minor_cups_03,major_03_empress,0.833,1,Hard
minor_cups_03,major_04_emperor,1.833,2,Medium
minor_cups_03,major_05_hierophant,1.5,2,Medium
minor_cups_03,major_06_lovers,1.333,1,Hard
minor_cups_03,major_07_chariot,2.333,3,Easy
minor_cups_03,major_08_strength,1.167,1,Hard
minor_cups_03,major_09_hermit,2.5,3,Easy
minor_cups_03,major_10_wheel_of_fortune,2.0,3,Easy
minor_cups_03,major_11_justice,1.167,1,Hard
minor_cups_03,major_12_hanged_man,3.333,3,Easy
minor_cups_03,major_13_death,2.667,3,Easy
minor_cups_03,major_14_temperance,1.167,1,Hard
minor_cups_03,major_15_devil,1.833,2,Medium
minor_cups_03,major_16_tower,3.333,3,Easy
minor_cups_03,major_17_star,0.833,1,Hard
minor_cups_03,major_18_moon,3.333,3,Easy
minor_cups_03,major_19_sun,1.0,1,Hard
minor_cups_03,major_20_judgment,2.0,3,Easy
minor_cups_03,major_21_world,1.5,2,Medium
minor_cups_03,minor_wands_ace,2.167,3,Easy
minor_cups_03,minor_wands_02,1.667,2,Medium
minor_cups_03,minor_wands_03,1.5,2,Medium
minor_cups_03,minor_wands_04,0.833,1,Hard
minor_cups_03,minor_wands_05,1.833,2,Medium
minor_cups_03,minor_wands_06,1.0,1,Hard
minor_cups_03,minor_wands_07,2.167,3,Easy
minor_cups_03,minor_wands_08,1.667,2,Medium
minor_cups_03,minor_wands_09,2.0,3,Easy
minor_cups_03,minor_wands_10,2.167,3,Easy
minor_cups_03,minor_wands_page,1.833,2,Medium
minor_cups_03,minor_wands_knight,2.333,3,Easy
minor_cups_03,minor_wands_queen,1.167,1,Hard
minor_cups_03,minor_wands_king,1.0,1,Hard
minor_cups_03,minor_cups_ace,0.667,1,Hard
minor_cups_03,minor_cups_02,0.333,1,Hard
minor_cups_03,minor_cups_04,2.5,3,Easy
minor_cups_03,minor_cups_05,2.667,3,Easy
minor_cups_03,minor_cups_06,1.333,1,Hard
minor_cups_03,minor_cups_07,2.167,3,Easy
minor_cups_03,minor_cups_08,2.5,3,Easy
minor_cups_03,minor_cups_09,1.333,1,Hard
minor_cups_03,minor_cups_10,1.167,1,Hard
minor_cups_03,minor_cups_page,1.0,1,Hard
minor_cups_03,minor_cups_knight,1.667,2,Medium
minor_cups_03,minor_cups_queen,1.167,1,Hard
minor_cups_03,minor_cups_king,1.167,1,Hard
minor_cups_03,minor_swords_ace,1.667,2,Medium
minor_cups_03,minor_swords_02,2.5,3,Easy
minor_cups_03,minor_swords_03,2.5,3,Easy
minor_cups_03,minor_swords_04,1.833,2,Medium
minor_cups_03,minor_swords_05,2.5,3,Easy
minor_cups_03,minor_swords_06,1.5,2,Medium
minor_cups_03,minor_swords_07,2.167,3,Easy
minor_cups_03,minor_swords_08,3.333,3,Easy
minor_cups_03,minor_swords_09,3.333,3,Easy
minor_cups_03,minor_swords_10,3.0,3,Easy
minor_cups_03,minor_swords_page,1.667,2,Medium
minor_cups_03,minor_swords_knight,1.833,2,Medium
minor_cups_03,minor_swords_queen,1.333,1,Hard
minor_cups_03,minor_swords_king,1.5,2,Medium
minor_cups_03,minor_pentacles_ace,1.167,1,Hard
minor_cups_03,minor_pentacles_02,1.833,2,Medium
minor_cups_03,minor_pentacles_03,0.833,1,Hard
minor_cups_03,minor_pentacles_04,2.0,3,Easy
minor_cups_03,minor_pentacles_05,2.667,3,Easy
minor_cups_03,minor_pentacles_06,0.833,1,Hard
minor_cups_03,minor_pentacles_07,1.5,2,Medium
minor_cups_03,minor_pentacles_08,1.833,2,Medium
minor_cups_03,minor_pentacles_09,1.667,2,Medium
minor_cups_03,minor_pentacles_10,1.0,1,Hard
minor_cups_03,minor_pentacles_page,1.333,1,Hard
minor_cups_03,minor_pentacles_knight,1.667,2,Medium
minor_cups_03,minor_pentacles_queen,0.5,1,Hard
minor_cups_03,minor_pentacles_king,0.833,1,Hard
minor_cups_04,major_00_fool,2.833,3,Easy
minor_cups_04,major_01_magician,2.833,3,Easy
minor_cups_04,major_02_high_priestess,1.333,1,Hard
minor_cups_04,major_03_empress,3.0,3,Easy
minor_cups_04,major_04_emperor,2.333,3,Easy
minor_cups_04,major_05_hierophant,1.333,1,Hard
minor_cups_04,major_06_lovers,1.833,2,Medium
minor_cups_04,major_07_chariot,2.167,3,Easy
minor_cups_04,major_08_strength,1.667,2,Medium
minor_cups_04,major_09_hermit,1.0,1,Hard
minor_cups_04,major_10_wheel_of_fortune,1.833,2,Medium
minor_cups_04,major_11_justice,2.0,3,Easy
minor_cups_04,major_12_hanged_man,0.833,1,Hard
minor_cups_04,major_13_death,1.5,2,Medium
minor_cups_04,major_14_temperance,1.333,1,Hard
minor_cups_04,major_15_devil,1.333,1,Hard
minor_cups_04,major_16_tower,2.833,3,Easy
minor_cups_04,major_17_star,2.0,3,Easy
minor_cups_04,major_18_moon,0.833,1,Hard
minor_cups_04,major_19_sun,3.167,3,Easy
minor_cups_04,major_20_judgment,1.5,2,Medium
minor_cups_04,major_21_world,2.333,3,Easy
minor_cups_04,minor_wands_ace,2.667,3,Easy
minor_cups_04,minor_wands_02,1.833,2,Medium
minor_cups_04,minor_wands_03,2.0,3,Easy
minor_cups_04,minor_wands_04,2.667,3,Easy
minor_cups_04,minor_wands_05,1.667,2,Medium
minor_cups_04,minor_wands_06,2.833,3,Easy
minor_cups_04,minor_wands_07,1.667,2,Medium
minor_cups_04,minor_wands_08,1.833,2,Medium
minor_cups_04,minor_wands_09,0.5,1,Hard
minor_cups_04,minor_wands_10,1.667,2,Medium
minor_cups_04,minor_wands_page,2.333,3,Easy
minor_cups_04,minor_wands_knight,2.5,3,Easy
minor_cups_04,minor_wands_queen,2.333,3,Easy
minor_cups_04,minor_wands_king,2.833,3,Easy
minor_cups_04,minor_cups_ace,2.167,3,Easy
minor_cups_04,minor_cups_02,2.167,3,Easy
minor_cups_04,minor_cups_03,2.5,3,Easy
minor_cups_04,minor_cups_05,1.167,1,Hard
minor_cups_04,minor_cups_06,1.167,1,Hard
minor_cups_04,minor_cups_07,1.0,1,Hard
minor_cups_04,minor_cups_08,1.333,1,Hard
minor_cups_04,minor_cups_09,1.833,2,Medium
minor_cups_04,minor_cups_10,2.333,3,Easy
minor_cups_04,minor_cups_page,1.833,2,Medium
minor_cups_04,minor_cups_knight,2.5,3,Easy
minor_cups_04,minor_cups_queen,1.667,2,Medium
minor_cups_04,minor_cups_king,1.667,2,Medium
minor_cups_04,minor_swords_ace,1.833,2,Medium
minor_cups_04,minor_swords_02,0.333,1,Hard
minor_cups_04,minor_swords_03,1.333,1,Hard
minor_cups_04,minor_swords_04,0.667,1,Hard
minor_cups_04,minor_swords_05,2.0,3,Easy
minor_cups_04,minor_swords_06,1.333,1,Hard
minor_cups_04,minor_swords_07,1.333,1,Hard
minor_cups_04,minor_swords_08,0.833,1,Hard
minor_cups_04,minor_swords_09,1.167,1,Hard
minor_cups_04,minor_swords_10,1.167,1,Hard
minor_cups_04,minor_swords_page,1.833,2,Medium
minor_cups_04,minor_swords_knight,2.0,3,Easy
minor_cups_04,minor_swords_queen,1.5,2,Medium
minor_cups_04,minor_swords_king,2.0,3,Easy
minor_cups_04,minor_pentacles_ace,1.667,2,Medium
minor_cups_04,minor_pentacles_02,1.667,2,Medium
minor_cups_04,minor_pentacles_03,2.667,3,Easy
minor_cups_04,minor_pentacles_04,1.833,2,Medium
minor_cups_04,minor_pentacles_05,1.833,2,Medium
minor_cups_04,minor_pentacles_06,1.667,2,Medium
minor_cups_04,minor_pentacles_07,1.0,1,Hard
minor_cups_04,minor_pentacles_08,1.667,2,Medium
minor_cups_04,minor_pentacles_09,1.5,2,Medium
minor_cups_04,minor_pentacles_10,2.5,3,Easy
minor_cups_04,minor_pentacles_page,1.167,1,Hard
minor_cups_04,minor_pentacles_knight,1.5,2,Medium
minor_cups_04,minor_pentacles_queen,2.0,3,Easy
minor_cups_04,minor_pentacles_king,2.333,3,Easy
minor_cups_05,major_00_fool,2.333,3,Easy
minor_cups_05,major_01_magician,3.0,3,Easy
minor_cups_05,major_02_high_priestess,2.167,3,Easy
minor_cups_05,major_03_empress,2.833,3,Easy
minor_cups_05,major_04_emperor,2.5,3,Easy
minor_cups_05,major_05_hierophant,1.5,2,Medium
minor_cups_05,major_06_lovers,1.667,2,Medium
minor_cups_05,major_07_chariot,2.0,3,Easy
minor_cups_05,major_08_strength,1.833,2,Medium
minor_cups_05,major_09_hermit,2.167,3,Easy
minor_cups_05,major_10_wheel_of_fortune,1.333,1,Hard
minor_cups_05,major_11_justice,2.167,3,Easy
minor_cups_05,major_12_hanged_man,1.333,1,Hard
minor_cups_05,major_13_death,1.0,1,Hard
minor_cups_05,major_14_temperance,1.5,2,Medium
minor_cups_05,major_15_devil,0.833,1,Hard
minor_cups_05,major_16_tower,1.667,2,Medium
minor_cups_05,major_17_star,1.833,2,Medium
minor_cups_05,major_18_moon,1.333,1,Hard
minor_cups_05,major_19_sun,3.333,3,Easy
minor_cups_05,major_20_judgment,1.0,1,Hard
minor_cups_05,major_21_world,2.5,3,Easy
minor_cups_05,minor_wands_ace,2.167,3,Easy
minor_cups_05,minor_wands_02,2.0,3,Easy
minor_cups_05,minor_wands_03,2.167,3,Easy
minor_cups_05,minor_wands_04,2.833,3,Easy
minor_cups_05,minor_wands_05,1.167,1,Hard
minor_cups_05,minor_wands_06,3.0,3,Easy
minor_cups_05,minor_wands_07,1.5,2,Medium
minor_cups_05,minor_wands_08,1.667,2,Medium
minor_cups_05,minor_wands_09,0.667,1,Hard
minor_cups_05,minor_wands_10,1.167,1,Hard
minor_cups_05,minor_wands_page,1.833,2,Medium
minor_cups_05,minor_wands_knight,2.0,3,Easy
minor_cups_05,minor_wands_queen,2.5,3,Easy
minor_cups_05,minor_wands_king,3.0,3,Easy
minor_cups_05,minor_cups_ace,2.0,3,Easy
minor_cups_05,minor_cups_02,2.333,3,Easy
minor_cups_05,minor_cups_03,2.667,3,Easy
minor_cups_05,minor_cups_04,1.167,1,Hard
minor_cups_05,minor_cups_06,1.333,1,Hard
minor_cups_05,minor_cups_07,0.833,1,Hard
minor_cups_05,minor_cups_08,0.833,1,Hard
minor_cups_05,minor_cups_09,2.0,3,Easy
minor_cups_05,minor_cups_10,2.5,3,Easy
minor_cups_05,minor_cups_page,1.667,2,Medium
minor_cups_05,minor_cups_knight,2.0,3,Easy
minor_cups_05,minor_cups_queen,1.5,2,Medium
minor_cups_05,minor_cups_king,1.833,2,Medium
minor_cups_05,minor_swords_ace,2.0,3,Easy
minor_cups_05,minor_swords_02,1.5,2,Medium
minor_cups_05,minor_swords_03,0.167,1,Hard
minor_cups_05,minor_swords_04,1.5,2,Medium
minor_cups_05,minor_swords_05,1.167,1,Hard
minor_cups_05,minor_swords_06,1.5,2,Medium
minor_cups_05,minor_swords_07,1.167,1,Hard
minor_cups_05,minor_swords_08,1.0,1,Hard
minor_cups_05,minor_swords_09,0.667,1,Hard
minor_cups_05,minor_swords_10,0.667,1,Hard
minor_cups_05,minor_swords_page,2.0,3,Easy
minor_cups_05,minor_swords_knight,1.833,2,Medium
minor_cups_05,minor_swords_queen,1.667,2,Medium
minor_cups_05,minor_swords_king,2.167,3,Easy
minor_cups_05,minor_pentacles_ace,1.833,2,Medium
minor_cups_05,minor_pentacles_02,1.5,2,Medium
minor_cups_05,minor_pentacles_03,2.833,3,Easy
minor_cups_05,minor_pentacles_04,2.0,3,Easy
minor_cups_05,minor_pentacles_05,0.667,1,Hard
minor_cups_05,minor_pentacles_06,1.833,2,Medium
minor_cups_05,minor_pentacles_07,1.5,2,Medium
minor_cups_05,minor_pentacles_08,1.833,2,Medium
minor_cups_05,minor_pentacles_09,2.0,3,Easy
minor_cups_05,minor_pentacles_10,2.667,3,Easy
minor_cups_05,minor_pentacles_page,1.333,1,Hard
minor_cups_05,minor_pentacles_knight,1.667,2,Medium
minor_cups_05,minor_pentacles_queen,2.167,3,Easy
minor_cups_05,minor_pentacles_king,2.5,3,Easy
minor_cups_06,major_00_fool,2.333,3,Easy
minor_cups_06,major_01_magician,2.0,3,Easy
minor_cups_06,major_02_high_priestess,1.5,2,Medium
minor_cups_06,major_03_empress,1.833,2,Medium
minor_cups_06,major_04_emperor,1.833,2,Medium
minor_cups_06,major_05_hierophant,0.833,1,Hard
minor_cups_06,major_06_lovers,1.667,2,Medium
minor_cups_06,major_07_chariot,2.333,3,Easy
minor_cups_06,major_08_strength,0.833,1,Hard
minor_cups_06,major_09_hermit,1.167,1,Hard
minor_cups_06,major_10_wheel_of_fortune,1.333,1,Hard
minor_cups_06,major_11_justice,1.167,1,Hard
minor_cups_06,major_12_hanged_man,2.0,3,Easy
minor_cups_06,major_13_death,1.667,2,Medium
minor_cups_06,major_14_temperance,0.167,1,Hard
minor_cups_06,major_15_devil,0.833,1,Hard
minor_cups_06,major_16_tower,3.0,3,Easy
minor_cups_06,major_17_star,0.833,1,Hard
minor_cups_06,major_18_moon,2.0,3,Easy
minor_cups_06,major_19_sun,2.0,3,Easy
minor_cups_06,major_20_judgment,1.333,1,Hard
minor_cups_06,major_21_world,1.167,1,Hard
minor_cups_06,minor_wands_ace,1.833,2,Medium
minor_cups_06,minor_wands_02,1.333,1,Hard
minor_cups_06,minor_wands_03,1.167,1,Hard
minor_cups_06,minor_wands_04,1.5,2,Medium
minor_cups_06,minor_wands_05,1.5,2,Medium
minor_cups_06,minor_wands_06,1.667,2,Medium
minor_cups_06,minor_wands_07,1.833,2,Medium
minor_cups_06,minor_wands_08,1.0,1,Hard
minor_cups_06,minor_wands_09,0.667,1,Hard
minor_cups_06,minor_wands_10,1.5,2,Medium
minor_cups_06,minor_wands_page,1.5,2,Medium
minor_cups_06,minor_wands_knight,2.0,3,Easy
minor_cups_06,minor_wands_queen,1.167,1,Hard
minor_cups_06,minor_wands_king,1.667,2,Medium
minor_cups_06,minor_cups_ace,1.0,1,Hard
minor_cups_06,minor_cups_02,1.333,1,Hard
minor_cups_06,minor_cups_03,1.333,1,Hard
minor_cups_06,minor_cups_04,1.167,1,Hard
minor_cups_06,minor_cups_05,1.333,1,Hard
minor_cups_06,minor_cups_07,0.833,1,Hard
minor_cups_06,minor_cups_08,1.5,2,Medium
minor_cups_06,minor_cups_09,0.667,1,Hard
minor_cups_06,minor_cups_10,1.167,1,Hard
minor_cups_06,minor_cups_page,1.0,1,Hard
minor_cups_06,minor_cups_knight,2.0,3,Easy
minor_cups_06,minor_cups_queen,0.833,1,Hard
minor_cups_06,minor_cups_king,0.5,1,Hard
minor_cups_06,minor_swords_ace,1.0,1,Hard
minor_cups_06,minor_swords_02,1.167,1,Hard
minor_cups_06,minor_swords_03,1.5,2,Medium
minor_cups_06,minor_swords_04,0.5,1,Hard
minor_cups_06,minor_swords_05,2.167,3,Easy
minor_cups_06,minor_swords_06,0.833,1,Hard
minor_cups_06,minor_swords_07,1.167,1,Hard
minor_cups_06,minor_swords_08,2.0,3,Easy
minor_cups_06,minor_swords_09,2.0,3,Easy
minor_cups_06,minor_swords_10,1.667,2,Medium
minor_cups_06,minor_swords_page,1.0,1,Hard
minor_cups_06,minor_swords_knight,1.5,2,Medium
minor_cups_06,minor_swords_queen,0.667,1,Hard
minor_cups_06,minor_swords_king,1.167,1,Hard
minor_cups_06,minor_pentacles_ace,0.833,1,Hard
minor_cups_06,minor_pentacles_02,1.5,2,Medium
minor_cups_06,minor_pentacles_03,1.5,2,Medium
minor_cups_06,minor_pentacles_04,1.333,1,Hard
minor_cups_06,minor_pentacles_05,2.0,3,Easy
minor_cups_06,minor_pentacles_06,1.167,1,Hard
minor_cups_06,minor_pentacles_07,0.5,1,Hard
minor_cups_06,minor_pentacles_08,0.833,1,Hard
minor_cups_06,minor_pentacles_09,1.0,1,Hard
minor_cups_06,minor_pentacles_10,1.333,1,Hard
minor_cups_06,minor_pentacles_page,0.667,1,Hard
minor_cups_06,minor_pentacles_knight,1.0,1,Hard
minor_cups_06,minor_pentacles_queen,0.833,1,Hard
minor_cups_06,minor_pentacles_king,1.167,1,Hard
minor_cups_07,major_00_fool,2.167,3,Easy
minor_cups_07,major_01_magician,2.5,3,Easy
minor_cups_07,major_02_high_priestess,1.667,2,Medium
minor_cups_07,major_03_empress,2.333,3,Easy
minor_cups_07,major_04_emperor,2.0,3,Easy
minor_cups_07,major_05_hierophant,1.333,1,Hard
minor_cups_07,major_06_lovers,1.5,2,Medium
minor_cups_07,major_07_chariot,2.167,3,Easy
minor_cups_07,major_08_strength,1.333,1,Hard
minor_cups_07,major_09_hermit,1.667,2,Medium
minor_cups_07,major_10_wheel_of_fortune,0.833,1,Hard
minor_cups_07,major_11_justice,1.667,2,Medium
minor_cups_07,major_12_hanged_man,1.167,1,Hard
minor_cups_07,major_13_death,1.167,1,Hard
minor_cups_07,major_14_temperance,1.0,1,Hard
minor_cups_07,major_15_devil,1.0,1,Hard
minor_cups_07,major_16_tower,2.5,3,Easy
minor_cups_07,major_17_star,1.333,1,Hard
minor_cups_07,major_18_moon,1.167,1,Hard
minor_cups_07,major_19_sun,2.833,3,Easy
minor_cups_07,major_20_judgment,0.833,1,Hard
minor_cups_07,major_21_world,2.0,3,Easy
minor_cups_07,minor_wands_ace,1.667,2,Medium
minor_cups_07,minor_wands_02,1.5,2,Medium
minor_cups_07,minor_wands_03,1.667,2,Medium
minor_cups_07,minor_wands_04,2.333,3,Easy
minor_cups_07,minor_wands_05,1.333,1,Hard
minor_cups_07,minor_wands_06,2.5,3,Easy
minor_cups_07,minor_wands_07,1.667,2,Medium
minor_cups_07,minor_wands_08,1.167,1,Hard
minor_cups_07,minor_wands_09,0.833,1,Hard
minor_cups_07,minor_wands_10,1.333,1,Hard
minor_cups_07,minor_wands_page,1.333,1,Hard
minor_cups_07,minor_wands_knight,1.5,2,Medium
minor_cups_07,minor_wands_queen,2.0,3,Easy
minor_cups_07,minor_wands_king,2.5,3,Easy
minor_cups_07,minor_cups_ace,1.5,2,Medium
minor_cups_07,minor_cups_02,1.833,2,Medium
minor_cups_07,minor_cups_03,2.167,3,Easy
minor_cups_07,minor_cups_04,1.0,1,Hard
minor_cups_07,minor_cups_05,0.833,1,Hard
minor_cups_07,minor_cups_06,0.833,1,Hard
minor_cups_07,minor_cups_08,1.0,1,Hard
minor_cups_07,minor_cups_09,1.5,2,Medium
minor_cups_07,minor_cups_10,2.0,3,Easy
minor_cups_07,minor_cups_page,1.167,1,Hard
minor_cups_07,minor_cups_knight,1.5,2,Medium
minor_cups_07,minor_cups_queen,1.0,1,Hard
minor_cups_07,minor_cups_king,1.333,1,Hard
minor_cups_07,minor_swords_ace,1.5,2,Medium
minor_cups_07,minor_swords_02,1.0,1,Hard
minor_cups_07,minor_swords_03,1.0,1,Hard
minor_cups_07,minor_swords_04,1.0,1,Hard
minor_cups_07,minor_swords_05,2.0,3,Easy
minor_cups_07,minor_swords_06,1.0,1,Hard
minor_cups_07,minor_swords_07,1.0,1,Hard
minor_cups_07,minor_swords_08,1.167,1,Hard
minor_cups_07,minor_swords_09,1.167,1,Hard
minor_cups_07,minor_swords_10,1.167,1,Hard
minor_cups_07,minor_swords_page,1.5,2,Medium
minor_cups_07,minor_swords_knight,1.333,1,Hard
minor_cups_07,minor_swords_queen,1.167,1,Hard
minor_cups_07,minor_swords_king,1.667,2,Medium
minor_cups_07,minor_pentacles_ace,1.333,1,Hard
minor_cups_07,minor_pentacles_02,1.333,1,Hard
minor_cups_07,minor_pentacles_03,2.333,3,Easy
minor_cups_07,minor_pentacles_04,1.833,2,Medium
minor_cups_07,minor_pentacles_05,1.5,2,Medium
minor_cups_07,minor_pentacles_06,1.333,1,Hard
minor_cups_07,minor_pentacles_07,1.0,1,Hard
minor_cups_07,minor_pentacles_08,1.667,2,Medium
minor_cups_07,minor_pentacles_09,1.833,2,Medium
minor_cups_07,minor_pentacles_10,2.167,3,Easy
minor_cups_07,minor_pentacles_page,0.833,1,Hard
minor_cups_07,minor_pentacles_knight,1.5,2,Medium
minor_cups_07,minor_pentacles_queen,1.667,2,Medium
minor_cups_07,minor_pentacles_king,2.0,3,Easy
minor_cups_08,major_00_fool,1.5,2,Medium
minor_cups_08,major_01_magician,2.5,3,Easy
minor_cups_08,major_02_high_priestess,2.333,3,Easy
minor_cups_08,major_03_empress,2.333,3,Easy
minor_cups_08,major_04_emperor,2.0,3,Easy
minor_cups_08,major_05_hierophant,1.667,2,Medium
minor_cups_08,major_06_lovers,1.833,2,Medium
minor_cups_08,major_07_chariot,1.5,2,Medium
minor_cups_08,major_08_strength,1.333,1,Hard
minor_cups_08,major_09_hermit,2.333,3,Easy
minor_cups_08,major_10_wheel_of_fortune,1.167,1,Hard
minor_cups_08,major_11_justice,2.0,3,Easy
minor_cups_08,major_12_hanged_man,1.5,2,Medium
minor_cups_08,major_13_death,0.5,1,Hard
minor_cups_08,major_14_temperance,1.667,2,Medium
minor_cups_08,major_15_devil,1.333,1,Hard
minor_cups_08,major_16_tower,1.5,2,Medium
minor_cups_08,major_17_star,2.0,3,Easy
minor_cups_08,major_18_moon,1.167,1,Hard
minor_cups_08,major_19_sun,2.833,3,Easy
minor_cups_08,major_20_judgment,0.5,1,Hard
minor_cups_08,major_21_world,2.667,3,Easy
minor_cups_08,minor_wands_ace,1.333,1,Hard
minor_cups_08,minor_wands_02,1.5,2,Medium
minor_cups_08,minor_wands_03,1.667,2,Medium
minor_cups_08,minor_wands_04,2.333,3,Easy
minor_cups_08,minor_wands_05,1.0,1,Hard
minor_cups_08,minor_wands_06,2.5,3,Easy
minor_cups_08,minor_wands_07,1.0,1,Hard
minor_cups_08,minor_wands_08,1.167,1,Hard
minor_cups_08,minor_wands_09,0.833,1,Hard
minor_cups_08,minor_wands_10,1.0,1,Hard
minor_cups_08,minor_wands_page,1.333,1,Hard
minor_cups_08,minor_wands_knight,1.167,1,Hard
minor_cups_08,minor_wands_queen,2.0,3,Easy
minor_cups_08,minor_wands_king,2.5,3,Easy
minor_cups_08,minor_cups_ace,1.833,2,Medium
minor_cups_08,minor_cups_02,2.167,3,Easy
minor_cups_08,minor_cups_03,2.5,3,Easy
minor_cups_08,minor_cups_04,1.333,1,Hard
minor_cups_08,minor_cups_05,0.833,1,Hard
minor_cups_08,minor_cups_06,1.5,2,Medium
minor_cups_08,minor_cups_07,1.0,1,Hard
minor_cups_08,minor_cups_09,2.167,3,Easy
minor_cups_08,minor_cups_10,2.667,3,Easy
minor_cups_08,minor_cups_page,1.5,2,Medium
minor_cups_08,minor_cups_knight,1.167,1,Hard
minor_cups_08,minor_cups_queen,1.667,2,Medium
minor_cups_08,minor_cups_king,2.0,3,Easy
minor_cups_08,minor_swords_ace,1.5,2,Medium
minor_cups_08,minor_swords_02,1.667,2,Medium
minor_cups_08,minor_swords_03,0.667,1,Hard
minor_cups_08,minor_swords_04,1.667,2,Medium
minor_cups_08,minor_swords_05,1.0,1,Hard
minor_cups_08,minor_swords_06,1.0,1,Hard
minor_cups_08,minor_swords_07,0.667,1,Hard
minor_cups_08,minor_swords_08,1.5,2,Medium
minor_cups_08,minor_swords_09,1.5,2,Medium
minor_cups_08,minor_swords_10,0.833,1,Hard
minor_cups_08,minor_swords_page,1.5,2,Medium
minor_cups_08,minor_swords_knight,1.333,1,Hard
minor_cups_08,minor_swords_queen,1.5,2,Medium
minor_cups_08,minor_swords_king,1.667,2,Medium
minor_cups_08,minor_pentacles_ace,1.333,1,Hard
minor_cups_08,minor_pentacles_02,1.0,1,Hard
minor_cups_08,minor_pentacles_03,2.333,3,Easy
minor_cups_08,minor_pentacles_04,2.167,3,Easy
minor_cups_08,minor_pentacles_05,0.833,1,Hard
minor_cups_08,minor_pentacles_06,1.667,2,Medium
minor_cups_08,minor_pentacles_07,1.667,2,Medium
minor_cups_08,minor_pentacles_08,1.333,1,Hard
minor_cups_08,minor_pentacles_09,2.167,3,Easy
minor_cups_08,minor_pentacles_10,2.5,3,Easy
minor_cups_08,minor_pentacles_page,1.167,1,Hard
minor_cups_08,minor_pentacles_knight,1.5,2,Medium
minor_cups_08,minor_pentacles_queen,2.0,3,Easy
minor_cups_08,minor_pentacles_king,2.333,3,Easy
minor_cups_09,major_00_fool,2.333,3,Easy
minor_cups_09,major_01_magician,1.667,2,Medium
minor_cups_09,major_02_high_priestess,1.833,2,Medium
minor_cups_09,major_03_empress,1.5,2,Medium
minor_cups_09,major_04_emperor,1.833,2,Medium
minor_cups_09,major_05_hierophant,0.833,1,Hard
minor_cups_09,major_06_lovers,1.667,2,Medium
minor_cups_09,major_07_chariot,2.333,3,Easy
minor_cups_09,major_08_strength,1.167,1,Hard
minor_cups_09,major_09_hermit,1.5,2,Medium
minor_cups_09,major_10_wheel_of_fortune,1.667,2,Medium
minor_cups_09,major_11_justice,1.167,1,Hard
minor_cups_09,major_12_hanged_man,2.667,3,Easy
minor_cups_09,major_13_death,2.333,3,Easy
minor_cups_09,major_14_temperance,0.5,1,Hard
minor_cups_09,major_15_devil,1.5,2,Medium
minor_cups_09,major_16_tower,3.333,3,Easy
minor_cups_09,major_17_star,0.833,1,Hard
minor_cups_09,major_18_moon,2.667,3,Easy
minor_cups_09,major_19_sun,1.333,1,Hard
minor_cups_09,major_20_judgment,1.667,2,Medium
minor_cups_09,major_21_world,0.5,1,Hard
minor_cups_09,minor_wands_ace,2.167,3,Easy
minor_cups_09,minor_wands_02,1.333,1,Hard
minor_cups_09,minor_wands_03,1.167,1,Hard
minor_cups_09,minor_wands_04,0.833,1,Hard
minor_cups_09,minor_wands_05,1.833,2,Medium
minor_cups_09,minor_wands_06,1.0,1,Hard
minor_cups_09,minor_wands_07,1.833,2,Medium
minor_cups_09,minor_wands_08,1.333,1,Hard
minor_cups_09,minor_wands_09,1.333,1,Hard
minor_cups_09,minor_wands_10,1.5,2,Medium
minor_cups_09,minor_wands_page,1.833,2,Medium
minor_cups_09,minor_wands_knight,2.333,3,Easy
minor_cups_09,minor_wands_queen,1.167,1,Hard
minor_cups_09,minor_wands_king,1.333,1,Hard
minor_cups_09,minor_cups_ace,1.0,1,Hard
minor_cups_09,minor_cups_02,1.333,1,Hard
minor_cups_09,minor_cups_03,1.333,1,Hard
minor_cups_09,minor_cups_04,1.833,2,Medium
minor_cups_09,minor_cups_05,2.0,3,Easy
minor_cups_09,minor_cups_06,0.667,1,Hard
minor_cups_09,minor_cups_07,1.5,2,Medium
minor_cups_09,minor_cups_08,2.167,3,Easy
minor_cups_09,minor_cups_10,0.5,1,Hard
minor_cups_09,minor_cups_page,1.333,1,Hard
minor_cups_09,minor_cups_knight,2.333,3,Easy
minor_cups_09,minor_cups_queen,1.5,2,Medium
minor_cups_09,minor_cups_king,0.833,1,Hard
minor_cups_09,minor_swords_ace,1.0,1,Hard
minor_cups_09,minor_swords_02,1.5,2,Medium
minor_cups_09,minor_swords_03,2.167,3,Easy
minor_cups_09,minor_swords_04,1.167,1,Hard
minor_cups_09,minor_swords_05,2.167,3,Easy
minor_cups_09,minor_swords_06,1.167,1,Hard
minor_cups_09,minor_swords_07,1.5,2,Medium
minor_cups_09,minor_swords_08,2.667,3,Easy
minor_cups_09,minor_swords_09,2.667,3,Easy
minor_cups_09,minor_swords_10,2.333,3,Easy
minor_cups_09,minor_swords_page,1.0,1,Hard
minor_cups_09,minor_swords_knight,1.5,2,Medium
minor_cups_09,minor_swords_queen,0.667,1,Hard
minor_cups_09,minor_swords_king,1.167,1,Hard
minor_cups_09,minor_pentacles_ace,1.167,1,Hard
minor_cups_09,minor_pentacles_02,1.5,2,Medium
minor_cups_09,minor_pentacles_03,1.5,2,Medium
minor_cups_09,minor_pentacles_04,1.0,1,Hard
minor_cups_09,minor_pentacles_05,2.333,3,Easy
minor_cups_09,minor_pentacles_06,1.5,2,Medium
minor_cups_09,minor_pentacles_07,0.833,1,Hard
minor_cups_09,minor_pentacles_08,1.167,1,Hard
minor_cups_09,minor_pentacles_09,0.333,1,Hard
minor_cups_09,minor_pentacles_10,0.667,1,Hard
minor_cups_09,minor_pentacles_page,1.0,1,Hard
minor_cups_09,minor_pentacles_knight,1.0,1,Hard
minor_cups_09,minor_pentacles_queen,1.167,1,Hard
minor_cups_09,minor_pentacles_king,0.5,1,Hard
minor_cups_10,major_00_fool,2.833,3,Easy
minor_cups_10,major_01_magician,1.833,2,Medium
minor_cups_10,major_02_high_priestess,2.333,3,Easy
minor_cups_10,major_03_empress,1.0,1,Hard
minor_cups_10,major_04_emperor,2.333,3,Easy
minor_cups_10,major_05_hierophant,1.0,1,Hard
minor_cups_10,major_06_lovers,1.5,2,Medium
minor_cups_10,major_07_chariot,2.833,3,Easy
minor_cups_10,major_08_strength,1.333,1,Hard
minor_cups_10,major_09_hermit,2.0,3,Easy
minor_cups_10,major_10_wheel_of_fortune,2.167,3,Easy
minor_cups_10,major_11_justice,1.333,1,Hard
minor_cups_10,major_12_hanged_man,3.167,3,Easy
minor_cups_10,major_13_death,2.833,3,Easy
minor_cups_10,major_14_temperance,1.0,1,Hard
minor_cups_10,major_15_devil,1.667,2,Medium
minor_cups_10,major_16_tower,3.833,3,Easy
minor_cups_10,major_17_star,1.0,1,Hard
minor_cups_10,major_18_moon,3.167,3,Easy
minor_cups_10,major_19_sun,0.833,1,Hard
minor_cups_10,major_20_judgment,2.167,3,Easy
minor_cups_10,major_21_world,0.667,1,Hard
minor_cups_10,minor_wands_ace,2.667,3,Easy
minor_cups_10,minor_wands_02,1.833,2,Medium
minor_cups_10,minor_wands_03,1.667,2,Medium
minor_cups_10,minor_wands_04,0.667,1,Hard
minor_cups_10,minor_wands_05,2.0,3,Easy
minor_cups_10,minor_wands_06,1.167,1,Hard
minor_cups_10,minor_wands_07,2.333,3,Easy
minor_cups_10,minor_wands_08,1.833,2,Medium
minor_cups_10,minor_wands_09,1.833,2,Medium
minor_cups_10,minor_wands_10,2.0,3,Easy
minor_cups_10,minor_wands_page,2.333,3,Easy
minor_cups_10,minor_wands_knight,2.833,3,Easy
minor_cups_10,minor_wands_queen,1.333,1,Hard
minor_cups_10,minor_wands_king,1.167,1,Hard
minor_cups_10,minor_cups_ace,0.833,1,Hard
minor_cups_10,minor_cups_02,1.167,1,Hard
minor_cups_10,minor_cups_03,1.167,1,Hard
minor_cups_10,minor_cups_04,2.333,3,Easy
minor_cups_10,minor_cups_05,2.5,3,Easy
minor_cups_10,minor_cups_06,1.167,1,Hard
minor_cups_10,minor_cups_07,2.0,3,Easy
minor_cups_10,minor_cups_08,2.667,3,Easy
minor_cups_10,minor_cups_09,0.5,1,Hard
minor_cups_10,minor_cups_page,1.167,1,Hard
minor_cups_10,minor_cups_knight,2.167,3,Easy
minor_cups_10,minor_cups_queen,1.333,1,Hard
minor_cups_10,minor_cups_king,0.667,1,Hard
minor_cups_10,minor_swords_ace,1.5,2,Medium
minor_cups_10,minor_swords_02,2.0,3,Easy
minor_cups_10,minor_swords_03,2.667,3,Easy
minor_cups_10,minor_swords_04,1.667,2,Medium
minor_cups_10,minor_swords_05,2.667,3,Easy
minor_cups_10,minor_swords_06,1.667,2,Medium
minor_cups_10,minor_swords_07,2.0,3,Easy
minor_cups_10,minor_swords_08,3.167,3,Easy
minor_cups_10,minor_swords_09,3.167,3,Easy
minor_cups_10,minor_swords_10,2.833,3,Easy
minor_cups_10,minor_swords_page,1.5,2,Medium
minor_cups_10,minor_swords_knight,2.0,3,Easy
minor_cups_10,minor_swords_queen,1.167,1,Hard
minor_cups_10,minor_swords_king,1.667,2,Medium
minor_cups_10,minor_pentacles_ace,1.667,2,Medium
minor_cups_10,minor_pentacles_02,2.0,3,Easy
minor_cups_10,minor_pentacles_03,1.333,1,Hard
minor_cups_10,minor_pentacles_04,1.5,2,Medium
minor_cups_10,minor_pentacles_05,2.833,3,Easy
minor_cups_10,minor_pentacles_06,1.333,1,Hard
minor_cups_10,minor_pentacles_07,1.333,1,Hard
minor_cups_10,minor_pentacles_08,1.667,2,Medium
minor_cups_10,minor_pentacles_09,0.833,1,Hard
minor_cups_10,minor_pentacles_10,0.833,1,Hard
minor_cups_10,minor_pentacles_page,1.5,2,Medium
minor_cups_10,minor_pentacles_knight,1.5,2,Medium
minor_cups_10,minor_pentacles_queen,1.0,1,Hard
minor_cups_10,minor_pentacles_king,0.667,1,Hard
minor_cups_page,major_00_fool,2.0,3,Easy
minor_cups_page,major_01_magician,1.667,2,Medium
minor_cups_page,major_02_high_priestess,2.167,3,Easy
minor_cups_page,major_03_empress,1.167,1,Hard
minor_cups_page,major_04_emperor,1.833,2,Medium
minor_cups_page,major_05_hierophant,1.167,1,Hard
minor_cups_page,major_06_lovers,1.333,1,Hard
minor_cups_page,major_07_chariot,2.333,3,Easy
minor_cups_page,major_08_strength,0.833,1,Hard
minor_cups_page,major_09_hermit,2.167,3,Easy
minor_cups_page,major_10_wheel_of_fortune,1.333,1,Hard
minor_cups_page,major_11_justice,1.167,1,Hard
minor_cups_page,major_12_hanged_man,2.333,3,Easy
minor_cups_page,major_13_death,1.667,2,Medium
minor_cups_page,major_14_temperance,1.167,1,Hard
minor_cups_page,major_15_devil,1.167,1,Hard
minor_cups_page,major_16_tower,2.667,3,Easy
minor_cups_page,major_17_star,0.833,1,Hard
minor_cups_page,major_18_moon,2.333,3,Easy
minor_cups_page,major_19_sun,1.667,2,Medium
minor_cups_page,major_20_judgment,1.0,1,Hard
minor_cups_page,major_21_world,1.833,2,Medium
minor_cups_page,minor_wands_ace,1.5,2,Medium
minor_cups_page,minor_wands_02,1.333,1,Hard
minor_cups_page,minor_wands_03,1.167,1,Hard
minor_cups_page,minor_wands_04,1.167,1,Hard
minor_cups_page,minor_wands_05,1.167,1,Hard
minor_cups_page,minor_wands_06,1.667,2,Medium
minor_cups_page,minor_wands_07,1.833,2,Medium
minor_cups_page,minor_wands_08,0.667,1,Hard
minor_cups_page,minor_wands_09,1.333,1,Hard
minor_cups_page,minor_wands_10,1.5,2,Medium
minor_cups_page,minor_wands_page,1.167,1,Hard
minor_cups_page,minor_wands_knight,1.667,2,Medium
minor_cups_page,minor_wands_queen,1.167,1,Hard
minor_cups_page,minor_wands_king,1.333,1,Hard
minor_cups_page,minor_cups_ace,0.333,1,Hard
minor_cups_page,minor_cups_02,0.667,1,Hard
minor_cups_page,minor_cups_03,1.0,1,Hard
minor_cups_page,minor_cups_04,1.833,2,Medium
minor_cups_page,minor_cups_05,1.667,2,Medium
minor_cups_page,minor_cups_06,1.0,1,Hard
minor_cups_page,minor_cups_07,1.167,1,Hard
minor_cups_page,minor_cups_08,1.5,2,Medium
minor_cups_page,minor_cups_09,1.333,1,Hard
minor_cups_page,minor_cups_10,1.167,1,Hard
minor_cups_page,minor_cups_knight,1.0,1,Hard
minor_cups_page,minor_cups_queen,0.5,1,Hard
minor_cups_page,minor_cups_king,0.833,1,Hard
minor_cups_page,minor_swords_ace,1.0,1,Hard
minor_cups_page,minor_swords_02,1.833,2,Medium
minor_cups_page,minor_swords_03,1.5,2,Medium
minor_cups_page,minor_swords_04,1.5,2,Medium
minor_cups_page,minor_swords_05,2.167,3,Easy
minor_cups_page,minor_swords_06,0.833,1,Hard
minor_cups_page,minor_swords_07,1.5,2,Medium
minor_cups_page,minor_swords_08,2.333,3,Easy
minor_cups_page,minor_swords_09,2.333,3,Easy
minor_cups_page,minor_swords_10,2.0,3,Easy
minor_cups_page,minor_swords_page,1.0,1,Hard
minor_cups_page,minor_swords_knight,1.5,2,Medium
minor_cups_page,minor_swords_queen,1.0,1,Hard
minor_cups_page,minor_swords_king,1.5,2,Medium
minor_cups_page,minor_pentacles_ace,0.833,1,Hard
minor_cups_page,minor_pentacles_02,1.5,2,Medium
minor_cups_page,minor_pentacles_03,1.167,1,Hard
minor_cups_page,minor_pentacles_04,2.0,3,Easy
minor_cups_page,minor_pentacles_05,1.667,2,Medium
minor_cups_page,minor_pentacles_06,0.5,1,Hard
minor_cups_page,minor_pentacles_07,1.167,1,Hard
minor_cups_page,minor_pentacles_08,1.5,2,Medium
minor_cups_page,minor_pentacles_09,1.667,2,Medium
minor_cups_page,minor_pentacles_10,1.333,1,Hard
minor_cups_page,minor_pentacles_page,0.667,1,Hard
minor_cups_page,minor_pentacles_knight,1.333,1,Hard
minor_cups_page,minor_pentacles_queen,0.5,1,Hard
minor_cups_page,minor_pentacles_king,1.167,1,Hard
minor_cups_knight,major_00_fool,1.333,1,Hard
minor_cups_knight,major_01_magician,2.0,3,Easy
minor_cups_knight,major_02_high_priestess,2.833,3,Easy
minor_cups_knight,major_03_empress,1.5,2,Medium
minor_cups_knight,major_04_emperor,1.833,2,Medium
minor_cups_knight,major_05_hierophant,1.833,2,Medium
minor_cups_knight,major_06_lovers,1.333,1,Hard
minor_cups_knight,major_07_chariot,2.0,3,Easy
minor_cups_knight,major_08_strength,1.167,1,Hard
minor_cups_knight,major_09_hermit,3.167,3,Easy
minor_cups_knight,major_10_wheel_of_fortune,0.667,1,Hard
minor_cups_knight,major_11_justice,1.5,2,Medium
minor_cups_knight,major_12_hanged_man,2.333,3,Easy
minor_cups_knight,major_13_death,1.333,1,Hard
minor_cups_knight,major_14_temperance,2.167,3,Easy
minor_cups_knight,major_15_devil,1.833,2,Medium
minor_cups_knight,major_16_tower,1.667,2,Medium
minor_cups_knight,major_17_star,1.5,2,Medium
minor_cups_knight,major_18_moon,2.0,3,Easy
minor_cups_knight,major_19_sun,2.0,3,Easy
minor_cups_knight,major_20_judgment,1.0,1,Hard
minor_cups_knight,major_21_world,2.5,3,Easy
minor_cups_knight,minor_wands_ace,0.833,1,Hard
minor_cups_knight,minor_wands_02,1.333,1,Hard
minor_cups_knight,minor_wands_03,1.5,2,Medium
minor_cups_knight,minor_wands_04,1.5,2,Medium
minor_cups_knight,minor_wands_05,1.167,1,Hard
minor_cups_knight,minor_wands_06,2.0,3,Easy
minor_cups_knight,minor_wands_07,1.5,2,Medium
minor_cups_knight,minor_wands_08,1.333,1,Hard
minor_cups_knight,minor_wands_09,2.0,3,Easy
minor_cups_knight,minor_wands_10,1.5,2,Medium
minor_cups_knight,minor_wands_page,0.833,1,Hard
minor_cups_knight,minor_wands_knight,0.667,1,Hard
minor_cups_knight,minor_wands_queen,1.5,2,Medium
minor_cups_knight,minor_wands_king,1.667,2,Medium
minor_cups_knight,minor_cups_ace,1.333,1,Hard
minor_cups_knight,minor_cups_02,1.333,1,Hard
minor_cups_knight,minor_cups_03,1.667,2,Medium
minor_cups_knight,minor_cups_04,2.5,3,Easy
minor_cups_knight,minor_cups_05,2.0,3,Easy
minor_cups_knight,minor_cups_06,2.0,3,Easy
minor_cups_knight,minor_cups_07,1.5,2,Medium
minor_cups_knight,minor_cups_08,1.167,1,Hard
minor_cups_knight,minor_cups_09,2.333,3,Easy
minor_cups_knight,minor_cups_10,2.167,3,Easy
minor_cups_knight,minor_cups_page,1.0,1,Hard
minor_cups_knight,minor_cups_queen,1.5,2,Medium
minor_cups_knight,minor_cups_king,1.833,2,Medium
minor_cups_knight,minor_swords_ace,1.667,2,Medium
minor_cups_knight,minor_swords_02,2.5,3,Easy
minor_cups_knight,minor_swords_03,1.833,2,Medium
minor_cups_knight,minor_swords_04,2.5,3,Easy
minor_cups_knight,minor_swords_05,1.5,2,Medium
minor_cups_knight,minor_swords_06,1.167,1,Hard
minor_cups_knight,minor_swords_07,1.5,2,Medium
minor_cups_knight,minor_swords_08,2.333,3,Easy
minor_cups_knight,minor_swords_09,2.333,3,Easy
minor_cups_knight,minor_swords_10,1.667,2,Medium
minor_cups_knight,minor_swords_page,1.667,2,Medium
minor_cups_knight,minor_swords_knight,1.167,1,Hard
minor_cups_knight,minor_swords_queen,1.667,2,Medium
minor_cups_knight,minor_swords_king,1.5,2,Medium
minor_cups_knight,minor_pentacles_ace,1.167,1,Hard
minor_cups_knight,minor_pentacles_02,1.167,1,Hard
minor_cups_knight,minor_pentacles_03,1.5,2,Medium
minor_cups_knight,minor_pentacles_04,2.333,3,Easy
minor_cups_knight,minor_pentacles_05,1.667,2,Medium
minor_cups_knight,minor_pentacles_06,0.833,1,Hard
minor_cups_knight,minor_pentacles_07,1.833,2,Medium
minor_cups_knight,minor_pentacles_08,2.167,3,Easy
minor_cups_knight,minor_pentacles_09,2.667,3,Easy
minor_cups_knight,minor_pentacles_10,2.0,3,Easy
minor_cups_knight,minor_pentacles_page,1.333,1,Hard
minor_cups_knight,minor_pentacles_knight,2.0,3,Easy
minor_cups_knight,minor_pentacles_queen,1.167,1,Hard
minor_cups_knight,minor_pentacles_king,1.833,2,Medium
minor_cups_queen,major_00_fool,2.5,3,Easy
minor_cups_queen,major_01_magician,2.167,3,Easy
minor_cups_queen,major_02_high_priestess,2.0,3,Easy
minor_cups_queen,major_03_empress,1.333,1,Hard
minor_cups_queen,major_04_emperor,2.333,3,Easy
minor_cups_queen,major_05_hierophant,1.333,1,Hard
minor_cups_queen,major_06_lovers,1.167,1,Hard
minor_cups_queen,major_07_chariot,2.833,3,Easy
minor_cups_queen,major_08_strength,1.333,1,Hard
minor_cups_queen,major_09_hermit,2.0,3,Easy
minor_cups_queen,major_10_wheel_of_fortune,1.5,2,Medium
minor_cups_queen,major_11_justice,1.667,2,Medium
minor_cups_queen,major_12_hanged_man,2.167,3,Easy
minor_cups_queen,major_13_death,1.833,2,Medium
minor_cups_queen,major_14_temperance,1.0,1,Hard
minor_cups_queen,major_15_devil,1.0,1,Hard
minor_cups_queen,major_16_tower,3.167,3,Easy
minor_cups_queen,major_17_star,1.0,1,Hard
minor_cups_queen,major_18_moon,2.167,3,Easy
minor_cups_queen,major_19_sun,2.167,3,Easy
minor_cups_queen,major_20_judgment,1.5,2,Medium
minor_cups_queen,major_21_world,2.0,3,Easy
minor_cups_queen,minor_wands_ace,2.0,3,Easy
minor_cups_queen,minor_wands_02,1.833,2,Medium
minor_cups_queen,minor_wands_03,1.667,2,Medium
minor_cups_queen,minor_wands_04,1.667,2,Medium
minor_cups_queen,minor_wands_05,1.667,2,Medium
minor_cups_queen,minor_wands_06,2.167,3,Easy
minor_cups_queen,minor_wands_07,2.333,3,Easy
minor_cups_queen,minor_wands_08,1.167,1,Hard
minor_cups_queen,minor_wands_09,1.167,1,Hard
minor_cups_queen,minor_wands_10,2.0,3,Easy
minor_cups_queen,minor_wands_page,1.667,2,Medium
minor_cups_queen,minor_wands_knight,2.167,3,Easy
minor_cups_queen,minor_wands_queen,1.667,2,Medium
minor_cups_queen,minor_wands_king,1.833,2,Medium
minor_cups_queen,minor_cups_ace,0.833,1,Hard
minor_cups_queen,minor_cups_02,0.833,1,Hard
minor_cups_queen,minor_cups_03,1.167,1,Hard
minor_cups_queen,minor_cups_04,1.667,2,Medium
minor_cups_queen,minor_cups_05,1.5,2,Medium
minor_cups_queen,minor_cups_06,0.833,1,Hard
minor_cups_queen,minor_cups_07,1.0,1,Hard
minor_cups_queen,minor_cups_08,1.667,2,Medium
minor_cups_queen,minor_cups_09,1.5,2,Medium
minor_cups_queen,minor_cups_10,1.333,1,Hard
minor_cups_queen,minor_cups_page,0.5,1,Hard
minor_cups_queen,minor_cups_knight,1.5,2,Medium
minor_cups_queen,minor_cups_king,0.667,1,Hard
minor_cups_queen,minor_swords_ace,1.5,2,Medium
minor_cups_queen,minor_swords_02,1.667,2,Medium
minor_cups_queen,minor_swords_03,1.667,2,Medium
minor_cups_queen,minor_swords_04,1.333,1,Hard
minor_cups_queen,minor_swords_05,2.667,3,Easy
minor_cups_queen,minor_swords_06,1.333,1,Hard
minor_cups_queen,minor_swords_07,1.667,2,Medium
minor_cups_queen,minor_swords_08,2.167,3,Easy
minor_cups_queen,minor_swords_09,2.167,3,Easy
minor_cups_queen,minor_swords_10,1.833,2,Medium
minor_cups_queen,minor_swords_page,1.5,2,Medium
minor_cups_queen,minor_swords_knight,2.0,3,Easy
minor_cups_queen,minor_swords_queen,1.5,2,Medium
minor_cups_queen,minor_swords_king,2.0,3,Easy
minor_cups_queen,minor_pentacles_ace,1.333,1,Hard
minor_cups_queen,minor_pentacles_02,2.0,3,Easy
minor_cups_queen,minor_pentacles_03,1.667,2,Medium
minor_cups_queen,minor_pentacles_04,2.167,3,Easy
minor_cups_queen,minor_pentacles_05,2.167,3,Easy
minor_cups_queen,minor_pentacles_06,1.0,1,Hard
minor_cups_queen,minor_pentacles_07,1.333,1,Hard
minor_cups_queen,minor_pentacles_08,1.667,2,Medium
minor_cups_queen,minor_pentacles_09,1.833,2,Medium
minor_cups_queen,minor_pentacles_10,1.833,2,Medium
minor_cups_queen,minor_pentacles_page,1.167,1,Hard
minor_cups_queen,minor_pentacles_knight,1.833,2,Medium
minor_cups_queen,minor_pentacles_queen,1.0,1,Hard
minor_cups_queen,minor_pentacles_king,1.667,2,Medium
minor_cups_king,major_00_fool,2.833,3,Easy
minor_cups_king,major_01_magician,1.833,2,Medium
minor_cups_king,major_02_high_priestess,2.0,3,Easy
minor_cups_king,major_03_empress,1.667,2,Medium
minor_cups_king,major_04_emperor,2.0,3,Easy
minor_cups_king,major_05_hierophant,1.0,1,Hard
minor_cups_king,major_06_lovers,1.167,1,Hard
minor_cups_king,major_07_chariot,2.5,3,Easy
minor_cups_king,major_08_strength,1.0,1,Hard
minor_cups_king,major_09_hermit,1.333,1,Hard
minor_cups_king,major_10_wheel_of_fortune,1.833,2,Medium
minor_cups_king,major_11_justice,1.0,1,Hard
minor_cups_king,major_12_hanged_man,2.5,3,Easy
minor_cups_king,major_13_death,2.167,3,Easy
minor_cups_king,major_14_temperance,0.667,1,Hard
minor_cups_king,major_15_devil,1.0,1,Hard
minor_cups_king,major_16_tower,3.5,3,Easy
minor_cups_king,major_17_star,1.0,1,Hard
minor_cups_king,major_18_moon,2.5,3,Easy
minor_cups_king,major_19_sun,1.5,2,Medium
minor_cups_king,major_20_judgment,1.833,2,Medium
minor_cups_king,major_21_world,1.333,1,Hard
minor_cups_king,minor_wands_ace,2.333,3,Easy
minor_cups_king,minor_wands_02,1.5,2,Medium
minor_cups_king,minor_wands_03,1.333,1,Hard
minor_cups_king,minor_wands_04,1.0,1,Hard
minor_cups_king,minor_wands_05,1.667,2,Medium
minor_cups_king,minor_wands_06,1.5,2,Medium
minor_cups_king,minor_wands_07,2.0,3,Easy
minor_cups_king,minor_wands_08,1.5,2,Medium
minor_cups_king,minor_wands_09,1.167,1,Hard
minor_cups_king,minor_wands_10,1.667,2,Medium
minor_cups_king,minor_wands_page,2.0,3,Easy
minor_cups_king,minor_wands_knight,2.5,3,Easy
minor_cups_king,minor_wands_queen,1.0,1,Hard
minor_cups_king,minor_wands_king,1.167,1,Hard
minor_cups_king,minor_cups_ace,0.833,1,Hard
minor_cups_king,minor_cups_02,1.167,1,Hard
minor_cups_king,minor_cups_03,1.167,1,Hard
minor_cups_king,minor_cups_04,1.667,2,Medium
minor_cups_king,minor_cups_05,1.833,2,Medium
minor_cups_king,minor_cups_06,0.5,1,Hard
minor_cups_king,minor_cups_07,1.333,1,Hard
minor_cups_king,minor_cups_08,2.0,3,Easy
minor_cups_king,minor_cups_09,0.833,1,Hard
minor_cups_king,minor_cups_10,0.667,1,Hard
minor_cups_king,minor_cups_page,0.833,1,Hard
minor_cups_king,minor_cups_knight,1.833,2,Medium
minor_cups_king,minor_cups_queen,0.667,1,Hard
minor_cups_king,minor_swords_ace,1.167,1,Hard
minor_cups_king,minor_swords_02,1.333,1,Hard
minor_cups_king,minor_swords_03,2.0,3,Easy
minor_cups_king,minor_swords_04,1.0,1,Hard
minor_cups_king,minor_swords_05,2.333,3,Easy
minor_cups_king,minor_swords_06,1.333,1,Hard
minor_cups_king,minor_swords_07,1.333,1,Hard
minor_cups_king,minor_swords_08,2.5,3,Easy
minor_cups_king,minor_swords_09,2.5,3,Easy
minor_cups_king,minor_swords_10,2.167,3,Easy
minor_cups_king,minor_swords_page,1.167,1,Hard
minor_cups_king,minor_swords_knight,1.667,2,Medium
minor_cups_king,minor_swords_queen,0.833,1,Hard
minor_cups_king,minor_swords_king,1.333,1,Hard
minor_cups_king,minor_pentacles_ace,1.333,1,Hard
minor_cups_king,minor_pentacles_02,1.667,2,Medium
minor_cups_king,minor_pentacles_03,1.0,1,Hard
minor_cups_king,minor_pentacles_04,1.5,2,Medium
minor_cups_king,minor_pentacles_05,2.5,3,Easy
minor_cups_king,minor_pentacles_06,1.0,1,Hard
minor_cups_king,minor_pentacles_07,1.0,1,Hard
minor_cups_king,minor_pentacles_08,1.0,1,Hard
minor_cups_king,minor_pentacles_09,1.167,1,Hard
minor_cups_king,minor_pentacles_10,1.167,1,Hard
minor_cups_king,minor_pentacles_page,1.167,1,Hard
minor_cups_king,minor_pentacles_knight,1.167,1,Hard
minor_cups_king,minor_pentacles_queen,0.667,1,Hard
minor_cups_king,minor_pentacles_king,1.0,1,Hard
minor_swords_ace,major_00_fool,2.0,3,Easy
minor_swords_ace,major_01_magician,1.0,1,Hard
minor_swords_ace,major_02_high_priestess,2.5,3,Easy
minor_swords_ace,major_03_empress,1.833,2,Medium
minor_swords_ace,major_04_emperor,0.833,1,Hard
minor_swords_ace,major_05_hierophant,1.5,2,Medium
minor_swords_ace,major_06_lovers,1.667,2,Medium
minor_swords_ace,major_07_chariot,1.333,1,Hard
minor_swords_ace,major_08_strength,0.833,1,Hard
minor_swords_ace,major_09_hermit,1.833,2,Medium
minor_swords_ace,major_10_wheel_of_fortune,1.667,2,Medium
minor_swords_ace,major_11_justice,0.833,1,Hard
minor_swords_ace,major_12_hanged_man,2.667,3,Easy
minor_swords_ace,major_13_death,2.0,3,Easy
minor_swords_ace,major_14_temperance,1.167,1,Hard
minor_swords_ace,major_15_devil,1.833,2,Medium
minor_swords_ace,major_16_tower,2.667,3,Easy
minor_swords_ace,major_17_star,1.5,2,Medium
minor_swords_ace,major_18_moon,2.667,3,Easy
minor_swords_ace,major_19_sun,1.667,2,Medium
minor_swords_ace,major_20_judgment,1.0,1,Hard
minor_swords_ace,major_21_world,1.5,2,Medium
minor_swords_ace,minor_wands_ace,1.5,2,Medium
minor_swords_ace,minor_wands_02,0.667,1,Hard
minor_swords_ace,minor_wands_03,0.5,1,Hard
minor_swords_ace,minor_wands_04,1.167,1,Hard
minor_swords_ace,minor_wands_05,1.167,1,Hard
minor_swords_ace,minor_wands_06,1.0,1,Hard
minor_swords_ace,minor_wands_07,1.167,1,Hard
minor_swords_ace,minor_wands_08,0.667,1,Hard
minor_swords_ace,minor_wands_09,1.333,1,Hard
minor_swords_ace,minor_wands_10,0.833,1,Hard
minor_swords_ace,minor_wands_page,1.167,1,Hard
minor_swords_ace,minor_wands_knight,1.667,2,Medium
minor_swords_ace,minor_wands_queen,0.5,1,Hard
minor_swords_ace,minor_wands_king,1.0,1,Hard
minor_swords_ace,minor_cups_ace,1.333,1,Hard
minor_swords_ace,minor_cups_02,1.333,1,Hard
minor_swords_ace,minor_cups_03,1.667,2,Medium
minor_swords_ace,minor_cups_04,1.833,2,Medium
minor_swords_ace,minor_cups_05,2.0,3,Easy
minor_swords_ace,minor_cups_06,1.0,1,Hard
minor_swords_ace,minor_cups_07,1.5,2,Medium
minor_swords_ace,minor_cups_08,1.5,2,Medium
minor_swords_ace,minor_cups_09,1.0,1,Hard
minor_swords_ace,minor_cups_10,1.5,2,Medium
minor_swords_ace,minor_cups_page,1.0,1,Hard
minor_swords_ace,minor_cups_knight,1.667,2,Medium
minor_swords_ace,minor_cups_queen,1.5,2,Medium
minor_swords_ace,minor_cups_king,1.167,1,Hard
minor_swords_ace,minor_swords_02,1.5,2,Medium
minor_swords_ace,minor_swords_03,1.833,2,Medium
minor_swords_ace,minor_swords_04,1.5,2,Medium
minor_swords_ace,minor_swords_05,1.5,2,Medium
minor_swords_ace,minor_swords_06,0.5,1,Hard
minor_swords_ace,minor_swords_07,0.833,1,Hard
minor_swords_ace,minor_swords_08,2.667,3,Easy
minor_swords_ace,minor_swords_09,2.667,3,Easy
minor_swords_ace,minor_swords_10,2.333,3,Easy
minor_swords_ace,minor_swords_page,0.333,1,Hard
minor_swords_ace,minor_swords_knight,0.833,1,Hard
minor_swords_ace,minor_swords_queen,0.667,1,Hard
minor_swords_ace,minor_swords_king,0.5,1,Hard
minor_swords_ace,minor_pentacles_ace,0.5,1,Hard
minor_swords_ace,minor_pentacles_02,0.833,1,Hard
minor_swords_ace,minor_pentacles_03,1.167,1,Hard
minor_swords_ace,minor_pentacles_04,1.333,1,Hard
minor_swords_ace,minor_pentacles_05,2.0,3,Easy
minor_swords_ace,minor_pentacles_06,1.167,1,Hard
minor_swords_ace,minor_pentacles_07,1.167,1,Hard
minor_swords_ace,minor_pentacles_08,0.5,1,Hard
minor_swords_ace,minor_pentacles_09,1.333,1,Hard
minor_swords_ace,minor_pentacles_10,1.333,1,Hard
minor_swords_ace,minor_pentacles_page,0.667,1,Hard
minor_swords_ace,minor_pentacles_knight,0.667,1,Hard
minor_swords_ace,minor_pentacles_queen,1.167,1,Hard
minor_swords_ace,minor_pentacles_king,1.167,1,Hard
minor_swords_02,major_00_fool,2.833,3,Easy
minor_swords_02,major_01_magician,2.5,3,Easy
minor_swords_02,major_02_high_priestess,1.333,1,Hard
minor_swords_02,major_03_empress,3.0,3,Easy
minor_swords_02,major_04_emperor,2.0,3,Easy
minor_swords_02,major_05_hierophant,1.667,2,Medium
minor_swords_02,major_06_lovers,1.833,2,Medium
minor_swords_02,major_07_chariot,2.167,3,Easy
minor_swords_02,major_08_strength,1.667,2,Medium
minor_swords_02,major_09_hermit,0.667,1,Hard
minor_swords_02,major_10_wheel_of_fortune,1.833,2,Medium
minor_swords_02,major_11_justice,1.667,2,Medium
minor_swords_02,major_12_hanged_man,1.167,1,Hard
minor_swords_02,major_13_death,1.833,2,Medium
minor_swords_02,major_14_temperance,1.333,1,Hard
minor_swords_02,major_15_devil,1.667,2,Medium
minor_swords_02,major_16_tower,3.167,3,Easy
minor_swords_02,major_17_star,2.0,3,Easy
minor_swords_02,major_18_moon,1.167,1,Hard
minor_swords_02,major_19_sun,2.833,3,Easy
minor_swords_02,major_20_judgment,1.5,2,Medium
minor_swords_02,major_21_world,2.0,3,Easy
minor_swords_02,minor_wands_ace,2.667,3,Easy
minor_swords_02,minor_wands_02,1.5,2,Medium
minor_swords_02,minor_wands_03,1.667,2,Medium
minor_swords_02,minor_wands_04,2.333,3,Easy
minor_swords_02,minor_wands_05,2.0,3,Easy
minor_swords_02,minor_wands_06,2.5,3,Easy
minor_swords_02,minor_wands_07,1.667,2,Medium
minor_swords_02,minor_wands_08,1.833,2,Medium
minor_swords_02,minor_wands_09,0.833,1,Hard
minor_swords_02,minor_wands_10,1.667,2,Medium
minor_swords_02,minor_wands_page,2.333,3,Easy
minor_swords_02,minor_wands_knight,2.5,3,Easy
minor_swords_02,minor_wands_queen,2.0,3,Easy
minor_swords_02,minor_wands_king,2.5,3,Easy
minor_swords_02,minor_cups_ace,2.167,3,Easy
minor_swords_02,minor_cups_02,2.167,3,Easy
minor_swords_02,minor_cups_03,2.5,3,Easy
minor_swords_02,minor_cups_04,0.333,1,Hard
minor_swords_02,minor_cups_05,1.5,2,Medium
minor_swords_02,minor_cups_06,1.167,1,Hard
minor_swords_02,minor_cups_07,1.0,1,Hard
minor_swords_02,minor_cups_08,1.667,2,Medium
minor_swords_02,minor_cups_09,1.5,2,Medium
minor_swords_02,minor_cups_10,2.0,3,Easy
minor_swords_02,minor_cups_page,1.833,2,Medium
minor_swords_02,minor_cups_knight,2.5,3,Easy
minor_swords_02,minor_cups_queen,1.667,2,Medium
minor_swords_02,minor_cups_king,1.333,1,Hard
minor_swords_02,minor_swords_ace,1.5,2,Medium
minor_swords_02,minor_swords_03,1.667,2,Medium
minor_swords_02,minor_swords_04,0.667,1,Hard
minor_swords_02,minor_swords_05,2.0,3,Easy
minor_swords_02,minor_swords_06,1.333,1,Hard
minor_swords_02,minor_swords_07,1.0,1,Hard
minor_swords_02,minor_swords_08,1.167,1,Hard
minor_swords_02,minor_swords_09,1.5,2,Medium
minor_swords_02,minor_swords_10,1.5,2,Medium
minor_swords_02,minor_swords_page,1.5,2,Medium
minor_swords_02,minor_swords_knight,1.667,2,Medium
minor_swords_02,minor_swords_queen,1.167,1,Hard
minor_swords_02,minor_swords_king,1.667,2,Medium
minor_swords_02,minor_pentacles_ace,1.667,2,Medium
minor_swords_02,minor_pentacles_02,1.667,2,Medium
minor_swords_02,minor_pentacles_03,2.333,3,Easy
minor_swords_02,minor_pentacles_04,1.5,2,Medium
minor_swords_02,minor_pentacles_05,2.167,3,Easy
minor_swords_02,minor_pentacles_06,1.667,2,Medium
minor_swords_02,minor_pentacles_07,1.0,1,Hard
minor_swords_02,minor_pentacles_08,1.333,1,Hard
minor_swords_02,minor_pentacles_09,1.167,1,Hard
minor_swords_02,minor_pentacles_10,2.167,3,Easy
minor_swords_02,minor_pentacles_page,1.167,1,Hard
minor_swords_02,minor_pentacles_knight,1.5,2,Medium
minor_swords_02,minor_pentacles_queen,2.0,3,Easy
minor_swords_02,minor_pentacles_king,2.0,3,Easy
minor_swords_03,major_00_fool,2.167,3,Easy
minor_swords_03,major_01_magician,2.833,3,Easy
minor_swords_03,major_02_high_priestess,2.333,3,Easy
minor_swords_03,major_03_empress,2.667,3,Easy
minor_swords_03,major_04_emperor,2.333,3,Easy
minor_swords_03,major_05_hierophant,1.667,2,Medium
minor_swords_03,major_06_lovers,1.833,2,Medium
minor_swords_03,major_07_chariot,1.833,2,Medium
minor_swords_03,major_08_strength,1.667,2,Medium
minor_swords_03,major_09_hermit,2.333,3,Easy
minor_swords_03,major_10_wheel_of_fortune,1.5,2,Medium
minor_swords_03,major_11_justice,2.0,3,Easy
minor_swords_03,major_12_hanged_man,1.5,2,Medium
minor_swords_03,major_13_death,0.833,1,Hard
minor_swords_03,major_14_temperance,1.667,2,Medium
minor_swords_03,major_15_devil,1.0,1,Hard
minor_swords_03,major_16_tower,1.5,2,Medium
minor_swords_03,major_17_star,2.0,3,Easy
minor_swords_03,major_18_moon,1.5,2,Medium
minor_swords_03,major_19_sun,3.167,3,Easy
minor_swords_03,major_20_judgment,0.833,1,Hard
minor_swords_03,major_21_world,2.667,3,Easy
minor_swords_03,minor_wands_ace,2.0,3,Easy
minor_swords_03,minor_wands_02,1.833,2,Medium
minor_swords_03,minor_wands_03,2.0,3,Easy
minor_swords_03,minor_wands_04,2.667,3,Easy
minor_swords_03,minor_wands_05,1.0,1,Hard
minor_swords_03,minor_wands_06,2.833,3,Easy
minor_swords_03,minor_wands_07,1.333,1,Hard
minor_swords_03,minor_wands_08,1.5,2,Medium
minor_swords_03,minor_wands_09,0.833,1,Hard
minor_swords_03,minor_wands_10,1.0,1,Hard
minor_swords_03,minor_wands_page,1.667,2,Medium
minor_swords_03,minor_wands_knight,1.833,2,Medium
minor_swords_03,minor_wands_queen,2.333,3,Easy
minor_swords_03,minor_wands_king,2.833,3,Easy
minor_swords_03,minor_cups_ace,1.833,2,Medium
minor_swords_03,minor_cups_02,2.167,3,Easy
minor_swords_03,minor_cups_03,2.5,3,Easy
minor_swords_03,minor_cups_04,1.333,1,Hard
minor_swords_03,minor_cups_05,0.167,1,Hard
minor_swords_03,minor_cups_06,1.5,2,Medium
minor_swords_03,minor_cups_07,1.0,1,Hard
minor_swords_03,minor_cups_08,0.667,1,Hard
minor_swords_03,minor_cups_09,2.167,3,Easy
minor_swords_03,minor_cups_10,2.667,3,Easy
minor_swords_03,minor_cups_page,1.5,2,Medium
minor_swords_03,minor_cups_knight,1.833,2,Medium
minor_swords_03,minor_cups_queen,1.667,2,Medium
minor_swords_03,minor_cups_king,2.0,3,Easy
minor_swords_03,minor_swords_ace,1.833,2,Medium
minor_swords_03,minor_swords_02,1.667,2,Medium
minor_swords_03,minor_swords_04,1.667,2,Medium
minor_swords_03,minor_swords_05,1.0,1,Hard
minor_swords_03,minor_swords_06,1.333,1,Hard
minor_swords_03,minor_swords_07,1.0,1,Hard
minor_swords_03,minor_swords_08,1.167,1,Hard
minor_swords_03,minor_swords_09,0.833,1,Hard
minor_swords_03,minor_swords_10,0.833,1,Hard
minor_swords_03,minor_swords_page,1.833,2,Medium
minor_swords_03,minor_swords_knight,1.667,2,Medium
minor_swords_03,minor_swords_queen,1.5,2,Medium
minor_swords_03,minor_swords_king,2.0,3,Easy
minor_swords_03,minor_pentacles_ace,1.667,2,Medium
minor_swords_03,minor_pentacles_02,1.333,1,Hard
minor_swords_03,minor_pentacles_03,2.667,3,Easy
minor_swords_03,minor_pentacles_04,2.167,3,Easy
minor_swords_03,minor_pentacles_05,0.5,1,Hard
minor_swords_03,minor_pentacles_06,1.667,2,Medium
minor_swords_03,minor_pentacles_07,1.667,2,Medium
minor_swords_03,minor_pentacles_08,1.667,2,Medium
minor_swords_03,minor_pentacles_09,2.167,3,Easy
minor_swords_03,minor_pentacles_10,2.5,3,Easy
minor_swords_03,minor_pentacles_page,1.167,1,Hard
minor_swords_03,minor_pentacles_knight,1.5,2,Medium
minor_swords_03,minor_pentacles_queen,2.0,3,Easy
minor_swords_03,minor_pentacles_king,2.333,3,Easy
minor_swords_04,major_00_fool,2.5,3,Easy
minor_swords_04,major_01_magician,2.5,3,Easy
minor_swords_04,major_02_high_priestess,1.0,1,Hard
minor_swords_04,major_03_empress,2.333,3,Easy
minor_swords_04,major_04_emperor,2.333,3,Easy
minor_swords_04,major_05_hierophant,1.333,1,Hard
minor_swords_04,major_06_lovers,2.167,3,Easy
minor_swords_04,major_07_chariot,2.5,3,Easy
minor_swords_04,major_08_strength,1.333,1,Hard
minor_swords_04,major_09_hermit,0.667,1,Hard
minor_swords_04,major_10_wheel_of_fortune,1.833,2,Medium
minor_swords_04,major_11_justice,1.667,2,Medium
minor_swords_04,major_12_hanged_man,1.5,2,Medium
minor_swords_04,major_13_death,1.833,2,Medium
minor_swords_04,major_14_temperance,0.667,1,Hard
minor_swords_04,major_15_devil,1.333,1,Hard
minor_swords_04,major_16_tower,3.167,3,Easy
minor_swords_04,major_17_star,1.333,1,Hard
minor_swords_04,major_18_moon,1.5,2,Medium
minor_swords_04,major_19_sun,2.5,3,Easy
minor_swords_04,major_20_judgment,1.5,2,Medium
minor_swords_04,major_21_world,1.667,2,Medium
minor_swords_04,minor_wands_ace,2.333,3,Easy
minor_swords_04,minor_wands_02,1.833,2,Medium
minor_swords_04,minor_wands_03,1.667,2,Medium
minor_swords_04,minor_wands_04,2.0,3,Easy
minor_swords_04,minor_wands_05,2.0,3,Easy
minor_swords_04,minor_wands_06,2.167,3,Easy
minor_swords_04,minor_wands_07,2.0,3,Easy
minor_swords_04,minor_wands_08,1.5,2,Medium
minor_swords_04,minor_wands_09,0.833,1,Hard
minor_swords_04,minor_wands_10,2.0,3,Easy
minor_swords_04,minor_wands_page,2.0,3,Easy
minor_swords_04,minor_wands_knight,2.5,3,Easy
minor_swords_04,minor_wands_queen,1.667,2,Medium
minor_swords_04,minor_wands_king,2.167,3,Easy
minor_swords_04,minor_cups_ace,1.5,2,Medium
minor_swords_04,minor_cups_02,1.833,2,Medium
minor_swords_04,minor_cups_03,1.833,2,Medium
minor_swords_04,minor_cups_04,0.667,1,Hard
minor_swords_04,minor_cups_05,1.5,2,Medium
minor_swords_04,minor_cups_06,0.5,1,Hard
minor_swords_04,minor_cups_07,1.0,1,Hard
minor_swords_04,minor_cups_08,1.667,2,Medium
minor_swords_04,minor_cups_09,1.167,1,Hard
minor_swords_04,minor_cups_10,1.667,2,Medium
minor_swords_04,minor_cups_page,1.5,2,Medium
minor_swords_04,minor_cups_knight,2.5,3,Easy
minor_swords_04,minor_cups_queen,1.333,1,Hard
minor_swords_04,minor_cups_king,1.0,1,Hard
minor_swords_04,minor_swords_ace,1.5,2,Medium
minor_swords_04,minor_swords_02,0.667,1,Hard
minor_swords_04,minor_swords_03,1.667,2,Medium
minor_swords_04,minor_swords_05,2.333,3,Easy
minor_swords_04,minor_swords_06,1.333,1,Hard
minor_swords_04,minor_swords_07,1.333,1,Hard
minor_swords_04,minor_swords_08,1.5,2,Medium
minor_swords_04,minor_swords_09,1.833,2,Medium
minor_swords_04,minor_swords_10,1.5,2,Medium
minor_swords_04,minor_swords_page,1.5,2,Medium
minor_swords_04,minor_swords_knight,2.0,3,Easy
minor_swords_04,minor_swords_queen,1.167,1,Hard
minor_swords_04,minor_swords_king,1.667,2,Medium
minor_swords_04,minor_pentacles_ace,1.333,1,Hard
minor_swords_04,minor_pentacles_02,2.0,3,Easy
minor_swords_04,minor_pentacles_03,2.0,3,Easy
minor_swords_04,minor_pentacles_04,1.5,2,Medium
minor_swords_04,minor_pentacles_05,2.167,3,Easy
minor_swords_04,minor_pentacles_06,1.667,2,Medium
minor_swords_04,minor_pentacles_07,0.667,1,Hard
minor_swords_04,minor_pentacles_08,1.0,1,Hard
minor_swords_04,minor_pentacles_09,1.167,1,Hard
minor_swords_04,minor_pentacles_10,1.833,2,Medium
minor_swords_04,minor_pentacles_page,1.167,1,Hard
minor_swords_04,minor_pentacles_knight,1.5,2,Medium
minor_swords_04,minor_pentacles_queen,1.333,1,Hard
minor_swords_04,minor_pentacles_king,1.667,2,Medium
minor_swords_05,major_00_fool,1.833,2,Medium
minor_swords_05,major_01_magician,2.167,3,Easy
minor_swords_05,major_02_high_priestess,3.333,3,Easy
minor_swords_05,major_03_empress,2.667,3,Easy
minor_swords_05,major_04_emperor,1.667,2,Medium
minor_swords_05,major_05_hierophant,2.0,3,Easy
minor_swords_05,major_06_lovers,1.5,2,Medium
minor_swords_05,major_07_chariot,1.167,1,Hard
minor_swords_05,major_08_strength,1.667,2,Medium
minor_swords_05,major_09_hermit,2.667,3,Easy
minor_swords_05,major_10_wheel_of_fortune,1.5,2,Medium
minor_swords_05,major_11_justice,1.667,2,Medium
minor_swords_05,major_12_hanged_man,2.5,3,Easy
minor_swords_05,major_13_death,1.5,2,Medium
minor_swords_05,major_14_temperance,2.333,3,Easy
minor_swords_05,major_15_devil,2.0,3,Easy
minor_swords_05,major_16_tower,1.167,1,Hard
minor_swords_05,major_17_star,2.333,3,Easy
minor_swords_05,major_18_moon,2.167,3,Easy
minor_swords_05,major_19_sun,2.5,3,Easy
minor_swords_05,major_20_judgment,1.167,1,Hard
minor_swords_05,major_21_world,2.333,3,Easy
minor_swords_05,minor_wands_ace,1.667,2,Medium
minor_swords_05,minor_wands_02,1.167,1,Hard
minor_swords_05,minor_wands_03,1.333,1,Hard
minor_swords_05,minor_wands_04,2.0,3,Easy
minor_swords_05,minor_wands_05,1.0,1,Hard
minor_swords_05,minor_wands_06,2.167,3,Easy
minor_swords_05,minor_wands_07,0.667,1,Hard
minor_swords_05,minor_wands_08,1.833,2,Medium
minor_swords_05,minor_wands_09,1.5,2,Medium
minor_swords_05,minor_wands_10,0.667,1,Hard
minor_swords_05,minor_wands_page,1.667,2,Medium
minor_swords_05,minor_wands_knight,1.5,2,Medium
minor_swords_05,minor_wands_queen,1.667,2,Medium
minor_swords_05,minor_wands_king,2.167,3,Easy
minor_swords_05,minor_cups_ace,2.5,3,Easy
minor_swords_05,minor_cups_02,2.167,3,Easy
minor_swords_05,minor_cups_03,2.5,3,Easy
minor_swords_05,minor_cups_04,2.0,3,Easy
minor_swords_05,minor_cups_05,1.167,1,Hard
minor_swords_05,minor_cups_06,2.167,3,Easy
minor_swords_05,minor_cups_07,2.0,3,Easy
minor_swords_05,minor_cups_08,1.0,1,Hard
minor_swords_05,minor_cups_09,2.167,3,Easy
minor_swords_05,minor_cups_10,2.667,3,Easy
minor_swords_05,minor_cups_page,2.167,3,Easy
minor_swords_05,minor_cups_knight,1.5,2,Medium
minor_swords_05,minor_cups_queen,2.667,3,Easy
minor_swords_05,minor_cups_king,2.333,3,Easy
minor_swords_05,minor_swords_ace,1.5,2,Medium
minor_swords_05,minor_swords_02,2.0,3,Easy
minor_swords_05,minor_swords_03,1.0,1,Hard
minor_swords_05,minor_swords_04,2.333,3,Easy
minor_swords_05,minor_swords_06,1.333,1,Hard
minor_swords_05,minor_swords_07,1.0,1,Hard
minor_swords_05,minor_swords_08,2.167,3,Easy
minor_swords_05,minor_swords_09,1.833,2,Medium
minor_swords_05,minor_swords_10,1.5,2,Medium
minor_swords_05,minor_swords_page,1.5,2,Medium
minor_swords_05,minor_swords_knight,1.0,1,Hard
minor_swords_05,minor_swords_queen,1.5,2,Medium
minor_swords_05,minor_swords_king,1.333,1,Hard
minor_swords_05,minor_pentacles_ace,1.333,1,Hard
minor_swords_05,minor_pentacles_02,0.667,1,Hard
minor_swords_05,minor_pentacles_03,2.0,3,Easy
minor_swords_05,minor_pentacles_04,1.833,2,Medium
minor_swords_05,minor_pentacles_05,0.833,1,Hard
minor_swords_05,minor_pentacles_06,1.667,2,Medium
minor_swords_05,minor_pentacles_07,2.0,3,Easy
minor_swords_05,minor_pentacles_08,1.667,2,Medium
minor_swords_05,minor_pentacles_09,2.167,3,Easy
minor_swords_05,minor_pentacles_10,2.167,3,Easy
minor_swords_05,minor_pentacles_page,1.5,2,Medium
minor_swords_05,minor_pentacles_knight,1.5,2,Medium
minor_swords_05,minor_pentacles_queen,2.0,3,Easy
minor_swords_05,minor_pentacles_king,2.0,3,Easy
minor_swords_06,major_00_fool,1.833,2,Medium
minor_swords_06,major_01_magician,1.5,2,Medium
minor_swords_06,major_02_high_priestess,2.333,3,Easy
minor_swords_06,major_03_empress,1.667,2,Medium
minor_swords_06,major_04_emperor,1.0,1,Hard
minor_swords_06,major_05_hierophant,1.0,1,Hard
minor_swords_06,major_06_lovers,1.5,2,Medium
minor_swords_06,major_07_chariot,1.5,2,Medium
minor_swords_06,major_08_strength,0.333,1,Hard
minor_swords_06,major_09_hermit,2.0,3,Easy
minor_swords_06,major_10_wheel_of_fortune,1.167,1,Hard
minor_swords_06,major_11_justice,1.0,1,Hard
minor_swords_06,major_12_hanged_man,2.167,3,Easy
minor_swords_06,major_13_death,1.5,2,Medium
minor_swords_06,major_14_temperance,1.0,1,Hard
minor_swords_06,major_15_devil,1.333,1,Hard
minor_swords_06,major_16_tower,2.167,3,Easy
minor_swords_06,major_17_star,1.333,1,Hard
minor_swords_06,major_18_moon,2.167,3,Easy
minor_swords_06,major_19_sun,1.833,2,Medium
minor_swords_06,major_20_judgment,0.5,1,Hard
minor_swords_06,major_21_world,1.667,2,Medium
minor_swords_06,minor_wands_ace,1.333,1,Hard
minor_swords_06,minor_wands_02,0.5,1,Hard
minor_swords_06,minor_wands_03,0.667,1,Hard
minor_swords_06,minor_wands_04,1.333,1,Hard
minor_swords_06,minor_wands_05,0.667,1,Hard
minor_swords_06,minor_wands_06,1.5,2,Medium
minor_swords_06,minor_wands_07,1.0,1,Hard
minor_swords_06,minor_wands_08,0.5,1,Hard
minor_swords_06,minor_wands_09,0.833,1,Hard
minor_swords_06,minor_wands_10,0.667,1,Hard
minor_swords_06,minor_wands_page,1.0,1,Hard
minor_swords_06,minor_wands_knight,1.167,1,Hard
minor_swords_06,minor_wands_queen,1.0,1,Hard
minor_swords_06,minor_wands_king,1.5,2,Medium
minor_swords_06,minor_cups_ace,1.167,1,Hard
minor_swords_06,minor_cups_02,1.167,1,Hard
minor_swords_06,minor_cups_03,1.5,2,Medium
minor_swords_06,minor_cups_04,1.333,1,Hard
minor_swords_06,minor_cups_05,1.5,2,Medium
minor_swords_06,minor_cups_06,0.833,1,Hard
minor_swords_06,minor_cups_07,1.0,1,Hard
minor_swords_06,minor_cups_08,1.0,1,Hard
minor_swords_06,minor_cups_09,1.167,1,Hard
minor_swords_06,minor_cups_10,1.667,2,Medium
minor_swords_06,minor_cups_page,0.833,1,Hard
minor_swords_06,minor_cups_knight,1.167,1,Hard
minor_swords_06,minor_cups_queen,1.333,1,Hard
minor_swords_06,minor_cups_king,1.333,1,Hard
minor_swords_06,minor_swords_ace,0.5,1,Hard
minor_swords_06,minor_swords_02,1.333,1,Hard
minor_swords_06,minor_swords_03,1.333,1,Hard
minor_swords_06,minor_swords_04,1.333,1,Hard
minor_swords_06,minor_swords_05,1.333,1,Hard
minor_swords_06,minor_swords_07,0.667,1,Hard
minor_swords_06,minor_swords_08,2.167,3,Easy
minor_swords_06,minor_swords_09,2.167,3,Easy
minor_swords_06,minor_swords_10,1.833,2,Medium
minor_swords_06,minor_swords_page,0.5,1,Hard
minor_swords_06,minor_swords_knight,0.667,1,Hard
minor_swords_06,minor_swords_queen,0.5,1,Hard
minor_swords_06,minor_swords_king,0.667,1,Hard
minor_swords_06,minor_pentacles_ace,0.333,1,Hard
minor_swords_06,minor_pentacles_02,0.667,1,Hard
minor_swords_06,minor_pentacles_03,1.333,1,Hard
minor_swords_06,minor_pentacles_04,1.5,2,Medium
minor_swords_06,minor_pentacles_05,1.5,2,Medium
minor_swords_06,minor_pentacles_06,0.667,1,Hard
minor_swords_06,minor_pentacles_07,0.667,1,Hard
minor_swords_06,minor_pentacles_08,1.0,1,Hard
minor_swords_06,minor_pentacles_09,1.5,2,Medium
minor_swords_06,minor_pentacles_10,1.5,2,Medium
minor_swords_06,minor_pentacles_page,0.167,1,Hard
minor_swords_06,minor_pentacles_knight,0.833,1,Hard
minor_swords_06,minor_pentacles_queen,1.0,1,Hard
minor_swords_06,minor_pentacles_king,1.333,1,Hard
minor_swords_07,major_00_fool,1.833,2,Medium
minor_swords_07,major_01_magician,1.833,2,Medium
minor_swords_07,major_02_high_priestess,2.333,3,Easy
minor_swords_07,major_03_empress,2.333,3,Easy
minor_swords_07,major_04_emperor,1.333,1,Hard
minor_swords_07,major_05_hierophant,1.667,2,Medium
minor_swords_07,major_06_lovers,1.5,2,Medium
minor_swords_07,major_07_chariot,1.167,1,Hard
minor_swords_07,major_08_strength,1.0,1,Hard
minor_swords_07,major_09_hermit,1.667,2,Medium
minor_swords_07,major_10_wheel_of_fortune,1.5,2,Medium
minor_swords_07,major_11_justice,1.333,1,Hard
minor_swords_07,major_12_hanged_man,1.833,2,Medium
minor_swords_07,major_13_death,1.167,1,Hard
minor_swords_07,major_14_temperance,1.333,1,Hard
minor_swords_07,major_15_devil,1.667,2,Medium
minor_swords_07,major_16_tower,2.167,3,Easy
minor_swords_07,major_17_star,2.0,3,Easy
minor_swords_07,major_18_moon,1.833,2,Medium
minor_swords_07,major_19_sun,2.167,3,Easy
minor_swords_07,major_20_judgment,0.5,1,Hard
minor_swords_07,major_21_world,2.0,3,Easy
minor_swords_07,minor_wands_ace,1.667,2,Medium
minor_swords_07,minor_wands_02,0.833,1,Hard
minor_swords_07,minor_wands_03,1.0,1,Hard
minor_swords_07,minor_wands_04,1.667,2,Medium
minor_swords_07,minor_wands_05,1.0,1,Hard
minor_swords_07,minor_wands_06,1.833,2,Medium
minor_swords_07,minor_wands_07,0.667,1,Hard
minor_swords_07,minor_wands_08,1.167,1,Hard
minor_swords_07,minor_wands_09,0.833,1,Hard
minor_swords_07,minor_wands_10,0.667,1,Hard
minor_swords_07,minor_wands_page,1.333,1,Hard
minor_swords_07,minor_wands_knight,1.5,2,Medium
minor_swords_07,minor_wands_queen,1.333,1,Hard
minor_swords_07,minor_wands_king,1.833,2,Medium
minor_swords_07,minor_cups_ace,1.833,2,Medium
minor_swords_07,minor_cups_02,1.833,2,Medium
minor_swords_07,minor_cups_03,2.167,3,Easy
minor_swords_07,minor_cups_04,1.333,1,Hard
minor_swords_07,minor_cups_05,1.167,1,Hard
minor_swords_07,minor_cups_06,1.167,1,Hard
minor_swords_07,minor_cups_07,1.0,1,Hard
minor_swords_07,minor_cups_08,0.667,1,Hard
minor_swords_07,minor_cups_09,1.5,2,Medium
minor_swords_07,minor_cups_10,2.0,3,Easy
minor_swords_07,minor_cups_page,1.5,2,Medium
minor_swords_07,minor_cups_knight,1.5,2,Medium
minor_swords_07,minor_cups_queen,1.667,2,Medium
minor_swords_07,minor_cups_king,1.333,1,Hard
minor_swords_07,minor_swords_ace,0.833,1,Hard
minor_swords_07,minor_swords_02,1.0,1,Hard
minor_swords_07,minor_swords_03,1.0,1,Hard
minor_swords_07,minor_swords_04,1.333,1,Hard
minor_swords_07,minor_swords_05,1.0,1,Hard
minor_swords_07,minor_swords_06,0.667,1,Hard
minor_swords_07,minor_swords_08,1.833,2,Medium
minor_swords_07,minor_swords_09,1.833,2,Medium
minor_swords_07,minor_swords_10,1.5,2,Medium
minor_swords_07,minor_swords_page,0.833,1,Hard
minor_swords_07,minor_swords_knight,0.667,1,Hard
minor_swords_07,minor_swords_queen,0.833,1,Hard
minor_swords_07,minor_swords_king,1.0,1,Hard
minor_swords_07,minor_pentacles_ace,1.0,1,Hard
minor_swords_07,minor_pentacles_02,0.667,1,Hard
minor_swords_07,minor_pentacles_03,1.667,2,Medium
minor_swords_07,minor_pentacles_04,1.5,2,Medium
minor_swords_07,minor_pentacles_05,1.5,2,Medium
minor_swords_07,minor_pentacles_06,1.333,1,Hard
minor_swords_07,minor_pentacles_07,1.333,1,Hard
minor_swords_07,minor_pentacles_08,0.667,1,Hard
minor_swords_07,minor_pentacles_09,1.5,2,Medium
minor_swords_07,minor_pentacles_10,1.833,2,Medium
minor_swords_07,minor_pentacles_page,0.833,1,Hard
minor_swords_07,minor_pentacles_knight,1.167,1,Hard
minor_swords_07,minor_pentacles_queen,1.667,2,Medium
minor_swords_07,minor_pentacles_king,1.667,2,Medium
minor_swords_08,major_00_fool,2.667,3,Easy
minor_swords_08,major_01_magician,3.667,3,Easy
minor_swords_08,major_02_high_priestess,1.167,1,Hard
minor_swords_08,major_03_empress,3.5,3,Easy
minor_swords_08,major_04_emperor,3.167,3,Easy
minor_swords_08,major_05_hierophant,2.167,3,Easy
minor_swords_08,major_06_lovers,2.333,3,Easy
minor_swords_08,major_07_chariot,2.667,3,Easy
minor_swords_08,major_08_strength,2.5,3,Easy
minor_swords_08,major_09_hermit,1.5,2,Medium
minor_swords_08,major_10_wheel_of_fortune,1.667,2,Medium
minor_swords_08,major_11_justice,2.833,3,Easy
minor_swords_08,major_12_hanged_man,0.667,1,Hard
minor_swords_08,major_13_death,1.333,1,Hard
minor_swords_08,major_14_temperance,2.167,3,Easy
minor_swords_08,major_15_devil,1.5,2,Medium
minor_swords_08,major_16_tower,2.333,3,Easy
minor_swords_08,major_17_star,2.5,3,Easy
minor_swords_08,major_18_moon,0.333,1,Hard
minor_swords_08,major_19_sun,4.0,3,Easy
minor_swords_08,major_20_judgment,1.667,2,Medium
minor_swords_08,major_21_world,3.167,3,Easy
minor_swords_08,minor_wands_ace,2.5,3,Easy
minor_swords_08,minor_wands_02,2.667,3,Easy
minor_swords_08,minor_wands_03,2.833,3,Easy
minor_swords_08,minor_wands_04,3.5,3,Easy
minor_swords_08,minor_wands_05,1.833,2,Medium
minor_swords_08,minor_wands_06,3.667,3,Easy
minor_swords_08,minor_wands_07,2.167,3,Easy
minor_swords_08,minor_wands_08,2.333,3,Easy
minor_swords_08,minor_wands_09,1.333,1,Hard
minor_swords_08,minor_wands_10,1.833,2,Medium
minor_swords_08,minor_wands_page,2.167,3,Easy
minor_swords_08,minor_wands_knight,2.333,3,Easy
minor_swords_08,minor_wands_queen,3.167,3,Easy
minor_swords_08,minor_wands_king,3.667,3,Easy
minor_swords_08,minor_cups_ace,2.667,3,Easy
minor_swords_08,minor_cups_02,3.0,3,Easy
minor_swords_08,minor_cups_03,3.333,3,Easy
minor_swords_08,minor_cups_04,0.833,1,Hard
minor_swords_08,minor_cups_05,1.0,1,Hard
minor_swords_08,minor_cups_06,2.0,3,Easy
minor_swords_08,minor_cups_07,1.167,1,Hard
minor_swords_08,minor_cups_08,1.5,2,Medium
minor_swords_08,minor_cups_09,2.667,3,Easy
minor_swords_08,minor_cups_10,3.167,3,Easy
minor_swords_08,minor_cups_page,2.333,3,Easy
minor_swords_08,minor_cups_knight,2.333,3,Easy
minor_swords_08,minor_cups_queen,2.167,3,Easy
minor_swords_08,minor_cups_king,2.5,3,Easy
minor_swords_08,minor_swords_ace,2.667,3,Easy
minor_swords_08,minor_swords_02,1.167,1,Hard
minor_swords_08,minor_swords_03,1.167,1,Hard
minor_swords_08,minor_swords_04,1.5,2,Medium
minor_swords_08,minor_swords_05,2.167,3,Easy
minor_swords_08,minor_swords_06,2.167,3,Easy
minor_swords_08,minor_swords_07,1.833,2,Medium
minor_swords_08,minor_swords_09,0.333,1,Hard
minor_swords_08,minor_swords_10,0.667,1,Hard
minor_swords_08,minor_swords_page,2.667,3,Easy
minor_swords_08,minor_swords_knight,2.5,3,Easy
minor_swords_08,minor_swords_queen,2.333,3,Easy
minor_swords_08,minor_swords_king,2.833,3,Easy
minor_swords_08,minor_pentacles_ace,2.5,3,Easy
minor_swords_08,minor_pentacles_02,2.167,3,Easy
minor_swords_08,minor_pentacles_03,3.5,3,Easy
minor_swords_08,minor_pentacles_04,2.667,3,Easy
minor_swords_08,minor_pentacles_05,1.667,2,Medium
minor_swords_08,minor_pentacles_06,2.5,3,Easy
minor_swords_08,minor_pentacles_07,1.833,2,Medium
minor_swords_08,minor_pentacles_08,2.5,3,Easy
minor_swords_08,minor_pentacles_09,2.333,3,Easy
minor_swords_08,minor_pentacles_10,3.333,3,Easy
minor_swords_08,minor_pentacles_page,2.0,3,Easy
minor_swords_08,minor_pentacles_knight,2.333,3,Easy
minor_swords_08,minor_pentacles_queen,2.833,3,Easy
minor_swords_08,minor_pentacles_king,3.167,3,Easy
minor_swords_09,major_00_fool,2.667,3,Easy
minor_swords_09,major_01_magician,3.667,3,Easy
minor_swords_09,major_02_high_priestess,1.5,2,Medium
minor_swords_09,major_03_empress,3.5,3,Easy
minor_swords_09,major_04_emperor,3.167,3,Easy
minor_swords_09,major_05_hierophant,2.167,3,Easy
minor_swords_09,major_06_lovers,2.333,3,Easy
minor_swords_09,major_07_chariot,2.667,3,Easy
minor_swords_09,major_08_strength,2.5,3,Easy
minor_swords_09,major_09_hermit,1.833,2,Medium
minor_swords_09,major_10_wheel_of_fortune,1.667,2,Medium
minor_swords_09,major_11_justice,2.833,3,Easy
minor_swords_09,major_12_hanged_man,1.0,1,Hard
minor_swords_09,major_13_death,1.333,1,Hard
minor_swords_09,major_14_temperance,2.167,3,Easy
minor_swords_09,major_15_devil,1.5,2,Medium
minor_swords_09,major_16_tower,2.0,3,Easy
minor_swords_09,major_17_star,2.5,3,Easy
minor_swords_09,major_18_moon,0.667,1,Hard
minor_swords_09,major_19_sun,4.0,3,Easy
minor_swords_09,major_20_judgment,1.667,2,Medium
minor_swords_09,major_21_world,3.167,3,Easy
minor_swords_09,minor_wands_ace,2.5,3,Easy
minor_swords_09,minor_wands_02,2.667,3,Easy
minor_swords_09,minor_wands_03,2.833,3,Easy
minor_swords_09,minor_wands_04,3.5,3,Easy
minor_swords_09,minor_wands_05,1.833,2,Medium
minor_swords_09,minor_wands_06,3.667,3,Easy
minor_swords_09,minor_wands_07,2.167,3,Easy
minor_swords_09,minor_wands_08,2.333,3,Easy
minor_swords_09,minor_wands_09,1.333,1,Hard
minor_swords_09,minor_wands_10,1.833,2,Medium
minor_swords_09,minor_wands_page,2.167,3,Easy
minor_swords_09,minor_wands_knight,2.333,3,Easy
minor_swords_09,minor_wands_queen,3.167,3,Easy
minor_swords_09,minor_wands_king,3.667,3,Easy
minor_swords_09,minor_cups_ace,2.667,3,Easy
minor_swords_09,minor_cups_02,3.0,3,Easy
minor_swords_09,minor_cups_03,3.333,3,Easy
minor_swords_09,minor_cups_04,1.167,1,Hard
minor_swords_09,minor_cups_05,0.667,1,Hard
minor_swords_09,minor_cups_06,2.0,3,Easy
minor_swords_09,minor_cups_07,1.167,1,Hard
minor_swords_09,minor_cups_08,1.5,2,Medium
minor_swords_09,minor_cups_09,2.667,3,Easy
minor_swords_09,minor_cups_10,3.167,3,Easy
minor_swords_09,minor_cups_page,2.333,3,Easy
minor_swords_09,minor_cups_knight,2.333,3,Easy
minor_swords_09,minor_cups_queen,2.167,3,Easy
minor_swords_09,minor_cups_king,2.5,3,Easy
minor_swords_09,minor_swords_ace,2.667,3,Easy
minor_swords_09,minor_swords_02,1.5,2,Medium
minor_swords_09,minor_swords_03,0.833,1,Hard
minor_swords_09,minor_swords_04,1.833,2,Medium
minor_swords_09,minor_swords_05,1.833,2,Medium
minor_swords_09,minor_swords_06,2.167,3,Easy
minor_swords_09,minor_swords_07,1.833,2,Medium
minor_swords_09,minor_swords_08,0.333,1,Hard
minor_swords_09,minor_swords_10,1.0,1,Hard
minor_swords_09,minor_swords_page,2.667,3,Easy
minor_swords_09,minor_swords_knight,2.5,3,Easy
minor_swords_09,minor_swords_queen,2.333,3,Easy
minor_swords_09,minor_swords_king,2.833,3,Easy
minor_swords_09,minor_pentacles_ace,2.5,3,Easy
minor_swords_09,minor_pentacles_02,2.167,3,Easy
minor_swords_09,minor_pentacles_03,3.5,3,Easy
minor_swords_09,minor_pentacles_04,2.667,3,Easy
minor_swords_09,minor_pentacles_05,1.333,1,Hard
minor_swords_09,minor_pentacles_06,2.5,3,Easy
minor_swords_09,minor_pentacles_07,2.167,3,Easy
minor_swords_09,minor_pentacles_08,2.5,3,Easy
minor_swords_09,minor_pentacles_09,2.333,3,Easy
minor_swords_09,minor_pentacles_10,3.333,3,Easy
minor_swords_09,minor_pentacles_page,2.0,3,Easy
minor_swords_09,minor_pentacles_knight,2.333,3,Easy
minor_swords_09,minor_pentacles_queen,2.833,3,Easy
minor_swords_09,minor_pentacles_king,3.167,3,Easy
minor_swords_10,major_00_fool,2.0,3,Easy
minor_swords_10,major_01_magician,3.333,3,Easy
minor_swords_10,major_02_high_priestess,1.833,2,Medium
minor_swords_10,major_03_empress,3.167,3,Easy
minor_swords_10,major_04_emperor,2.833,3,Easy
minor_swords_10,major_05_hierophant,1.833,2,Medium
minor_swords_10,major_06_lovers,2.0,3,Easy
minor_swords_10,major_07_chariot,2.333,3,Easy
minor_swords_10,major_08_strength,2.167,3,Easy
minor_swords_10,major_09_hermit,2.167,3,Easy
minor_swords_10,major_10_wheel_of_fortune,1.0,1,Hard
minor_swords_10,major_11_justice,2.5,3,Easy
minor_swords_10,major_12_hanged_man,1.0,1,Hard
minor_swords_10,major_13_death,0.667,1,Hard
minor_swords_10,major_14_temperance,1.833,2,Medium
minor_swords_10,major_15_devil,1.167,1,Hard
minor_swords_10,major_16_tower,1.667,2,Medium
minor_swords_10,major_17_star,2.167,3,Easy
minor_swords_10,major_18_moon,0.667,1,Hard
minor_swords_10,major_19_sun,3.667,3,Easy
minor_swords_10,major_20_judgment,1.333,1,Hard
minor_swords_10,major_21_world,2.833,3,Easy
minor_swords_10,minor_wands_ace,1.833,2,Medium
minor_swords_10,minor_wands_02,2.333,3,Easy
minor_swords_10,minor_wands_03,2.5,3,Easy
minor_swords_10,minor_wands_04,3.167,3,Easy
minor_swords_10,minor_wands_05,1.5,2,Medium
minor_swords_10,minor_wands_06,3.333,3,Easy
minor_swords_10,minor_wands_07,1.833,2,Medium
minor_swords_10,minor_wands_08,2.0,3,Easy
minor_swords_10,minor_wands_09,1.0,1,Hard
minor_swords_10,minor_wands_10,1.5,2,Medium
minor_swords_10,minor_wands_page,1.833,2,Medium
minor_swords_10,minor_wands_knight,1.667,2,Medium
minor_swords_10,minor_wands_queen,2.833,3,Easy
minor_swords_10,minor_wands_king,3.333,3,Easy
minor_swords_10,minor_cups_ace,2.333,3,Easy
minor_swords_10,minor_cups_02,2.667,3,Easy
minor_swords_10,minor_cups_03,3.0,3,Easy
minor_swords_10,minor_cups_04,1.167,1,Hard
minor_swords_10,minor_cups_05,0.667,1,Hard
minor_swords_10,minor_cups_06,1.667,2,Medium
minor_swords_10,minor_cups_07,1.167,1,Hard
minor_swords_10,minor_cups_08,0.833,1,Hard
minor_swords_10,minor_cups_09,2.333,3,Easy
minor_swords_10,minor_cups_10,2.833,3,Easy
minor_swords_10,minor_cups_page,2.0,3,Easy
minor_swords_10,minor_cups_knight,1.667,2,Medium
minor_swords_10,minor_cups_queen,1.833,2,Medium
minor_swords_10,minor_cups_king,2.167,3,Easy
minor_swords_10,minor_swords_ace,2.333,3,Easy
minor_swords_10,minor_swords_02,1.5,2,Medium
minor_swords_10,minor_swords_03,0.833,1,Hard
minor_swords_10,minor_swords_04,1.5,2,Medium
minor_swords_10,minor_swords_05,1.5,2,Medium
minor_swords_10,minor_swords_06,1.833,2,Medium
minor_swords_10,minor_swords_07,1.5,2,Medium
minor_swords_10,minor_swords_08,0.667,1,Hard
minor_swords_10,minor_swords_09,1.0,1,Hard
minor_swords_10,minor_swords_page,2.333,3,Easy
minor_swords_10,minor_swords_knight,2.167,3,Easy
minor_swords_10,minor_swords_queen,2.0,3,Easy
minor_swords_10,minor_swords_king,2.5,3,Easy
minor_swords_10,minor_pentacles_ace,2.167,3,Easy
minor_swords_10,minor_pentacles_02,1.833,2,Medium
minor_swords_10,minor_pentacles_03,3.167,3,Easy
minor_swords_10,minor_pentacles_04,2.333,3,Easy
minor_swords_10,minor_pentacles_05,1.0,1,Hard
minor_swords_10,minor_pentacles_06,2.167,3,Easy
minor_swords_10,minor_pentacles_07,1.5,2,Medium
minor_swords_10,minor_pentacles_08,2.167,3,Easy
minor_swords_10,minor_pentacles_09,2.333,3,Easy
minor_swords_10,minor_pentacles_10,3.0,3,Easy
minor_swords_10,minor_pentacles_page,1.667,2,Medium
minor_swords_10,minor_pentacles_knight,2.0,3,Easy
minor_swords_10,minor_pentacles_queen,2.5,3,Easy
minor_swords_10,minor_pentacles_king,2.833,3,Easy
minor_swords_page,major_00_fool,1.667,2,Medium
minor_swords_page,major_01_magician,1.0,1,Hard
minor_swords_page,major_02_high_priestess,2.5,3,Easy
minor_swords_page,major_03_empress,1.833,2,Medium
minor_swords_page,major_04_emperor,0.833,1,Hard
minor_swords_page,major_05_hierophant,1.5,2,Medium
minor_swords_page,major_06_lovers,1.667,2,Medium
minor_swords_page,major_07_chariot,1.333,1,Hard
minor_swords_page,major_08_strength,0.833,1,Hard
minor_swords_page,major_09_hermit,1.833,2,Medium
minor_swords_page,major_10_wheel_of_fortune,1.667,2,Medium
minor_swords_page,major_11_justice,1.167,1,Hard
minor_swords_page,major_12_hanged_man,2.667,3,Easy
minor_swords_page,major_13_death,2.0,3,Easy
minor_swords_page,major_14_temperance,1.167,1,Hard
minor_swords_page,major_15_devil,1.833,2,Medium
minor_swords_page,major_16_tower,2.333,3,Easy
minor_swords_page,major_17_star,1.5,2,Medium
minor_swords_page,major_18_moon,2.667,3,Easy
minor_swords_page,major_19_sun,1.667,2,Medium
minor_swords_page,major_20_judgment,1.0,1,Hard
minor_swords_page,major_21_world,1.5,2,Medium
minor_swords_page,minor_wands_ace,1.167,1,Hard
minor_swords_page,minor_wands_02,0.333,1,Hard
minor_swords_page,minor_wands_03,0.167,1,Hard
minor_swords_page,minor_wands_04,1.167,1,Hard
minor_swords_page,minor_wands_05,1.167,1,Hard
minor_swords_page,minor_wands_06,1.333,1,Hard
minor_swords_page,minor_wands_07,0.833,1,Hard
minor_swords_page,minor_wands_08,0.333,1,Hard
minor_swords_page,minor_wands_09,1.333,1,Hard
minor_swords_page,minor_wands_10,0.833,1,Hard
minor_swords_page,minor_wands_page,0.833,1,Hard
minor_swords_page,minor_wands_knight,1.333,1,Hard
minor_swords_page,minor_wands_queen,0.833,1,Hard
minor_swords_page,minor_wands_king,1.333,1,Hard
minor_swords_page,minor_cups_ace,1.333,1,Hard
minor_swords_page,minor_cups_02,1.333,1,Hard
minor_swords_page,minor_cups_03,1.667,2,Medium
minor_swords_page,minor_cups_04,1.833,2,Medium
minor_swords_page,minor_cups_05,2.0,3,Easy
minor_swords_page,minor_cups_06,1.0,1,Hard
minor_swords_page,minor_cups_07,1.5,2,Medium
minor_swords_page,minor_cups_08,1.5,2,Medium
minor_swords_page,minor_cups_09,1.0,1,Hard
minor_swords_page,minor_cups_10,1.5,2,Medium
minor_swords_page,minor_cups_page,1.0,1,Hard
minor_swords_page,minor_cups_knight,1.667,2,Medium
minor_swords_page,minor_cups_queen,1.5,2,Medium
minor_swords_page,minor_cups_king,1.167,1,Hard
minor_swords_page,minor_swords_ace,0.333,1,Hard
minor_swords_page,minor_swords_02,1.5,2,Medium
minor_swords_page,minor_swords_03,1.833,2,Medium
minor_swords_page,minor_swords_04,1.5,2,Medium
minor_swords_page,minor_swords_05,1.5,2,Medium
minor_swords_page,minor_swords_06,0.5,1,Hard
minor_swords_page,minor_swords_07,0.833,1,Hard
minor_swords_page,minor_swords_08,2.667,3,Easy
minor_swords_page,minor_swords_09,2.667,3,Easy
minor_swords_page,minor_swords_10,2.333,3,Easy
minor_swords_page,minor_swords_knight,0.5,1,Hard
minor_swords_page,minor_swords_queen,0.667,1,Hard
minor_swords_page,minor_swords_king,0.833,1,Hard
minor_swords_page,minor_pentacles_ace,0.5,1,Hard
minor_swords_page,minor_pentacles_02,0.833,1,Hard
minor_swords_page,minor_pentacles_03,0.833,1,Hard
minor_swords_page,minor_pentacles_04,1.667,2,Medium
minor_swords_page,minor_pentacles_05,2.0,3,Easy
minor_swords_page,minor_pentacles_06,1.167,1,Hard
minor_swords_page,minor_pentacles_07,1.167,1,Hard
minor_swords_page,minor_pentacles_08,0.833,1,Hard
minor_swords_page,minor_pentacles_09,1.333,1,Hard
minor_swords_page,minor_pentacles_10,1.333,1,Hard
minor_swords_page,minor_pentacles_page,0.667,1,Hard
minor_swords_page,minor_pentacles_knight,1.0,1,Hard
minor_swords_page,minor_pentacles_queen,1.167,1,Hard
minor_swords_page,minor_pentacles_king,1.167,1,Hard
minor_swords_knight,major_00_fool,1.5,2,Medium
minor_swords_knight,major_01_magician,1.167,1,Hard
minor_swords_knight,major_02_high_priestess,3.0,3,Easy
minor_swords_knight,major_03_empress,2.0,3,Easy
minor_swords_knight,major_04_emperor,0.667,1,Hard
minor_swords_knight,major_05_hierophant,1.667,2,Medium
minor_swords_knight,major_06_lovers,1.167,1,Hard
minor_swords_knight,major_07_chariot,0.833,1,Hard
minor_swords_knight,major_08_strength,1.0,1,Hard
minor_swords_knight,major_09_hermit,2.333,3,Easy
minor_swords_knight,major_10_wheel_of_fortune,1.167,1,Hard
minor_swords_knight,major_11_justice,1.0,1,Hard
minor_swords_knight,major_12_hanged_man,2.5,3,Easy
minor_swords_knight,major_13_death,1.833,2,Medium
minor_swords_knight,major_14_temperance,1.667,2,Medium
minor_swords_knight,major_15_devil,2.0,3,Easy
minor_swords_knight,major_16_tower,1.833,2,Medium
minor_swords_knight,major_17_star,1.667,2,Medium
minor_swords_knight,major_18_moon,2.5,3,Easy
minor_swords_knight,major_19_sun,1.833,2,Medium
minor_swords_knight,major_20_judgment,0.833,1,Hard
minor_swords_knight,major_21_world,1.667,2,Medium
minor_swords_knight,minor_wands_ace,1.0,1,Hard
minor_swords_knight,minor_wands_02,0.167,1,Hard
minor_swords_knight,minor_wands_03,0.333,1,Hard
minor_swords_knight,minor_wands_04,1.333,1,Hard
minor_swords_knight,minor_wands_05,1.0,1,Hard
minor_swords_knight,minor_wands_06,1.5,2,Medium
minor_swords_knight,minor_wands_07,0.333,1,Hard
minor_swords_knight,minor_wands_08,0.833,1,Hard
minor_swords_knight,minor_wands_09,1.5,2,Medium
minor_swords_knight,minor_wands_10,0.667,1,Hard
minor_swords_knight,minor_wands_page,0.667,1,Hard
minor_swords_knight,minor_wands_knight,0.833,1,Hard
minor_swords_knight,minor_wands_queen,1.0,1,Hard
minor_swords_knight,minor_wands_king,1.5,2,Medium
minor_swords_knight,minor_cups_ace,1.833,2,Medium
minor_swords_knight,minor_cups_02,1.5,2,Medium
minor_swords_knight,minor_cups_03,1.833,2,Medium
minor_swords_knight,minor_cups_04,2.0,3,Easy
minor_swords_knight,minor_cups_05,1.833,2,Medium
minor_swords_knight,minor_cups_06,1.5,2,Medium
minor_swords_knight,minor_cups_07,1.333,1,Hard
minor_swords_knight,minor_cups_08,1.333,1,Hard
minor_swords_knight,minor_cups_09,1.5,2,Medium
minor_swords_knight,minor_cups_10,2.0,3,Easy
minor_swords_knight,minor_cups_page,1.5,2,Medium
minor_swords_knight,minor_cups_knight,1.167,1,Hard
minor_swords_knight,minor_cups_queen,2.0,3,Easy
minor_swords_knight,minor_cups_king,1.667,2,Medium
minor_swords_knight,minor_swords_ace,0.833,1,Hard
minor_swords_knight,minor_swords_02,1.667,2,Medium
minor_swords_knight,minor_swords_03,1.667,2,Medium
minor_swords_knight,minor_swords_04,2.0,3,Easy
minor_swords_knight,minor_swords_05,1.0,1,Hard
minor_swords_knight,minor_swords_06,0.667,1,Hard
minor_swords_knight,minor_swords_07,0.667,1,Hard
minor_swords_knight,minor_swords_08,2.5,3,Easy
minor_swords_knight,minor_swords_09,2.5,3,Easy
minor_swords_knight,minor_swords_10,2.167,3,Easy
minor_swords_knight,minor_swords_page,0.5,1,Hard
minor_swords_knight,minor_swords_queen,0.833,1,Hard
minor_swords_knight,minor_swords_king,0.667,1,Hard
minor_swords_knight,minor_pentacles_ace,0.667,1,Hard
minor_swords_knight,minor_pentacles_02,0.333,1,Hard
minor_swords_knight,minor_pentacles_03,1.0,1,Hard
minor_swords_knight,minor_pentacles_04,1.5,2,Medium
minor_swords_knight,minor_pentacles_05,1.833,2,Medium
minor_swords_knight,minor_pentacles_06,1.0,1,Hard
minor_swords_knight,minor_pentacles_07,1.333,1,Hard
minor_swords_knight,minor_pentacles_08,1.333,1,Hard
minor_swords_knight,minor_pentacles_09,1.833,2,Medium
minor_swords_knight,minor_pentacles_10,1.5,2,Medium
minor_swords_knight,minor_pentacles_page,0.833,1,Hard
minor_swords_knight,minor_pentacles_knight,1.167,1,Hard
minor_swords_knight,minor_pentacles_queen,1.333,1,Hard
minor_swords_knight,minor_pentacles_king,1.333,1,Hard
minor_swords_queen,major_00_fool,2.333,3,Easy
minor_swords_queen,major_01_magician,1.667,2,Medium
minor_swords_queen,major_02_high_priestess,2.167,3,Easy
minor_swords_queen,major_03_empress,1.833,2,Medium
minor_swords_queen,major_04_emperor,1.167,1,Hard
minor_swords_queen,major_05_hierophant,0.833,1,Hard
minor_swords_queen,major_06_lovers,1.333,1,Hard
minor_swords_queen,major_07_chariot,1.667,2,Medium
minor_swords_queen,major_08_strength,0.5,1,Hard
minor_swords_queen,major_09_hermit,1.5,2,Medium
minor_swords_queen,major_10_wheel_of_fortune,1.333,1,Hard
minor_swords_queen,major_11_justice,0.5,1,Hard
minor_swords_queen,major_12_hanged_man,2.333,3,Easy
minor_swords_queen,major_13_death,1.667,2,Medium
minor_swords_queen,major_14_temperance,0.833,1,Hard
minor_swords_queen,major_15_devil,1.167,1,Hard
minor_swords_queen,major_16_tower,2.667,3,Easy
minor_swords_queen,major_17_star,1.167,1,Hard
minor_swords_queen,major_18_moon,2.333,3,Easy
minor_swords_queen,major_19_sun,1.667,2,Medium
minor_swords_queen,major_20_judgment,1.0,1,Hard
minor_swords_queen,major_21_world,1.167,1,Hard
minor_swords_queen,minor_wands_ace,1.833,2,Medium
minor_swords_queen,minor_wands_02,0.667,1,Hard
minor_swords_queen,minor_wands_03,0.833,1,Hard
minor_swords_queen,minor_wands_04,1.167,1,Hard
minor_swords_queen,minor_wands_05,1.167,1,Hard
minor_swords_queen,minor_wands_06,1.333,1,Hard
minor_swords_queen,minor_wands_07,1.167,1,Hard
minor_swords_queen,minor_wands_08,1.0,1,Hard
minor_swords_queen,minor_wands_09,1.0,1,Hard
minor_swords_queen,minor_wands_10,0.833,1,Hard
minor_swords_queen,minor_wands_page,1.5,2,Medium
minor_swords_queen,minor_wands_knight,1.667,2,Medium
minor_swords_queen,minor_wands_queen,0.833,1,Hard
minor_swords_queen,minor_wands_king,1.333,1,Hard
minor_swords_queen,minor_cups_ace,1.0,1,Hard
minor_swords_queen,minor_cups_02,1.333,1,Hard
minor_swords_queen,minor_cups_03,1.333,1,Hard
minor_swords_queen,minor_cups_04,1.5,2,Medium
minor_swords_queen,minor_cups_05,1.667,2,Medium
minor_swords_queen,minor_cups_06,0.667,1,Hard
minor_swords_queen,minor_cups_07,1.167,1,Hard
minor_swords_queen,minor_cups_08,1.5,2,Medium
minor_swords_queen,minor_cups_09,0.667,1,Hard
minor_swords_queen,minor_cups_10,1.167,1,Hard
minor_swords_queen,minor_cups_page,1.0,1,Hard
minor_swords_queen,minor_cups_knight,1.667,2,Medium
minor_swords_queen,minor_cups_queen,1.5,2,Medium
minor_swords_queen,minor_cups_king,0.833,1,Hard
minor_swords_queen,minor_swords_ace,0.667,1,Hard
minor_swords_queen,minor_swords_02,1.167,1,Hard
minor_swords_queen,minor_swords_03,1.5,2,Medium
minor_swords_queen,minor_swords_04,1.167,1,Hard
minor_swords_queen,minor_swords_05,1.5,2,Medium
minor_swords_queen,minor_swords_06,0.5,1,Hard
minor_swords_queen,minor_swords_07,0.833,1,Hard
minor_swords_queen,minor_swords_08,2.333,3,Easy
minor_swords_queen,minor_swords_09,2.333,3,Easy
minor_swords_queen,minor_swords_10,2.0,3,Easy
minor_swords_queen,minor_swords_page,0.667,1,Hard
minor_swords_queen,minor_swords_knight,0.833,1,Hard
minor_swords_queen,minor_swords_king,0.5,1,Hard
minor_swords_queen,minor_pentacles_ace,0.833,1,Hard
minor_swords_queen,minor_pentacles_02,0.833,1,Hard
minor_swords_queen,minor_pentacles_03,1.167,1,Hard
minor_swords_queen,minor_pentacles_04,1.0,1,Hard
minor_swords_queen,minor_pentacles_05,1.667,2,Medium
minor_swords_queen,minor_pentacles_06,0.833,1,Hard
minor_swords_queen,minor_pentacles_07,0.5,1,Hard
minor_swords_queen,minor_pentacles_08,0.833,1,Hard
minor_swords_queen,minor_pentacles_09,1.0,1,Hard
minor_swords_queen,minor_pentacles_10,1.0,1,Hard
minor_swords_queen,minor_pentacles_page,0.333,1,Hard
minor_swords_queen,minor_pentacles_knight,0.333,1,Hard
minor_swords_queen,minor_pentacles_queen,0.833,1,Hard
minor_swords_queen,minor_pentacles_king,0.833,1,Hard
minor_swords_king,major_00_fool,2.167,3,Easy
minor_swords_king,major_01_magician,1.167,1,Hard
minor_swords_king,major_02_high_priestess,2.667,3,Easy
minor_swords_king,major_03_empress,1.667,2,Medium
minor_swords_king,major_04_emperor,0.667,1,Hard
minor_swords_king,major_05_hierophant,1.333,1,Hard
minor_swords_king,major_06_lovers,1.5,2,Medium
minor_swords_king,major_07_chariot,1.167,1,Hard
minor_swords_king,major_08_strength,0.667,1,Hard
minor_swords_king,major_09_hermit,2.0,3,Easy
minor_swords_king,major_10_wheel_of_fortune,1.5,2,Medium
minor_swords_king,major_11_justice,0.333,1,Hard
minor_swords_king,major_12_hanged_man,2.833,3,Easy
minor_swords_king,major_13_death,2.167,3,Easy
minor_swords_king,major_14_temperance,1.333,1,Hard
minor_swords_king,major_15_devil,1.667,2,Medium
minor_swords_king,major_16_tower,2.5,3,Easy
minor_swords_king,major_17_star,1.333,1,Hard
minor_swords_king,major_18_moon,2.833,3,Easy
minor_swords_king,major_19_sun,1.5,2,Medium
minor_swords_king,major_20_judgment,1.167,1,Hard
minor_swords_king,major_21_world,1.333,1,Hard
minor_swords_king,minor_wands_ace,1.667,2,Medium
minor_swords_king,minor_wands_02,0.5,1,Hard
minor_swords_king,minor_wands_03,0.667,1,Hard
minor_swords_king,minor_wands_04,1.0,1,Hard
minor_swords_king,minor_wands_05,1.333,1,Hard
minor_swords_king,minor_wands_06,0.833,1,Hard
minor_swords_king,minor_wands_07,1.0,1,Hard
minor_swords_king,minor_wands_08,1.167,1,Hard
minor_swords_king,minor_wands_09,1.5,2,Medium
minor_swords_king,minor_wands_10,1.0,1,Hard
minor_swords_king,minor_wands_page,1.333,1,Hard
minor_swords_king,minor_wands_knight,1.5,2,Medium
minor_swords_king,minor_wands_queen,0.333,1,Hard
minor_swords_king,minor_wands_king,0.833,1,Hard
minor_swords_king,minor_cups_ace,1.5,2,Medium
minor_swords_king,minor_cups_02,1.5,2,Medium
minor_swords_king,minor_cups_03,1.5,2,Medium
minor_swords_king,minor_cups_04,2.0,3,Easy
minor_swords_king,minor_cups_05,2.167,3,Easy
minor_swords_king,minor_cups_06,1.167,1,Hard
minor_swords_king,minor_cups_07,1.667,2,Medium
minor_swords_king,minor_cups_08,1.667,2,Medium
minor_swords_king,minor_cups_09,1.167,1,Hard
minor_swords_king,minor_cups_10,1.667,2,Medium
minor_swords_king,minor_cups_page,1.5,2,Medium
minor_swords_king,minor_cups_knight,1.5,2,Medium
minor_swords_king,minor_cups_queen,2.0,3,Easy
minor_swords_king,minor_cups_king,1.333,1,Hard
minor_swords_king,minor_swords_ace,0.5,1,Hard
minor_swords_king,minor_swords_02,1.667,2,Medium
minor_swords_king,minor_swords_03,2.0,3,Easy
minor_swords_king,minor_swords_04,1.667,2,Medium
minor_swords_king,minor_swords_05,1.333,1,Hard
minor_swords_king,minor_swords_06,0.667,1,Hard
minor_swords_king,minor_swords_07,1.0,1,Hard
minor_swords_king,minor_swords_08,2.833,3,Easy
minor_swords_king,minor_swords_09,2.833,3,Easy
minor_swords_king,minor_swords_10,2.5,3,Easy
minor_swords_king,minor_swords_page,0.833,1,Hard
minor_swords_king,minor_swords_knight,0.667,1,Hard
minor_swords_king,minor_swords_queen,0.5,1,Hard
minor_swords_king,minor_pentacles_ace,0.667,1,Hard
minor_swords_king,minor_pentacles_02,0.667,1,Hard
minor_swords_king,minor_pentacles_03,1.0,1,Hard
minor_swords_king,minor_pentacles_04,0.833,1,Hard
minor_swords_king,minor_pentacles_05,2.167,3,Easy
minor_swords_king,minor_pentacles_06,1.0,1,Hard
minor_swords_king,minor_pentacles_07,1.0,1,Hard
minor_swords_king,minor_pentacles_08,0.667,1,Hard
minor_swords_king,minor_pentacles_09,1.5,2,Medium
minor_swords_king,minor_pentacles_10,1.167,1,Hard
minor_swords_king,minor_pentacles_page,0.833,1,Hard
minor_swords_king,minor_pentacles_knight,0.5,1,Hard
minor_swords_king,minor_pentacles_queen,1.0,1,Hard
minor_swords_king,minor_pentacles_king,1.0,1,Hard
minor_pentacles_ace,major_00_fool,1.5,2,Medium
minor_pentacles_ace,major_01_magician,1.167,1,Hard
minor_pentacles_ace,major_02_high_priestess,2.333,3,Easy
minor_pentacles_ace,major_03_empress,1.333,1,Hard
minor_pentacles_ace,major_04_emperor,1.0,1,Hard
minor_pentacles_ace,major_05_hierophant,1.333,1,Hard
minor_pentacles_ace,major_06_lovers,1.5,2,Medium
minor_pentacles_ace,major_07_chariot,1.5,2,Medium
minor_pentacles_ace,major_08_strength,0.667,1,Hard
minor_pentacles_ace,major_09_hermit,2.0,3,Easy
minor_pentacles_ace,major_10_wheel_of_fortune,1.167,1,Hard
minor_pentacles_ace,major_11_justice,1.0,1,Hard
minor_pentacles_ace,major_12_hanged_man,2.5,3,Easy
minor_pentacles_ace,major_13_death,1.833,2,Medium
minor_pentacles_ace,major_14_temperance,1.0,1,Hard
minor_pentacles_ace,major_15_devil,1.667,2,Medium
minor_pentacles_ace,major_16_tower,2.167,3,Easy
minor_pentacles_ace,major_17_star,1.0,1,Hard
minor_pentacles_ace,major_18_moon,2.5,3,Easy
minor_pentacles_ace,major_19_sun,1.5,2,Medium
minor_pentacles_ace,major_20_judgment,0.833,1,Hard
minor_pentacles_ace,major_21_world,1.333,1,Hard
minor_pentacles_ace,minor_wands_ace,1.0,1,Hard
minor_pentacles_ace,minor_wands_02,0.5,1,Hard
minor_pentacles_ace,minor_wands_03,0.333,1,Hard
minor_pentacles_ace,minor_wands_04,1.0,1,Hard
minor_pentacles_ace,minor_wands_05,1.0,1,Hard
minor_pentacles_ace,minor_wands_06,1.167,1,Hard
minor_pentacles_ace,minor_wands_07,1.0,1,Hard
minor_pentacles_ace,minor_wands_08,0.5,1,Hard
minor_pentacles_ace,minor_wands_09,1.167,1,Hard
minor_pentacles_ace,minor_wands_10,1.0,1,Hard
minor_pentacles_ace,minor_wands_page,0.667,1,Hard
minor_pentacles_ace,minor_wands_knight,1.167,1,Hard
minor_pentacles_ace,minor_wands_queen,0.667,1,Hard
minor_pentacles_ace,minor_wands_king,1.167,1,Hard
minor_pentacles_ace,minor_cups_ace,1.167,1,Hard
minor_pentacles_ace,minor_cups_02,0.833,1,Hard
minor_pentacles_ace,minor_cups_03,1.167,1,Hard
minor_pentacles_ace,minor_cups_04,1.667,2,Medium
minor_pentacles_ace,minor_cups_05,1.833,2,Medium
minor_pentacles_ace,minor_cups_06,0.833,1,Hard
minor_pentacles_ace,minor_cups_07,1.333,1,Hard
minor_pentacles_ace,minor_cups_08,1.333,1,Hard
minor_pentacles_ace,minor_cups_09,1.167,1,Hard
minor_pentacles_ace,minor_cups_10,1.667,2,Medium
minor_pentacles_ace,minor_cups_page,0.833,1,Hard
minor_pentacles_ace,minor_cups_knight,1.167,1,Hard
minor_pentacles_ace,minor_cups_queen,1.333,1,Hard
minor_pentacles_ace,minor_cups_king,1.333,1,Hard
minor_pentacles_ace,minor_swords_ace,0.5,1,Hard
minor_pentacles_ace,minor_swords_02,1.667,2,Medium
minor_pentacles_ace,minor_swords_03,1.667,2,Medium
minor_pentacles_ace,minor_swords_04,1.333,1,Hard
minor_pentacles_ace,minor_swords_05,1.333,1,Hard
minor_pentacles_ace,minor_swords_06,0.333,1,Hard
minor_pentacles_ace,minor_swords_07,1.0,1,Hard
minor_pentacles_ace,minor_swords_08,2.5,3,Easy
minor_pentacles_ace,minor_swords_09,2.5,3,Easy
minor_pentacles_ace,minor_swords_10,2.167,3,Easy
minor_pentacles_ace,minor_swords_page,0.5,1,Hard
minor_pentacles_ace,minor_swords_knight,0.667,1,Hard
minor_pentacles_ace,minor_swords_queen,0.833,1,Hard
minor_pentacles_ace,minor_swords_king,0.667,1,Hard
minor_pentacles_ace,minor_pentacles_02,0.667,1,Hard
minor_pentacles_ace,minor_pentacles_03,1.0,1,Hard
minor_pentacles_ace,minor_pentacles_04,1.5,2,Medium
minor_pentacles_ace,minor_pentacles_05,1.833,2,Medium
minor_pentacles_ace,minor_pentacles_06,0.667,1,Hard
minor_pentacles_ace,minor_pentacles_07,1.0,1,Hard
minor_pentacles_ace,minor_pentacles_08,1.0,1,Hard
minor_pentacles_ace,minor_pentacles_09,1.5,2,Medium
minor_pentacles_ace,minor_pentacles_10,1.167,1,Hard
minor_pentacles_ace,minor_pentacles_page,0.5,1,Hard
minor_pentacles_ace,minor_pentacles_knight,1.167,1,Hard
minor_pentacles_ace,minor_pentacles_queen,0.667,1,Hard
minor_pentacles_ace,minor_pentacles_king,1.0,1,Hard
minor_pentacles_02,major_00_fool,1.833,2,Medium
minor_pentacles_02,major_01_magician,1.5,2,Medium
minor_pentacles_02,major_02_high_priestess,3.0,3,Easy
minor_pentacles_02,major_03_empress,2.0,3,Easy
minor_pentacles_02,major_04_emperor,1.0,1,Hard
minor_pentacles_02,major_05_hierophant,1.333,1,Hard
minor_pentacles_02,major_06_lovers,0.833,1,Hard
minor_pentacles_02,major_07_chariot,0.833,1,Hard
minor_pentacles_02,major_08_strength,1.0,1,Hard
minor_pentacles_02,major_09_hermit,2.333,3,Easy
minor_pentacles_02,major_10_wheel_of_fortune,1.167,1,Hard
minor_pentacles_02,major_11_justice,1.0,1,Hard
minor_pentacles_02,major_12_hanged_man,2.167,3,Easy
minor_pentacles_02,major_13_death,1.5,2,Medium
minor_pentacles_02,major_14_temperance,1.667,2,Medium
minor_pentacles_02,major_15_devil,1.667,2,Medium
minor_pentacles_02,major_16_tower,1.833,2,Medium
minor_pentacles_02,major_17_star,1.667,2,Medium
minor_pentacles_02,major_18_moon,2.167,3,Easy
minor_pentacles_02,major_19_sun,1.833,2,Medium
minor_pentacles_02,major_20_judgment,0.833,1,Hard
minor_pentacles_02,major_21_world,1.667,2,Medium
minor_pentacles_02,minor_wands_ace,1.333,1,Hard
minor_pentacles_02,minor_wands_02,0.5,1,Hard
minor_pentacles_02,minor_wands_03,0.667,1,Hard
minor_pentacles_02,minor_wands_04,1.333,1,Hard
minor_pentacles_02,minor_wands_05,0.667,1,Hard
minor_pentacles_02,minor_wands_06,1.5,2,Medium
minor_pentacles_02,minor_wands_07,0.333,1,Hard
minor_pentacles_02,minor_wands_08,1.167,1,Hard
minor_pentacles_02,minor_wands_09,1.167,1,Hard
minor_pentacles_02,minor_wands_10,0.333,1,Hard
minor_pentacles_02,minor_wands_page,1.0,1,Hard
minor_pentacles_02,minor_wands_knight,1.167,1,Hard
minor_pentacles_02,minor_wands_queen,1.0,1,Hard
minor_pentacles_02,minor_wands_king,1.5,2,Medium
minor_pentacles_02,minor_cups_ace,1.833,2,Medium
minor_pentacles_02,minor_cups_02,1.5,2,Medium
minor_pentacles_02,minor_cups_03,1.833,2,Medium
minor_pentacles_02,minor_cups_04,1.667,2,Medium
minor_pentacles_02,minor_cups_05,1.5,2,Medium
minor_pentacles_02,minor_cups_06,1.5,2,Medium
minor_pentacles_02,minor_cups_07,1.333,1,Hard
minor_pentacles_02,minor_cups_08,1.0,1,Hard
minor_pentacles_02,minor_cups_09,1.5,2,Medium
minor_pentacles_02,minor_cups_10,2.0,3,Easy
minor_pentacles_02,minor_cups_page,1.5,2,Medium
minor_pentacles_02,minor_cups_knight,1.167,1,Hard
minor_pentacles_02,minor_cups_queen,2.0,3,Easy
minor_pentacles_02,minor_cups_king,1.667,2,Medium
minor_pentacles_02,minor_swords_ace,0.833,1,Hard
minor_pentacles_02,minor_swords_02,1.667,2,Medium
minor_pentacles_02,minor_swords_03,1.333,1,Hard
minor_pentacles_02,minor_swords_04,2.0,3,Easy
minor_pentacles_02,minor_swords_05,0.667,1,Hard
minor_pentacles_02,minor_swords_06,0.667,1,Hard
minor_pentacles_02,minor_swords_07,0.667,1,Hard
minor_pentacles_02,minor_swords_08,2.167,3,Easy
minor_pentacles_02,minor_swords_09,2.167,3,Easy
minor_pentacles_02,minor_swords_10,1.833,2,Medium
minor_pentacles_02,minor_swords_page,0.833,1,Hard
minor_pentacles_02,minor_swords_knight,0.333,1,Hard
minor_pentacles_02,minor_swords_queen,0.833,1,Hard
minor_pentacles_02,minor_swords_king,0.667,1,Hard
minor_pentacles_02,minor_pentacles_ace,0.667,1,Hard
minor_pentacles_02,minor_pentacles_03,1.333,1,Hard
minor_pentacles_02,minor_pentacles_04,1.5,2,Medium
minor_pentacles_02,minor_pentacles_05,1.5,2,Medium
minor_pentacles_02,minor_pentacles_06,1.0,1,Hard
minor_pentacles_02,minor_pentacles_07,1.333,1,Hard
minor_pentacles_02,minor_pentacles_08,1.333,1,Hard
minor_pentacles_02,minor_pentacles_09,1.833,2,Medium
minor_pentacles_02,minor_pentacles_10,1.5,2,Medium
minor_pentacles_02,minor_pentacles_page,0.833,1,Hard
minor_pentacles_02,minor_pentacles_knight,0.833,1,Hard
minor_pentacles_02,minor_pentacles_queen,1.333,1,Hard
minor_pentacles_02,minor_pentacles_king,1.333,1,Hard
minor_pentacles_03,major_00_fool,2.167,3,Easy
minor_pentacles_03,major_01_magician,0.833,1,Hard
minor_pentacles_03,major_02_high_priestess,3.0,3,Easy
minor_pentacles_03,major_03_empress,1.333,1,Hard
minor_pentacles_03,major_04_emperor,1.0,1,Hard
minor_pentacles_03,major_05_hierophant,1.667,2,Medium
minor_pentacles_03,major_06_lovers,1.5,2,Medium
minor_pentacles_03,major_07_chariot,1.5,2,Medium
minor_pentacles_03,major_08_strength,1.0,1,Hard
minor_pentacles_03,major_09_hermit,2.333,3,Easy
minor_pentacles_03,major_10_wheel_of_fortune,2.167,3,Easy
minor_pentacles_03,major_11_justice,1.0,1,Hard
minor_pentacles_03,major_12_hanged_man,3.5,3,Easy
minor_pentacles_03,major_13_death,2.833,3,Easy
minor_pentacles_03,major_14_temperance,1.667,2,Medium
minor_pentacles_03,major_15_devil,2.0,3,Easy
minor_pentacles_03,major_16_tower,2.833,3,Easy
minor_pentacles_03,major_17_star,1.333,1,Hard
minor_pentacles_03,major_18_moon,3.5,3,Easy
minor_pentacles_03,major_19_sun,0.833,1,Hard
minor_pentacles_03,major_20_judgment,1.833,2,Medium
minor_pentacles_03,major_21_world,1.667,2,Medium
minor_pentacles_03,minor_wands_ace,1.667,2,Medium
minor_pentacles_03,minor_wands_02,0.833,1,Hard
minor_pentacles_03,minor_wands_03,0.667,1,Hard
minor_pentacles_03,minor_wands_04,0.667,1,Hard
minor_pentacles_03,minor_wands_05,1.667,2,Medium
minor_pentacles_03,minor_wands_06,0.833,1,Hard
minor_pentacles_03,minor_wands_07,1.333,1,Hard
minor_pentacles_03,minor_wands_08,1.167,1,Hard
minor_pentacles_03,minor_wands_09,2.167,3,Easy
minor_pentacles_03,minor_wands_10,1.667,2,Medium
minor_pentacles_03,minor_wands_page,1.333,1,Hard
minor_pentacles_03,minor_wands_knight,1.833,2,Medium
minor_pentacles_03,minor_wands_queen,0.667,1,Hard
minor_pentacles_03,minor_wands_king,0.5,1,Hard
minor_pentacles_03,minor_cups_ace,1.167,1,Hard
minor_pentacles_03,minor_cups_02,1.167,1,Hard
minor_pentacles_03,minor_cups_03,0.833,1,Hard
minor_pentacles_03,minor_cups_04,2.667,3,Easy
minor_pentacles_03,minor_cups_05,2.833,3,Easy
minor_pentacles_03,minor_cups_06,1.5,2,Medium
minor_pentacles_03,minor_cups_07,2.333,3,Easy
minor_pentacles_03,minor_cups_08,2.333,3,Easy
minor_pentacles_03,minor_cups_09,1.5,2,Medium
minor_pentacles_03,minor_cups_10,1.333,1,Hard
minor_pentacles_03,minor_cups_page,1.167,1,Hard
minor_pentacles_03,minor_cups_knight,1.5,2,Medium
minor_pentacles_03,minor_cups_queen,1.667,2,Medium
minor_pentacles_03,minor_cups_king,1.0,1,Hard
minor_pentacles_03,minor_swords_ace,1.167,1,Hard
minor_pentacles_03,minor_swords_02,2.333,3,Easy
minor_pentacles_03,minor_swords_03,2.667,3,Easy
minor_pentacles_03,minor_swords_04,2.0,3,Easy
minor_pentacles_03,minor_swords_05,2.0,3,Easy
minor_pentacles_03,minor_swords_06,1.333,1,Hard
minor_pentacles_03,minor_swords_07,1.667,2,Medium
minor_pentacles_03,minor_swords_08,3.5,3,Easy
minor_pentacles_03,minor_swords_09,3.5,3,Easy
minor_pentacles_03,minor_swords_10,3.167,3,Easy
minor_pentacles_03,minor_swords_page,0.833,1,Hard
minor_pentacles_03,minor_swords_knight,1.0,1,Hard
minor_pentacles_03,minor_swords_queen,1.167,1,Hard
minor_pentacles_03,minor_swords_king,1.0,1,Hard
minor_pentacles_03,minor_pentacles_ace,1.0,1,Hard
minor_pentacles_03,minor_pentacles_02,1.333,1,Hard
minor_pentacles_03,minor_pentacles_04,1.833,2,Medium
minor_pentacles_03,minor_pentacles_05,2.833,3,Easy
minor_pentacles_03,minor_pentacles_06,1.0,1,Hard
minor_pentacles_03,minor_pentacles_07,1.667,2,Medium
minor_pentacles_03,minor_pentacles_08,1.333,1,Hard
minor_pentacles_03,minor_pentacles_09,1.833,2,Medium
minor_pentacles_03,minor_pentacles_10,1.167,1,Hard
minor_pentacles_03,minor_pentacles_page,1.5,2,Medium
minor_pentacles_03,minor_pentacles_knight,1.5,2,Medium
minor_pentacles_03,minor_pentacles_queen,0.667,1,Hard
minor_pentacles_03,minor_pentacles_king,1.0,1,Hard
minor_pentacles_04,major_00_fool,2.667,3,Easy
minor_pentacles_04,major_01_magician,1.667,2,Medium
minor_pentacles_04,major_02_high_priestess,2.5,3,Easy
minor_pentacles_04,major_03_empress,2.167,3,Easy
minor_pentacles_04,major_04_emperor,1.167,1,Hard
minor_pentacles_04,major_05_hierophant,1.167,1,Hard
minor_pentacles_04,major_06_lovers,1.667,2,Medium
minor_pentacles_04,major_07_chariot,1.667,2,Medium
minor_pentacles_04,major_08_strength,1.5,2,Medium
minor_pentacles_04,major_09_hermit,1.833,2,Medium
minor_pentacles_04,major_10_wheel_of_fortune,1.667,2,Medium
minor_pentacles_04,major_11_justice,0.833,1,Hard
minor_pentacles_04,major_12_hanged_man,2.667,3,Easy
minor_pentacles_04,major_13_death,2.333,3,Easy
minor_pentacles_04,major_14_temperance,1.5,2,Medium
minor_pentacles_04,major_15_devil,1.833,2,Medium
minor_pentacles_04,major_16_tower,3.0,3,Easy
minor_pentacles_04,major_17_star,1.5,2,Medium
minor_pentacles_04,major_18_moon,2.667,3,Easy
minor_pentacles_04,major_19_sun,2.0,3,Easy
minor_pentacles_04,major_20_judgment,1.667,2,Medium
minor_pentacles_04,major_21_world,1.167,1,Hard
minor_pentacles_04,minor_wands_ace,2.5,3,Easy
minor_pentacles_04,minor_wands_02,1.333,1,Hard
minor_pentacles_04,minor_wands_03,1.5,2,Medium
minor_pentacles_04,minor_wands_04,1.5,2,Medium
minor_pentacles_04,minor_wands_05,2.167,3,Easy
minor_pentacles_04,minor_wands_06,1.333,1,Hard
minor_pentacles_04,minor_wands_07,1.5,2,Medium
minor_pentacles_04,minor_wands_08,2.0,3,Easy
minor_pentacles_04,minor_wands_09,1.333,1,Hard
minor_pentacles_04,minor_wands_10,1.833,2,Medium
minor_pentacles_04,minor_wands_page,2.167,3,Easy
minor_pentacles_04,minor_wands_knight,2.333,3,Easy
minor_pentacles_04,minor_wands_queen,1.167,1,Hard
minor_pentacles_04,minor_wands_king,1.333,1,Hard
minor_pentacles_04,minor_cups_ace,2.0,3,Easy
minor_pentacles_04,minor_cups_02,2.0,3,Easy
minor_pentacles_04,minor_cups_03,2.0,3,Easy
minor_pentacles_04,minor_cups_04,1.833,2,Medium
minor_pentacles_04,minor_cups_05,2.0,3,Easy
minor_pentacles_04,minor_cups_06,1.333,1,Hard
minor_pentacles_04,minor_cups_07,1.833,2,Medium
minor_pentacles_04,minor_cups_08,2.167,3,Easy
minor_pentacles_04,minor_cups_09,1.0,1,Hard
minor_pentacles_04,minor_cups_10,1.5,2,Medium
minor_pentacles_04,minor_cups_page,2.0,3,Easy
minor_pentacles_04,minor_cups_knight,2.333,3,Easy
minor_pentacles_04,minor_cups_queen,2.167,3,Easy
minor_pentacles_04,minor_cups_king,1.5,2,Medium
minor_pentacles_04,minor_swords_ace,1.333,1,Hard
minor_pentacles_04,minor_swords_02,1.5,2,Medium
minor_pentacles_04,minor_swords_03,2.167,3,Easy
minor_pentacles_04,minor_swords_04,1.5,2,Medium
minor_pentacles_04,minor_swords_05,1.833,2,Medium
minor_pentacles_04,minor_swords_06,1.5,2,Medium
minor_pentacles_04,minor_swords_07,1.5,2,Medium
minor_pentacles_04,minor_swords_08,2.667,3,Easy
minor_pentacles_04,minor_swords_09,2.667,3,Easy
minor_pentacles_04,minor_swords_10,2.333,3,Easy
minor_pentacles_04,minor_swords_page,1.667,2,Medium
minor_pentacles_04,minor_swords_knight,1.5,2,Medium
minor_pentacles_04,minor_swords_queen,1.0,1,Hard
minor_pentacles_04,minor_swords_king,0.833,1,Hard
minor_pentacles_04,minor_pentacles_ace,1.5,2,Medium
minor_pentacles_04,minor_pentacles_02,1.5,2,Medium
minor_pentacles_04,minor_pentacles_03,1.833,2,Medium
minor_pentacles_04,minor_pentacles_05,2.333,3,Easy
minor_pentacles_04,minor_pentacles_06,1.5,2,Medium
minor_pentacles_04,minor_pentacles_07,1.167,1,Hard
minor_pentacles_04,minor_pentacles_08,1.167,1,Hard
minor_pentacles_04,minor_pentacles_09,1.0,1,Hard
minor_pentacles_04,minor_pentacles_10,1.333,1,Hard
minor_pentacles_04,minor_pentacles_page,1.333,1,Hard
minor_pentacles_04,minor_pentacles_knight,1.0,1,Hard
minor_pentacles_04,minor_pentacles_queen,1.5,2,Medium
minor_pentacles_04,minor_pentacles_king,1.167,1,Hard
minor_pentacles_05,major_00_fool,1.667,2,Medium
minor_pentacles_05,major_01_magician,3.0,3,Easy
minor_pentacles_05,major_02_high_priestess,2.833,3,Easy
minor_pentacles_05,major_03_empress,2.833,3,Easy
minor_pentacles_05,major_04_emperor,2.5,3,Easy
minor_pentacles_05,major_05_hierophant,1.833,2,Medium
minor_pentacles_05,major_06_lovers,2.0,3,Easy
minor_pentacles_05,major_07_chariot,2.0,3,Easy
minor_pentacles_05,major_08_strength,1.833,2,Medium
minor_pentacles_05,major_09_hermit,2.833,3,Easy
minor_pentacles_05,major_10_wheel_of_fortune,1.333,1,Hard
minor_pentacles_05,major_11_justice,2.167,3,Easy
minor_pentacles_05,major_12_hanged_man,2.0,3,Easy
minor_pentacles_05,major_13_death,0.667,1,Hard
minor_pentacles_05,major_14_temperance,2.167,3,Easy
minor_pentacles_05,major_15_devil,1.5,2,Medium
minor_pentacles_05,major_16_tower,1.0,1,Hard
minor_pentacles_05,major_17_star,2.167,3,Easy
minor_pentacles_05,major_18_moon,1.667,2,Medium
minor_pentacles_05,major_19_sun,3.333,3,Easy
minor_pentacles_05,major_20_judgment,1.0,1,Hard
minor_pentacles_05,major_21_world,2.833,3,Easy
minor_pentacles_05,minor_wands_ace,1.833,2,Medium
minor_pentacles_05,minor_wands_02,2.0,3,Easy
minor_pentacles_05,minor_wands_03,2.167,3,Easy
minor_pentacles_05,minor_wands_04,2.833,3,Easy
minor_pentacles_05,minor_wands_05,1.167,1,Hard
minor_pentacles_05,minor_wands_06,3.0,3,Easy
minor_pentacles_05,minor_wands_07,1.5,2,Medium
minor_pentacles_05,minor_wands_08,1.667,2,Medium
minor_pentacles_05,minor_wands_09,1.333,1,Hard
minor_pentacles_05,minor_wands_10,1.167,1,Hard
minor_pentacles_05,minor_wands_page,1.833,2,Medium
minor_pentacles_05,minor_wands_knight,1.667,2,Medium
minor_pentacles_05,minor_wands_queen,2.5,3,Easy
minor_pentacles_05,minor_wands_king,3.0,3,Easy
minor_pentacles_05,minor_cups_ace,2.0,3,Easy
minor_pentacles_05,minor_cups_02,2.333,3,Easy
minor_pentacles_05,minor_cups_03,2.667,3,Easy
minor_pentacles_05,minor_cups_04,1.833,2,Medium
minor_pentacles_05,minor_cups_05,0.667,1,Hard
minor_pentacles_05,minor_cups_06,2.0,3,Easy
minor_pentacles_05,minor_cups_07,1.5,2,Medium
minor_pentacles_05,minor_cups_08,0.833,1,Hard
minor_pentacles_05,minor_cups_09,2.333,3,Easy
minor_pentacles_05,minor_cups_10,2.833,3,Easy
minor_pentacles_05,minor_cups_page,1.667,2,Medium
minor_pentacles_05,minor_cups_knight,1.667,2,Medium
minor_pentacles_05,minor_cups_queen,2.167,3,Easy
minor_pentacles_05,minor_cups_king,2.5,3,Easy
minor_pentacles_05,minor_swords_ace,2.0,3,Easy
minor_pentacles_05,minor_swords_02,2.167,3,Easy
minor_pentacles_05,minor_swords_03,0.5,1,Hard
minor_pentacles_05,minor_swords_04,2.167,3,Easy
minor_pentacles_05,minor_swords_05,0.833,1,Hard
minor_pentacles_05,minor_swords_06,1.5,2,Medium
minor_pentacles_05,minor_swords_07,1.5,2,Medium
minor_pentacles_05,minor_swords_08,1.667,2,Medium
minor_pentacles_05,minor_swords_09,1.333,1,Hard
minor_pentacles_05,minor_swords_10,1.0,1,Hard
minor_pentacles_05,minor_swords_page,2.0,3,Easy
minor_pentacles_05,minor_swords_knight,1.833,2,Medium
minor_pentacles_05,minor_swords_queen,1.667,2,Medium
minor_pentacles_05,minor_swords_king,2.167,3,Easy
minor_pentacles_05,minor_pentacles_ace,1.833,2,Medium
minor_pentacles_05,minor_pentacles_02,1.5,2,Medium
minor_pentacles_05,minor_pentacles_03,2.833,3,Easy
minor_pentacles_05,minor_pentacles_04,2.333,3,Easy
minor_pentacles_05,minor_pentacles_06,1.833,2,Medium
minor_pentacles_05,minor_pentacles_07,1.833,2,Medium
minor_pentacles_05,minor_pentacles_08,2.167,3,Easy
minor_pentacles_05,minor_pentacles_09,2.333,3,Easy
minor_pentacles_05,minor_pentacles_10,2.667,3,Easy
minor_pentacles_05,minor_pentacles_page,1.333,1,Hard
minor_pentacles_05,minor_pentacles_knight,1.667,2,Medium
minor_pentacles_05,minor_pentacles_queen,2.167,3,Easy
minor_pentacles_05,minor_pentacles_king,2.5,3,Easy
minor_pentacles_06,major_00_fool,2.167,3,Easy
minor_pentacles_06,major_01_magician,1.5,2,Medium
minor_pentacles_06,major_02_high_priestess,2.667,3,Easy
minor_pentacles_06,major_03_empress,1.333,1,Hard
minor_pentacles_06,major_04_emperor,1.333,1,Hard
minor_pentacles_06,major_05_hierophant,1.0,1,Hard
minor_pentacles_06,major_06_lovers,0.833,1,Hard
minor_pentacles_06,major_07_chariot,1.833,2,Medium
minor_pentacles_06,major_08_strength,0.667,1,Hard
minor_pentacles_06,major_09_hermit,2.333,3,Easy
minor_pentacles_06,major_10_wheel_of_fortune,1.167,1,Hard
minor_pentacles_06,major_11_justice,0.667,1,Hard
minor_pentacles_06,major_12_hanged_man,2.5,3,Easy
minor_pentacles_06,major_13_death,1.833,2,Medium
minor_pentacles_06,major_14_temperance,1.333,1,Hard
minor_pentacles_06,major_15_devil,1.333,1,Hard
minor_pentacles_06,major_16_tower,2.5,3,Easy
minor_pentacles_06,major_17_star,1.0,1,Hard
minor_pentacles_06,major_18_moon,2.5,3,Easy
minor_pentacles_06,major_19_sun,1.5,2,Medium
minor_pentacles_06,major_20_judgment,1.167,1,Hard
minor_pentacles_06,major_21_world,1.667,2,Medium
minor_pentacles_06,minor_wands_ace,1.667,2,Medium
minor_pentacles_06,minor_wands_02,0.833,1,Hard
minor_pentacles_06,minor_wands_03,1.0,1,Hard
minor_pentacles_06,minor_wands_04,1.0,1,Hard
minor_pentacles_06,minor_wands_05,1.0,1,Hard
minor_pentacles_06,minor_wands_06,1.5,2,Medium
minor_pentacles_06,minor_wands_07,1.333,1,Hard
minor_pentacles_06,minor_wands_08,1.167,1,Hard
minor_pentacles_06,minor_wands_09,1.167,1,Hard
minor_pentacles_06,minor_wands_10,1.333,1,Hard
minor_pentacles_06,minor_wands_page,1.333,1,Hard
minor_pentacles_06,minor_wands_knight,1.5,2,Medium
minor_pentacles_06,minor_wands_queen,1.0,1,Hard
minor_pentacles_06,minor_wands_king,1.167,1,Hard
minor_pentacles_06,minor_cups_ace,0.833,1,Hard
minor_pentacles_06,minor_cups_02,0.5,1,Hard
minor_pentacles_06,minor_cups_03,0.833,1,Hard
minor_pentacles_06,minor_cups_04,1.667,2,Medium
minor_pentacles_06,minor_cups_05,1.833,2,Medium
minor_pentacles_06,minor_cups_06,1.167,1,Hard
minor_pentacles_06,minor_cups_07,1.333,1,Hard
minor_pentacles_06,minor_cups_08,1.667,2,Medium
minor_pentacles_06,minor_cups_09,1.5,2,Medium
minor_pentacles_06,minor_cups_10,1.333,1,Hard
minor_pentacles_06,minor_cups_page,0.5,1,Hard
minor_pentacles_06,minor_cups_knight,0.833,1,Hard
minor_pentacles_06,minor_cups_queen,1.0,1,Hard
minor_pentacles_06,minor_cups_king,1.0,1,Hard
minor_pentacles_06,minor_swords_ace,1.167,1,Hard
minor_pentacles_06,minor_swords_02,1.667,2,Medium
minor_pentacles_06,minor_swords_03,1.667,2,Medium
minor_pentacles_06,minor_swords_04,1.667,2,Medium
minor_pentacles_06,minor_swords_05,1.667,2,Medium
minor_pentacles_06,minor_swords_06,0.667,1,Hard
minor_pentacles_06,minor_swords_07,1.333,1,Hard
minor_pentacles_06,minor_swords_08,2.5,3,Easy
minor_pentacles_06,minor_swords_09,2.5,3,Easy
minor_pentacles_06,minor_swords_10,2.167,3,Easy
minor_pentacles_06,minor_swords_page,1.167,1,Hard
minor_pentacles_06,minor_swords_knight,1.0,1,Hard
minor_pentacles_06,minor_swords_queen,0.833,1,Hard
minor_pentacles_06,minor_swords_king,1.0,1,Hard
minor_pentacles_06,minor_pentacles_ace,0.667,1,Hard
minor_pentacles_06,minor_pentacles_02,1.0,1,Hard
minor_pentacles_06,minor_pentacles_03,1.0,1,Hard
minor_pentacles_06,minor_pentacles_04,1.5,2,Medium
minor_pentacles_06,minor_pentacles_05,1.833,2,Medium
minor_pentacles_06,minor_pentacles_07,1.0,1,Hard
minor_pentacles_06,minor_pentacles_08,1.667,2,Medium
minor_pentacles_06,minor_pentacles_09,1.833,2,Medium
minor_pentacles_06,minor_pentacles_10,1.167,1,Hard
minor_pentacles_06,minor_pentacles_page,0.5,1,Hard
minor_pentacles_06,minor_pentacles_knight,1.167,1,Hard
minor_pentacles_06,minor_pentacles_queen,0.333,1,Hard
minor_pentacles_06,minor_pentacles_king,1.0,1,Hard
minor_pentacles_07,major_00_fool,2.5,3,Easy
minor_pentacles_07,major_01_magician,2.167,3,Easy
minor_pentacles_07,major_02_high_priestess,1.667,2,Medium
minor_pentacles_07,major_03_empress,2.0,3,Easy
minor_pentacles_07,major_04_emperor,1.667,2,Medium
minor_pentacles_07,major_05_hierophant,0.667,1,Hard
minor_pentacles_07,major_06_lovers,1.5,2,Medium
minor_pentacles_07,major_07_chariot,2.167,3,Easy
minor_pentacles_07,major_08_strength,0.667,1,Hard
minor_pentacles_07,major_09_hermit,1.333,1,Hard
minor_pentacles_07,major_10_wheel_of_fortune,1.167,1,Hard
minor_pentacles_07,major_11_justice,1.0,1,Hard
minor_pentacles_07,major_12_hanged_man,1.833,2,Medium
minor_pentacles_07,major_13_death,1.833,2,Medium
minor_pentacles_07,major_14_temperance,0.667,1,Hard
minor_pentacles_07,major_15_devil,1.0,1,Hard
minor_pentacles_07,major_16_tower,2.833,3,Easy
minor_pentacles_07,major_17_star,1.0,1,Hard
minor_pentacles_07,major_18_moon,1.833,2,Medium
minor_pentacles_07,major_19_sun,2.167,3,Easy
minor_pentacles_07,major_20_judgment,1.167,1,Hard
minor_pentacles_07,major_21_world,1.333,1,Hard
minor_pentacles_07,minor_wands_ace,2.0,3,Easy
minor_pentacles_07,minor_wands_02,1.167,1,Hard
minor_pentacles_07,minor_wands_03,1.333,1,Hard
minor_pentacles_07,minor_wands_04,1.667,2,Medium
minor_pentacles_07,minor_wands_05,1.333,1,Hard
minor_pentacles_07,minor_wands_06,1.833,2,Medium
minor_pentacles_07,minor_wands_07,1.667,2,Medium
minor_pentacles_07,minor_wands_08,1.167,1,Hard
minor_pentacles_07,minor_wands_09,0.833,1,Hard
minor_pentacles_07,minor_wands_10,1.333,1,Hard
minor_pentacles_07,minor_wands_page,1.667,2,Medium
minor_pentacles_07,minor_wands_knight,1.833,2,Medium
minor_pentacles_07,minor_wands_queen,1.333,1,Hard
minor_pentacles_07,minor_wands_king,1.833,2,Medium
minor_pentacles_07,minor_cups_ace,1.167,1,Hard
minor_pentacles_07,minor_cups_02,1.5,2,Medium
minor_pentacles_07,minor_cups_03,1.5,2,Medium
minor_pentacles_07,minor_cups_04,1.0,1,Hard
minor_pentacles_07,minor_cups_05,1.5,2,Medium
minor_pentacles_07,minor_cups_06,0.5,1,Hard
minor_pentacles_07,minor_cups_07,1.0,1,Hard
minor_pentacles_07,minor_cups_08,1.667,2,Medium
minor_pentacles_07,minor_cups_09,0.833,1,Hard
minor_pentacles_07,minor_cups_10,1.333,1,Hard
minor_pentacles_07,minor_cups_page,1.167,1,Hard
minor_pentacles_07,minor_cups_knight,1.833,2,Medium
minor_pentacles_07,minor_cups_queen,1.333,1,Hard
minor_pentacles_07,minor_cups_king,1.0,1,Hard
minor_pentacles_07,minor_swords_ace,1.167,1,Hard
minor_pentacles_07,minor_swords_02,1.0,1,Hard
minor_pentacles_07,minor_swords_03,1.667,2,Medium
minor_pentacles_07,minor_swords_04,0.667,1,Hard
minor_pentacles_07,minor_swords_05,2.0,3,Easy
minor_pentacles_07,minor_swords_06,0.667,1,Hard
minor_pentacles_07,minor_swords_07,1.333,1,Hard
minor_pentacles_07,minor_swords_08,1.833,2,Medium
minor_pentacles_07,minor_swords_09,2.167,3,Easy
minor_pentacles_07,minor_swords_10,1.5,2,Medium
minor_pentacles_07,minor_swords_page,1.167,1,Hard
minor_pentacles_07,minor_swords_knight,1.333,1,Hard
minor_pentacles_07,minor_swords_queen,0.5,1,Hard
minor_pentacles_07,minor_swords_king,1.0,1,Hard
minor_pentacles_07,minor_pentacles_ace,1.0,1,Hard
minor_pentacles_07,minor_pentacles_02,1.333,1,Hard
minor_pentacles_07,minor_pentacles_03,1.667,2,Medium
minor_pentacles_07,minor_pentacles_04,1.167,1,Hard
minor_pentacles_07,minor_pentacles_05,1.833,2,Medium
minor_pentacles_07,minor_pentacles_06,1.0,1,Hard
minor_pentacles_07,minor_pentacles_08,1.333,1,Hard
minor_pentacles_07,minor_pentacles_09,1.167,1,Hard
minor_pentacles_07,minor_pentacles_10,1.5,2,Medium
minor_pentacles_07,minor_pentacles_page,0.5,1,Hard
minor_pentacles_07,minor_pentacles_knight,0.833,1,Hard
minor_pentacles_07,minor_pentacles_queen,1.0,1,Hard
minor_pentacles_07,minor_pentacles_king,1.333,1,Hard
minor_pentacles_08,major_00_fool,2.167,3,Easy
minor_pentacles_08,major_01_magician,1.5,2,Medium
minor_pentacles_08,major_02_high_priestess,2.0,3,Easy
minor_pentacles_08,major_03_empress,2.0,3,Easy
minor_pentacles_08,major_04_emperor,1.333,1,Hard
minor_pentacles_08,major_05_hierophant,1.667,2,Medium
minor_pentacles_08,major_06_lovers,2.167,3,Easy
minor_pentacles_08,major_07_chariot,1.5,2,Medium
minor_pentacles_08,major_08_strength,1.0,1,Hard
minor_pentacles_08,major_09_hermit,1.333,1,Hard
minor_pentacles_08,major_10_wheel_of_fortune,2.167,3,Easy
minor_pentacles_08,major_11_justice,1.0,1,Hard
minor_pentacles_08,major_12_hanged_man,2.5,3,Easy
minor_pentacles_08,major_13_death,1.833,2,Medium
minor_pentacles_08,major_14_temperance,1.0,1,Hard
minor_pentacles_08,major_15_devil,1.667,2,Medium
minor_pentacles_08,major_16_tower,2.833,3,Easy
minor_pentacles_08,major_17_star,1.667,2,Medium
minor_pentacles_08,major_18_moon,2.5,3,Easy
minor_pentacles_08,major_19_sun,1.833,2,Medium
minor_pentacles_08,major_20_judgment,1.167,1,Hard
minor_pentacles_08,major_21_world,1.667,2,Medium
minor_pentacles_08,minor_wands_ace,2.0,3,Easy
minor_pentacles_08,minor_wands_02,1.167,1,Hard
minor_pentacles_08,minor_wands_03,1.0,1,Hard
minor_pentacles_08,minor_wands_04,1.333,1,Hard
minor_pentacles_08,minor_wands_05,1.667,2,Medium
minor_pentacles_08,minor_wands_06,1.167,1,Hard
minor_pentacles_08,minor_wands_07,1.333,1,Hard
minor_pentacles_08,minor_wands_08,1.167,1,Hard
minor_pentacles_08,minor_wands_09,1.167,1,Hard
minor_pentacles_08,minor_wands_10,1.333,1,Hard
minor_pentacles_08,minor_wands_page,1.667,2,Medium
minor_pentacles_08,minor_wands_knight,2.167,3,Easy
minor_pentacles_08,minor_wands_queen,0.667,1,Hard
minor_pentacles_08,minor_wands_king,1.167,1,Hard
minor_pentacles_08,minor_cups_ace,1.5,2,Medium
minor_pentacles_08,minor_cups_02,1.833,2,Medium
minor_pentacles_08,minor_cups_03,1.833,2,Medium
minor_pentacles_08,minor_cups_04,1.667,2,Medium
minor_pentacles_08,minor_cups_05,1.833,2,Medium
minor_pentacles_08,minor_cups_06,0.833,1,Hard
minor_pentacles_08,minor_cups_07,1.667,2,Medium
minor_pentacles_08,minor_cups_08,1.333,1,Hard
minor_pentacles_08,minor_cups_09,1.167,1,Hard
minor_pentacles_08,minor_cups_10,1.667,2,Medium
minor_pentacles_08,minor_cups_page,1.5,2,Medium
minor_pentacles_08,minor_cups_knight,2.167,3,Easy
minor_pentacles_08,minor_cups_queen,1.667,2,Medium
minor_pentacles_08,minor_cups_king,1.0,1,Hard
minor_pentacles_08,minor_swords_ace,0.5,1,Hard
minor_pentacles_08,minor_swords_02,1.333,1,Hard
minor_pentacles_08,minor_swords_03,1.667,2,Medium
minor_pentacles_08,minor_swords_04,1.0,1,Hard
minor_pentacles_08,minor_swords_05,1.667,2,Medium
minor_pentacles_08,minor_swords_06,1.0,1,Hard
minor_pentacles_08,minor_swords_07,0.667,1,Hard
minor_pentacles_08,minor_swords_08,2.5,3,Easy
minor_pentacles_08,minor_swords_09,2.5,3,Easy
minor_pentacles_08,minor_swords_10,2.167,3,Easy
minor_pentacles_08,minor_swords_page,0.833,1,Hard
minor_pentacles_08,minor_swords_knight,1.333,1,Hard
minor_pentacles_08,minor_swords_queen,0.833,1,Hard
minor_pentacles_08,minor_swords_king,0.667,1,Hard
minor_pentacles_08,minor_pentacles_ace,1.0,1,Hard
minor_pentacles_08,minor_pentacles_02,1.333,1,Hard
minor_pentacles_08,minor_pentacles_03,1.333,1,Hard
minor_pentacles_08,minor_pentacles_04,1.167,1,Hard
minor_pentacles_08,minor_pentacles_05,2.167,3,Easy
minor_pentacles_08,minor_pentacles_06,1.667,2,Medium
minor_pentacles_08,minor_pentacles_07,1.333,1,Hard
minor_pentacles_08,minor_pentacles_09,1.167,1,Hard
minor_pentacles_08,minor_pentacles_10,1.5,2,Medium
minor_pentacles_08,minor_pentacles_page,1.167,1,Hard
minor_pentacles_08,minor_pentacles_knight,0.833,1,Hard
minor_pentacles_08,minor_pentacles_queen,1.333,1,Hard
minor_pentacles_08,minor_pentacles_king,1.333,1,Hard
minor_pentacles_09,major_00_fool,2.333,3,Easy
minor_pentacles_09,major_01_magician,2.0,3,Easy
minor_pentacles_09,major_02_high_priestess,1.5,2,Medium
minor_pentacles_09,major_03_empress,1.833,2,Medium
minor_pentacles_09,major_04_emperor,2.167,3,Easy
minor_pentacles_09,major_05_hierophant,1.167,1,Hard
minor_pentacles_09,major_06_lovers,2.0,3,Easy
minor_pentacles_09,major_07_chariot,2.333,3,Easy
minor_pentacles_09,major_08_strength,1.5,2,Medium
minor_pentacles_09,major_09_hermit,1.167,1,Hard
minor_pentacles_09,major_10_wheel_of_fortune,2.0,3,Easy
minor_pentacles_09,major_11_justice,1.5,2,Medium
minor_pentacles_09,major_12_hanged_man,2.333,3,Easy
minor_pentacles_09,major_13_death,2.333,3,Easy
minor_pentacles_09,major_14_temperance,0.833,1,Hard
minor_pentacles_09,major_15_devil,1.833,2,Medium
minor_pentacles_09,major_16_tower,3.333,3,Easy
minor_pentacles_09,major_17_star,1.167,1,Hard
minor_pentacles_09,major_18_moon,2.333,3,Easy
minor_pentacles_09,major_19_sun,1.667,2,Medium
minor_pentacles_09,major_20_judgment,1.667,2,Medium
minor_pentacles_09,major_21_world,0.833,1,Hard
minor_pentacles_09,minor_wands_ace,2.5,3,Easy
minor_pentacles_09,minor_wands_02,1.667,2,Medium
minor_pentacles_09,minor_wands_03,1.5,2,Medium
minor_pentacles_09,minor_wands_04,1.167,1,Hard
minor_pentacles_09,minor_wands_05,2.167,3,Easy
minor_pentacles_09,minor_wands_06,1.333,1,Hard
minor_pentacles_09,minor_wands_07,1.833,2,Medium
minor_pentacles_09,minor_wands_08,1.667,2,Medium
minor_pentacles_09,minor_wands_09,1.333,1,Hard
minor_pentacles_09,minor_wands_10,1.833,2,Medium
minor_pentacles_09,minor_wands_page,2.167,3,Easy
minor_pentacles_09,minor_wands_knight,2.667,3,Easy
minor_pentacles_09,minor_wands_queen,1.5,2,Medium
minor_pentacles_09,minor_wands_king,1.667,2,Medium
minor_pentacles_09,minor_cups_ace,1.333,1,Hard
minor_pentacles_09,minor_cups_02,1.667,2,Medium
minor_pentacles_09,minor_cups_03,1.667,2,Medium
minor_pentacles_09,minor_cups_04,1.5,2,Medium
minor_pentacles_09,minor_cups_05,2.0,3,Easy
minor_pentacles_09,minor_cups_06,1.0,1,Hard
minor_pentacles_09,minor_cups_07,1.833,2,Medium
minor_pentacles_09,minor_cups_08,2.167,3,Easy
minor_pentacles_09,minor_cups_09,0.333,1,Hard
minor_pentacles_09,minor_cups_10,0.833,1,Hard
minor_pentacles_09,minor_cups_page,1.667,2,Medium
minor_pentacles_09,minor_cups_knight,2.667,3,Easy
minor_pentacles_09,minor_cups_queen,1.833,2,Medium
minor_pentacles_09,minor_cups_king,1.167,1,Hard
minor_pentacles_09,minor_swords_ace,1.333,1,Hard
minor_pentacles_09,minor_swords_02,1.167,1,Hard
minor_pentacles_09,minor_swords_03,2.167,3,Easy
minor_pentacles_09,minor_swords_04,1.167,1,Hard
minor_pentacles_09,minor_swords_05,2.167,3,Easy
minor_pentacles_09,minor_swords_06,1.5,2,Medium
minor_pentacles_09,minor_swords_07,1.5,2,Medium
minor_pentacles_09,minor_swords_08,2.333,3,Easy
minor_pentacles_09,minor_swords_09,2.333,3,Easy
minor_pentacles_09,minor_swords_10,2.333,3,Easy
minor_pentacles_09,minor_swords_page,1.333,1,Hard
minor_pentacles_09,minor_swords_knight,1.833,2,Medium
minor_pentacles_09,minor_swords_queen,1.0,1,Hard
minor_pentacles_09,minor_swords_king,1.5,2,Medium
minor_pentacles_09,minor_pentacles_ace,1.5,2,Medium
minor_pentacles_09,minor_pentacles_02,1.833,2,Medium
minor_pentacles_09,minor_pentacles_03,1.833,2,Medium
minor_pentacles_09,minor_pentacles_04,1.0,1,Hard
minor_pentacles_09,minor_pentacles_05,2.333,3,Easy
minor_pentacles_09,minor_pentacles_06,1.833,2,Medium
minor_pentacles_09,minor_pentacles_07,1.167,1,Hard
minor_pentacles_09,minor_pentacles_08,1.167,1,Hard
minor_pentacles_09,minor_pentacles_10,1.0,1,Hard
minor_pentacles_09,minor_pentacles_page,1.333,1,Hard
minor_pentacles_09,minor_pentacles_knight,1.333,1,Hard
minor_pentacles_09,minor_pentacles_queen,1.5,2,Medium
minor_pentacles_09,minor_pentacles_king,0.833,1,Hard
minor_pentacles_10,major_00_fool,2.333,3,Easy
minor_pentacles_10,major_01_magician,1.333,1,Hard
minor_pentacles_10,major_02_high_priestess,2.5,3,Easy
minor_pentacles_10,major_03_empress,1.167,1,Hard
minor_pentacles_10,major_04_emperor,1.833,2,Medium
minor_pentacles_10,major_05_hierophant,1.167,1,Hard
minor_pentacles_10,major_06_lovers,1.667,2,Medium
minor_pentacles_10,major_07_chariot,2.333,3,Easy
minor_pentacles_10,major_08_strength,1.167,1,Hard
minor_pentacles_10,major_09_hermit,2.167,3,Easy
minor_pentacles_10,major_10_wheel_of_fortune,2.0,3,Easy
minor_pentacles_10,major_11_justice,0.833,1,Hard
minor_pentacles_10,major_12_hanged_man,3.333,3,Easy
minor_pentacles_10,major_13_death,2.667,3,Easy
minor_pentacles_10,major_14_temperance,1.167,1,Hard
minor_pentacles_10,major_15_devil,1.833,2,Medium
minor_pentacles_10,major_16_tower,3.333,3,Easy
minor_pentacles_10,major_17_star,0.833,1,Hard
minor_pentacles_10,major_18_moon,3.333,3,Easy
minor_pentacles_10,major_19_sun,0.667,1,Hard
minor_pentacles_10,major_20_judgment,2.0,3,Easy
minor_pentacles_10,major_21_world,0.5,1,Hard
minor_pentacles_10,minor_wands_ace,2.167,3,Easy
minor_pentacles_10,minor_wands_02,1.333,1,Hard
minor_pentacles_10,minor_wands_03,1.167,1,Hard
minor_pentacles_10,minor_wands_04,0.5,1,Hard
minor_pentacles_10,minor_wands_05,1.833,2,Medium
minor_pentacles_10,minor_wands_06,0.667,1,Hard
minor_pentacles_10,minor_wands_07,1.833,2,Medium
minor_pentacles_10,minor_wands_08,1.667,2,Medium
minor_pentacles_10,minor_wands_09,2.0,3,Easy
minor_pentacles_10,minor_wands_10,1.833,2,Medium
minor_pentacles_10,minor_wands_page,1.833,2,Medium
minor_pentacles_10,minor_wands_knight,2.333,3,Easy
minor_pentacles_10,minor_wands_queen,0.833,1,Hard
minor_pentacles_10,minor_wands_king,1.0,1,Hard
minor_pentacles_10,minor_cups_ace,1.0,1,Hard
minor_pentacles_10,minor_cups_02,1.0,1,Hard
minor_pentacles_10,minor_cups_03,1.0,1,Hard
minor_pentacles_10,minor_cups_04,2.5,3,Easy
minor_pentacles_10,minor_cups_05,2.667,3,Easy
minor_pentacles_10,minor_cups_06,1.333,1,Hard
minor_pentacles_10,minor_cups_07,2.167,3,Easy
minor_pentacles_10,minor_cups_08,2.5,3,Easy
minor_pentacles_10,minor_cups_09,0.667,1,Hard
minor_pentacles_10,minor_cups_10,0.833,1,Hard
minor_pentacles_10,minor_cups_page,1.333,1,Hard
minor_pentacles_10,minor_cups_knight,2.0,3,Easy
minor_pentacles_10,minor_cups_queen,1.833,2,Medium
minor_pentacles_10,minor_cups_king,1.167,1,Hard
minor_pentacles_10,minor_swords_ace,1.333,1,Hard
minor_pentacles_10,minor_swords_02,2.167,3,Easy
minor_pentacles_10,minor_swords_03,2.5,3,Easy
minor_pentacles_10,minor_swords_04,1.833,2,Medium
minor_pentacles_10,minor_swords_05,2.167,3,Easy
minor_pentacles_10,minor_swords_06,1.5,2,Medium
minor_pentacles_10,minor_swords_07,1.833,2,Medium
minor_pentacles_10,minor_swords_08,3.333,3,Easy
minor_pentacles_10,minor_swords_09,3.333,3,Easy
minor_pentacles_10,minor_swords_10,3.0,3,Easy
minor_pentacles_10,minor_swords_page,1.333,1,Hard
minor_pentacles_10,minor_swords_knight,1.5,2,Medium
minor_pentacles_10,minor_swords_queen,1.0,1,Hard
minor_pentacles_10,minor_swords_king,1.167,1,Hard
minor_pentacles_10,minor_pentacles_ace,1.167,1,Hard
minor_pentacles_10,minor_pentacles_02,1.5,2,Medium
minor_pentacles_10,minor_pentacles_03,1.167,1,Hard
minor_pentacles_10,minor_pentacles_04,1.333,1,Hard
minor_pentacles_10,minor_pentacles_05,2.667,3,Easy
minor_pentacles_10,minor_pentacles_06,1.167,1,Hard
minor_pentacles_10,minor_pentacles_07,1.5,2,Medium
minor_pentacles_10,minor_pentacles_08,1.5,2,Medium
minor_pentacles_10,minor_pentacles_09,1.0,1,Hard
minor_pentacles_10,minor_pentacles_page,1.333,1,Hard
minor_pentacles_10,minor_pentacles_knight,1.333,1,Hard
minor_pentacles_10,minor_pentacles_queen,0.833,1,Hard
minor_pentacles_10,minor_pentacles_king,0.167,1,Hard
minor_pentacles_page,major_00_fool,2.0,3,Easy
minor_pentacles_page,major_01_magician,1.667,2,Medium
minor_pentacles_page,major_02_high_priestess,2.167,3,Easy
minor_pentacles_page,major_03_empress,1.833,2,Medium
minor_pentacles_page,major_04_emperor,1.167,1,Hard
minor_pentacles_page,major_05_hierophant,0.833,1,Hard
minor_pentacles_page,major_06_lovers,1.333,1,Hard
minor_pentacles_page,major_07_chariot,1.667,2,Medium
minor_pentacles_page,major_08_strength,0.5,1,Hard
minor_pentacles_page,major_09_hermit,1.833,2,Medium
minor_pentacles_page,major_10_wheel_of_fortune,1.0,1,Hard
minor_pentacles_page,major_11_justice,0.833,1,Hard
minor_pentacles_page,major_12_hanged_man,2.0,3,Easy
minor_pentacles_page,major_13_death,1.333,1,Hard
minor_pentacles_page,major_14_temperance,0.833,1,Hard
minor_pentacles_page,major_15_devil,1.167,1,Hard
minor_pentacles_page,major_16_tower,2.333,3,Easy
minor_pentacles_page,major_17_star,1.167,1,Hard
minor_pentacles_page,major_18_moon,2.0,3,Easy
minor_pentacles_page,major_19_sun,2.0,3,Easy
minor_pentacles_page,major_20_judgment,0.667,1,Hard
minor_pentacles_page,major_21_world,1.5,2,Medium
minor_pentacles_page,minor_wands_ace,1.5,2,Medium
minor_pentacles_page,minor_wands_02,0.667,1,Hard
minor_pentacles_page,minor_wands_03,0.833,1,Hard
minor_pentacles_page,minor_wands_04,1.5,2,Medium
minor_pentacles_page,minor_wands_05,0.833,1,Hard
minor_pentacles_page,minor_wands_06,1.667,2,Medium
minor_pentacles_page,minor_wands_07,1.167,1,Hard
minor_pentacles_page,minor_wands_08,0.667,1,Hard
minor_pentacles_page,minor_wands_09,0.667,1,Hard
minor_pentacles_page,minor_wands_10,0.833,1,Hard
minor_pentacles_page,minor_wands_page,1.167,1,Hard
minor_pentacles_page,minor_wands_knight,1.333,1,Hard
minor_pentacles_page,minor_wands_queen,1.167,1,Hard
minor_pentacles_page,minor_wands_king,1.667,2,Medium
minor_pentacles_page,minor_cups_ace,1.0,1,Hard
minor_pentacles_page,minor_cups_02,1.0,1,Hard
minor_pentacles_page,minor_cups_03,1.333,1,Hard
minor_pentacles_page,minor_cups_04,1.167,1,Hard
minor_pentacles_page,minor_cups_05,1.333,1,Hard
minor_pentacles_page,minor_cups_06,0.667,1,Hard
minor_pentacles_page,minor_cups_07,0.833,1,Hard
minor_pentacles_page,minor_cups_08,1.167,1,Hard
minor_pentacles_page,minor_cups_09,1.0,1,Hard
minor_pentacles_page,minor_cups_10,1.5,2,Medium
minor_pentacles_page,minor_cups_page,0.667,1,Hard
minor_pentacles_page,minor_cups_knight,1.333,1,Hard
minor_pentacles_page,minor_cups_queen,1.167,1,Hard
minor_pentacles_page,minor_cups_king,1.167,1,Hard
minor_pentacles_page,minor_swords_ace,0.667,1,Hard
minor_pentacles_page,minor_swords_02,1.167,1,Hard
minor_pentacles_page,minor_swords_03,1.167,1,Hard
minor_pentacles_page,minor_swords_04,1.167,1,Hard
minor_pentacles_page,minor_swords_05,1.5,2,Medium
minor_pentacles_page,minor_swords_06,0.167,1,Hard
minor_pentacles_page,minor_swords_07,0.833,1,Hard
minor_pentacles_page,minor_swords_08,2.0,3,Easy
minor_pentacles_page,minor_swords_09,2.0,3,Easy
minor_pentacles_page,minor_swords_10,1.667,2,Medium
minor_pentacles_page,minor_swords_page,0.667,1,Hard
minor_pentacles_page,minor_swords_knight,0.833,1,Hard
minor_pentacles_page,minor_swords_queen,0.333,1,Hard
minor_pentacles_page,minor_swords_king,0.833,1,Hard
minor_pentacles_page,minor_pentacles_ace,0.5,1,Hard
minor_pentacles_page,minor_pentacles_02,0.833,1,Hard
minor_pentacles_page,minor_pentacles_03,1.5,2,Medium
minor_pentacles_page,minor_pentacles_04,1.333,1,Hard
minor_pentacles_page,minor_pentacles_05,1.333,1,Hard
minor_pentacles_page,minor_pentacles_06,0.5,1,Hard
minor_pentacles_page,minor_pentacles_07,0.5,1,Hard
minor_pentacles_page,minor_pentacles_08,1.167,1,Hard
minor_pentacles_page,minor_pentacles_09,1.333,1,Hard
minor_pentacles_page,minor_pentacles_10,1.333,1,Hard
minor_pentacles_page,minor_pentacles_knight,0.667,1,Hard
minor_pentacles_page,minor_pentacles_queen,0.833,1,Hard
minor_pentacles_page,minor_pentacles_king,1.167,1,Hard
minor_pentacles_knight,major_00_fool,2.667,3,Easy
minor_pentacles_knight,major_01_magician,1.667,2,Medium
minor_pentacles_knight,major_02_high_priestess,2.5,3,Easy
minor_pentacles_knight,major_03_empress,2.167,3,Easy
minor_pentacles_knight,major_04_emperor,1.167,1,Hard
minor_pentacles_knight,major_05_hierophant,0.833,1,Hard
minor_pentacles_knight,major_06_lovers,1.333,1,Hard
minor_pentacles_knight,major_07_chariot,1.333,1,Hard
minor_pentacles_knight,major_08_strength,0.833,1,Hard
minor_pentacles_knight,major_09_hermit,1.833,2,Medium
minor_pentacles_knight,major_10_wheel_of_fortune,1.667,2,Medium
minor_pentacles_knight,major_11_justice,0.5,1,Hard
minor_pentacles_knight,major_12_hanged_man,2.333,3,Easy
minor_pentacles_knight,major_13_death,1.667,2,Medium
minor_pentacles_knight,major_14_temperance,1.167,1,Hard
minor_pentacles_knight,major_15_devil,1.167,1,Hard
minor_pentacles_knight,major_16_tower,2.667,3,Easy
minor_pentacles_knight,major_17_star,1.5,2,Medium
minor_pentacles_knight,major_18_moon,2.333,3,Easy
minor_pentacles_knight,major_19_sun,2.0,3,Easy
minor_pentacles_knight,major_20_judgment,1.333,1,Hard
minor_pentacles_knight,major_21_world,1.5,2,Medium
minor_pentacles_knight,minor_wands_ace,2.167,3,Easy
minor_pentacles_knight,minor_wands_02,1.0,1,Hard
minor_pentacles_knight,minor_wands_03,1.167,1,Hard
minor_pentacles_knight,minor_wands_04,1.5,2,Medium
minor_pentacles_knight,minor_wands_05,1.167,1,Hard
minor_pentacles_knight,minor_wands_06,1.333,1,Hard
minor_pentacles_knight,minor_wands_07,1.167,1,Hard
minor_pentacles_knight,minor_wands_08,1.333,1,Hard
minor_pentacles_knight,minor_wands_09,1.0,1,Hard
minor_pentacles_knight,minor_wands_10,0.833,1,Hard
minor_pentacles_knight,minor_wands_page,1.833,2,Medium
minor_pentacles_knight,minor_wands_knight,2.0,3,Easy
minor_pentacles_knight,minor_wands_queen,0.833,1,Hard
minor_pentacles_knight,minor_wands_king,1.333,1,Hard
minor_pentacles_knight,minor_cups_ace,1.333,1,Hard
minor_pentacles_knight,minor_cups_02,1.667,2,Medium
minor_pentacles_knight,minor_cups_03,1.667,2,Medium
minor_pentacles_knight,minor_cups_04,1.5,2,Medium
minor_pentacles_knight,minor_cups_05,1.667,2,Medium
minor_pentacles_knight,minor_cups_06,1.0,1,Hard
minor_pentacles_knight,minor_cups_07,1.5,2,Medium
minor_pentacles_knight,minor_cups_08,1.5,2,Medium
minor_pentacles_knight,minor_cups_09,1.0,1,Hard
minor_pentacles_knight,minor_cups_10,1.5,2,Medium
minor_pentacles_knight,minor_cups_page,1.333,1,Hard
minor_pentacles_knight,minor_cups_knight,2.0,3,Easy
minor_pentacles_knight,minor_cups_queen,1.833,2,Medium
minor_pentacles_knight,minor_cups_king,1.167,1,Hard
minor_pentacles_knight,minor_swords_ace,0.667,1,Hard
minor_pentacles_knight,minor_swords_02,1.5,2,Medium
minor_pentacles_knight,minor_swords_03,1.5,2,Medium
minor_pentacles_knight,minor_swords_04,1.5,2,Medium
minor_pentacles_knight,minor_swords_05,1.5,2,Medium
minor_pentacles_knight,minor_swords_06,0.833,1,Hard
minor_pentacles_knight,minor_swords_07,1.167,1,Hard
minor_pentacles_knight,minor_swords_08,2.333,3,Easy
minor_pentacles_knight,minor_swords_09,2.333,3,Easy
minor_pentacles_knight,minor_swords_10,2.0,3,Easy
minor_pentacles_knight,minor_swords_page,1.0,1,Hard
minor_pentacles_knight,minor_swords_knight,1.167,1,Hard
minor_pentacles_knight,minor_swords_queen,0.333,1,Hard
minor_pentacles_knight,minor_swords_king,0.5,1,Hard
minor_pentacles_knight,minor_pentacles_ace,1.167,1,Hard
minor_pentacles_knight,minor_pentacles_02,0.833,1,Hard
minor_pentacles_knight,minor_pentacles_03,1.5,2,Medium
minor_pentacles_knight,minor_pentacles_04,1.0,1,Hard
minor_pentacles_knight,minor_pentacles_05,1.667,2,Medium
minor_pentacles_knight,minor_pentacles_06,1.167,1,Hard
minor_pentacles_knight,minor_pentacles_07,0.833,1,Hard
minor_pentacles_knight,minor_pentacles_08,0.833,1,Hard
minor_pentacles_knight,minor_pentacles_09,1.333,1,Hard
minor_pentacles_knight,minor_pentacles_10,1.333,1,Hard
minor_pentacles_knight,minor_pentacles_page,0.667,1,Hard
minor_pentacles_knight,minor_pentacles_queen,1.167,1,Hard
minor_pentacles_knight,minor_pentacles_king,1.167,1,Hard
minor_pentacles_queen,major_00_fool,2.167,3,Easy
minor_pentacles_queen,major_01_magician,1.5,2,Medium
minor_pentacles_queen,major_02_high_priestess,2.333,3,Easy
minor_pentacles_queen,major_03_empress,1.0,1,Hard
minor_pentacles_queen,major_04_emperor,1.667,2,Medium
minor_pentacles_queen,major_05_hierophant,1.0,1,Hard
minor_pentacles_queen,major_06_lovers,1.167,1,Hard
minor_pentacles_queen,major_07_chariot,2.167,3,Easy
minor_pentacles_queen,major_08_strength,0.667,1,Hard
minor_pentacles_queen,major_09_hermit,2.0,3,Easy
minor_pentacles_queen,major_10_wheel_of_fortune,1.5,2,Medium
minor_pentacles_queen,major_11_justice,0.667,1,Hard
minor_pentacles_queen,major_12_hanged_man,2.833,3,Easy
minor_pentacles_queen,major_13_death,2.167,3,Easy
minor_pentacles_queen,major_14_temperance,1.0,1,Hard
minor_pentacles_queen,major_15_devil,1.333,1,Hard
minor_pentacles_queen,major_16_tower,2.833,3,Easy
minor_pentacles_queen,major_17_star,0.667,1,Hard
minor_pentacles_queen,major_18_moon,2.833,3,Easy
minor_pentacles_queen,major_19_sun,1.167,1,Hard
minor_pentacles_queen,major_20_judgment,1.5,2,Medium
minor_pentacles_queen,major_21_world,1.333,1,Hard
minor_pentacles_queen,minor_wands_ace,1.667,2,Medium
minor_pentacles_queen,minor_wands_02,1.167,1,Hard
minor_pentacles_queen,minor_wands_03,1.0,1,Hard
minor_pentacles_queen,minor_wands_04,0.667,1,Hard
minor_pentacles_queen,minor_wands_05,1.333,1,Hard
minor_pentacles_queen,minor_wands_06,1.167,1,Hard
minor_pentacles_queen,minor_wands_07,1.667,2,Medium
minor_pentacles_queen,minor_wands_08,1.167,1,Hard
minor_pentacles_queen,minor_wands_09,1.5,2,Medium
minor_pentacles_queen,minor_wands_10,1.667,2,Medium
minor_pentacles_queen,minor_wands_page,1.333,1,Hard
minor_pentacles_queen,minor_wands_knight,1.833,2,Medium
minor_pentacles_queen,minor_wands_queen,0.667,1,Hard
minor_pentacles_queen,minor_wands_king,0.833,1,Hard
minor_pentacles_queen,minor_cups_ace,0.5,1,Hard
minor_pentacles_queen,minor_cups_02,0.5,1,Hard
minor_pentacles_queen,minor_cups_03,0.5,1,Hard
minor_pentacles_queen,minor_cups_04,2.0,3,Easy
minor_pentacles_queen,minor_cups_05,2.167,3,Easy
minor_pentacles_queen,minor_cups_06,0.833,1,Hard
minor_pentacles_queen,minor_cups_07,1.667,2,Medium
minor_pentacles_queen,minor_cups_08,2.0,3,Easy
minor_pentacles_queen,minor_cups_09,1.167,1,Hard
minor_pentacles_queen,minor_cups_10,1.0,1,Hard
minor_pentacles_queen,minor_cups_page,0.5,1,Hard
minor_pentacles_queen,minor_cups_knight,1.167,1,Hard
minor_pentacles_queen,minor_cups_queen,1.0,1,Hard
minor_pentacles_queen,minor_cups_king,0.667,1,Hard
minor_pentacles_queen,minor_swords_ace,1.167,1,Hard
minor_pentacles_queen,minor_swords_02,2.0,3,Easy
minor_pentacles_queen,minor_swords_03,2.0,3,Easy
minor_pentacles_queen,minor_swords_04,1.333,1,Hard
minor_pentacles_queen,minor_swords_05,2.0,3,Easy
minor_pentacles_queen,minor_swords_06,1.0,1,Hard
minor_pentacles_queen,minor_swords_07,1.667,2,Medium
minor_pentacles_queen,minor_swords_08,2.833,3,Easy
minor_pentacles_queen,minor_swords_09,2.833,3,Easy
minor_pentacles_queen,minor_swords_10,2.5,3,Easy
minor_pentacles_queen,minor_swords_page,1.167,1,Hard
minor_pentacles_queen,minor_swords_knight,1.333,1,Hard
minor_pentacles_queen,minor_swords_queen,0.833,1,Hard
minor_pentacles_queen,minor_swords_king,1.0,1,Hard
minor_pentacles_queen,minor_pentacles_ace,0.667,1,Hard
minor_pentacles_queen,minor_pentacles_02,1.333,1,Hard
minor_pentacles_queen,minor_pentacles_03,0.667,1,Hard
minor_pentacles_queen,minor_pentacles_04,1.5,2,Medium
minor_pentacles_queen,minor_pentacles_05,2.167,3,Easy
minor_pentacles_queen,minor_pentacles_06,0.333,1,Hard
minor_pentacles_queen,minor_pentacles_07,1.0,1,Hard
minor_pentacles_queen,minor_pentacles_08,1.333,1,Hard
minor_pentacles_queen,minor_pentacles_09,1.5,2,Medium
minor_pentacles_queen,minor_pentacles_10,0.833,1,Hard
minor_pentacles_queen,minor_pentacles_page,0.833,1,Hard
minor_pentacles_queen,minor_pentacles_knight,1.167,1,Hard
minor_pentacles_queen,minor_pentacles_king,0.667,1,Hard
minor_pentacles_king,major_00_fool,2.167,3,Easy
minor_pentacles_king,major_01_magician,1.167,1,Hard
minor_pentacles_king,major_02_high_priestess,2.333,3,Easy
minor_pentacles_king,major_03_empress,1.0,1,Hard
minor_pentacles_king,major_04_emperor,1.667,2,Medium
minor_pentacles_king,major_05_hierophant,1.0,1,Hard
minor_pentacles_king,major_06_lovers,1.5,2,Medium
minor_pentacles_king,major_07_chariot,2.167,3,Easy
minor_pentacles_king,major_08_strength,1.0,1,Hard
minor_pentacles_king,major_09_hermit,2.0,3,Easy
minor_pentacles_king,major_10_wheel_of_fortune,1.833,2,Medium
minor_pentacles_king,major_11_justice,0.667,1,Hard
minor_pentacles_king,major_12_hanged_man,3.167,3,Easy
minor_pentacles_king,major_13_death,2.5,3,Easy
minor_pentacles_king,major_14_temperance,1.0,1,Hard
minor_pentacles_king,major_15_devil,1.667,2,Medium
minor_pentacles_king,major_16_tower,3.167,3,Easy
minor_pentacles_king,major_17_star,0.667,1,Hard
minor_pentacles_king,major_18_moon,3.167,3,Easy
minor_pentacles_king,major_19_sun,0.833,1,Hard
minor_pentacles_king,major_20_judgment,1.833,2,Medium
minor_pentacles_king,major_21_world,0.667,1,Hard
minor_pentacles_king,minor_wands_ace,2.0,3,Easy
minor_pentacles_king,minor_wands_02,1.167,1,Hard
minor_pentacles_king,minor_wands_03,1.0,1,Hard
minor_pentacles_king,minor_wands_04,0.333,1,Hard
minor_pentacles_king,minor_wands_05,1.667,2,Medium
minor_pentacles_king,minor_wands_06,0.5,1,Hard
minor_pentacles_king,minor_wands_07,1.667,2,Medium
minor_pentacles_king,minor_wands_08,1.5,2,Medium
minor_pentacles_king,minor_wands_09,1.833,2,Medium
minor_pentacles_king,minor_wands_10,1.667,2,Medium
minor_pentacles_king,minor_wands_page,1.667,2,Medium
minor_pentacles_king,minor_wands_knight,2.167,3,Easy
minor_pentacles_king,minor_wands_queen,0.667,1,Hard
minor_pentacles_king,minor_wands_king,0.833,1,Hard
minor_pentacles_king,minor_cups_ace,0.833,1,Hard
minor_pentacles_king,minor_cups_02,0.833,1,Hard
minor_pentacles_king,minor_cups_03,0.833,1,Hard
minor_pentacles_king,minor_cups_04,2.333,3,Easy
minor_pentacles_king,minor_cups_05,2.5,3,Easy
minor_pentacles_king,minor_cups_06,1.167,1,Hard
minor_pentacles_king,minor_cups_07,2.0,3,Easy
minor_pentacles_king,minor_cups_08,2.333,3,Easy
minor_pentacles_king,minor_cups_09,0.5,1,Hard
minor_pentacles_king,minor_cups_10,0.667,1,Hard
minor_pentacles_king,minor_cups_page,1.167,1,Hard
minor_pentacles_king,minor_cups_knight,1.833,2,Medium
minor_pentacles_king,minor_cups_queen,1.667,2,Medium
minor_pentacles_king,minor_cups_king,1.0,1,Hard
minor_pentacles_king,minor_swords_ace,1.167,1,Hard
minor_pentacles_king,minor_swords_02,2.0,3,Easy
minor_pentacles_king,minor_swords_03,2.333,3,Easy
minor_pentacles_king,minor_swords_04,1.667,2,Medium
minor_pentacles_king,minor_swords_05,2.0,3,Easy
minor_pentacles_king,minor_swords_06,1.333,1,Hard
minor_pentacles_king,minor_swords_07,1.667,2,Medium
minor_pentacles_king,minor_swords_08,3.167,3,Easy
minor_pentacles_king,minor_swords_09,3.167,3,Easy
minor_pentacles_king,minor_swords_10,2.833,3,Easy
minor_pentacles_king,minor_swords_page,1.167,1,Hard
minor_pentacles_king,minor_swords_knight,1.333,1,Hard
minor_pentacles_king,minor_swords_queen,0.833,1,Hard
minor_pentacles_king,minor_swords_king,1.0,1,Hard
minor_pentacles_king,minor_pentacles_ace,1.0,1,Hard
minor_pentacles_king,minor_pentacles_02,1.333,1,Hard
minor_pentacles_king,minor_pentacles_03,1.0,1,Hard
minor_pentacles_king,minor_pentacles_04,1.167,1,Hard
minor_pentacles_king,minor_pentacles_05,2.5,3,Easy
minor_pentacles_king,minor_pentacles_06,1.0,1,Hard
minor_pentacles_king,minor_pentacles_07,1.333,1,Hard
minor_pentacles_king,minor_pentacles_08,1.333,1,Hard
minor_pentacles_king,minor_pentacles_09,0.833,1,Hard
minor_pentacles_king,minor_pentacles_10,0.167,1,Hard
minor_pentacles_king,minor_pentacles_page,1.167,1,Hard
minor_pentacles_king,minor_pentacles_knight,1.167,1,Hard
minor_pentacles_king,minor_pentacles_queen,0.667,1,Hard
