card_key,astrological_label,description_text,description_condensed,condensed_word_count,reversed_reading_notes,description_anonymized
major_00_fool,URANUS,"Card number zero is the first card of the Major Arcana, but it is also the last. It marks a starting point and an end point, in which chaos becomes the driving force behind exploration and being open to a new cycle. The Fool represents the ability to take chances with levity, he who departs with a single bag and isn't afraid to delve into the wild and unknown. He is usually depicted on the edge of a precipice, unperturbed by the void; on the contrary, he seems to dance toward it. He knows that if he takes a step, a path will appear under his foot. The Fool is associated with Uranus, which in astrology is tied to everything that is open, a predisposition for exploration and mystery, but also for exploration, intelligence, and technology in terms of quick communication. His energy is nonconformist, new and revolutionary. The signs he governs are Capricorn and Aquarius. His element is Air.","The Fool stands at both the start and end of the journey, chaos becoming the engine of a new cycle. He steps to the edge of a precipice unafraid, trusting a path will appear beneath his feet. Associated with Uranus, tied to mystery and quick, unconventional thinking, his energy resists convention and welcomes the unknown, treating every departure as an invitation rather than a risk.",65,"Recklessness without awareness, or fear so strong the leap never happens.","This character stands at both the start and end of a journey, chaos becoming the engine of a new cycle. They step to the edge of a precipice unafraid, trusting a path will appear beneath their feet. Tied to mystery and quick, unconventional thinking, this energy resists convention and welcomes the unknown, treating every departure as an invitation rather than a risk."
major_01_magician,MERCURY,"The Magician knows that you can see with more than just your eyes. He knows the visible and invisible and how to contact both. Card number one is a symbol of innate potential, or rather the personal resources of each of us and our ability to use them to obtain what we need. The Magician works with intelligence, knows that magic resides in daily things, and that it is available only to those who know how to see it. He knows it and knows how to use it. The card is associated with Mercury, an astrological aspect that describes the field of communication and bright, vibrant intelligence. Mercury is reason and irony, gifts of the Magician, who allows us to see a situation from multiple perspectives. He represents intellect, our skills, and is connected to written and spoken words. The magic wand of Mercury is the staff, the winged staff that became a symbol of medicine. He governs the signs of Virgo and Gemini, and his element is Air.","The Magician sees beyond the visible, working with the resources already within reach. He knows magic lives in ordinary things, available only to those who know how to use it. Mercury governs this card, lending sharp wit and the ability to view a situation from several angles at once. His staff recalls the caduceus, a symbol of healing, and the tools laid before him show that everything needed is already at hand.",72,"Talent manipulated for personal gain, or a block that keeps real skill from being used.","This character sees beyond the visible, working with the resources already within reach. They know magic lives in ordinary things, available only to those who know how to use it. A quick, communicative planetary energy lends sharp wit and the ability to view a situation from several angles at once. Their staff recalls a symbol of healing, and the tools laid before them show that everything needed is already at hand."
major_02_high_priestess,MOON,"The High Priestess lives on the threshold. She is a lunar and aquatic creature connected to the world of vision and reception. The Magician acts, but she receives. Her ability to relate to an inner world allows her to listen to the stories of others and transform them during the dream gestation that she completes. Water is her element, mutable and connected to the emotional, just like the moon, which presides over the tides and human emotions, which are enchanted by full moons. The High Priestess expresses her magic in her ability to be, rather than in action. Her ability to receive makes her beam a rare and unique light, like the moon, which receives the rays of the sun and transforms them into rarefied and delicate light. It is the bond of humans with nature, especially with the feminine, the receptive, maternity, and gestation. The moon is intuition and imagination. It trusts its visions. It speaks of protection and care, the same things the High Priestess offers from her threshold. She governs the signs of Cancer and Pisces and is connected to the Water element.","The High Priestess lives on the threshold between worlds, receiving rather than acting. Where the Magician does, she absorbs, holding the stories of others through a quiet, dreamlike gestation. Her light is borrowed, like the moon reflecting the sun, delicate and indirect. She embodies the feminine, gestation, and trust in inner vision, offering protection and care from behind her still, watchful veil.",62,"Intuition ignored or drowned out, or secrets revealed before they're ready to be shared.","This character lives on the threshold between worlds, receiving rather than acting. Where another figure acts, she absorbs, holding the stories of others through a quiet, dreamlike gestation. Her light is borrowed, like reflected light, borrowing its glow from elsewhere, delicate and indirect. She embodies the feminine, gestation, and trust in inner vision, offering protection and care from behind her still, watchful veil."
major_03_empress,VENUS,"The Empress carries the number three of the Major Arcana. Three is creation and follows the intimate reflection of two. The Empress is love, pleasure, body, harmony, and nourishment. The incarnation of Mother Earth, she represents fertility, abundance, life that grows and is developed through all its possibilities. She is the one who gives life, be it a new human or a project, idea, or vision. She is creative chaos, substance before it takes shape, the ability to love, care for, nourish, protect, and grow. The Empress reminds us of the importance of loving ourselves, and she is deeply connected to the feminine. Venus, the planet she is tied to, is an expression of beauty, the joy of pleasure, well-being expressed through a relationship; it is our body and health. It is also the star of the night, the one that shines first, thanks to its inner light. The corresponding signs are Libra and Taurus, and she belongs to the Earth element.","Card three follows the private reflection of the Two with creation itself. The Empress is Mother Earth incarnate, giving life to a child, a project, or an idea, and reminding us to nurture ourselves as generously as we nurture others. Venus, her ruling planet, brings pleasure, bodily wellbeing, and the glow that comes from within, echoed in the crown of stars and ripened wheat framing her throne.",67,"Nurturing turned smothering, or self-neglect leaving creative energy blocked instead of flowing.","This character follows a private moment of reflection with creation itself. She is Mother Earth incarnate, giving life to a child, a project, or an idea, and reminding us to nurture ourselves as generously as we nurture others. A planet of pleasure and beauty brings bodily wellbeing and the glow that comes from within, echoed in the crown of stars and ripened wheat framing her throne."
major_04_emperor,ARIES,"The Emperor, card number four, sits on his throne but is ready to spring into action. This figure speaks of the energy of those who can act at the right moment without losing themselves in hesitation. In addition, the Emperor is able to set clear boundaries and take space for himself. Here, the creative chaos of the previous card takes shape. He rules over life-giving order, the real manifestation of what we have imagined. The Emperor is associated with the sign Aries. Both react to the life force of spring, which allows a blade of grass to break through the earth and sprout. Both are action, immediate reaction, and pure life. Aries loves new things, which it abandons as soon as something new arrives. It is the spark of Mars, the ability to act before thinking, instinct. Aries and the Emperor are combative, energetic, reactive, and they manifest a great capacity for leadership.","The Emperor sits ready to act, giving shape to the creative chaos that came before him. He sets clear boundaries and claims his own space without hesitation. Paired with Aries, he shares its springtime urgency, the instinct to sprout and push forward before overthinking. Ruled by Mars's spark, both are combative, reactive, and quick to abandon what no longer excites them, in pursuit of pure momentum.",66,"Authority curdled into rigidity and control, or an inability to set any boundaries at all.","This character sits ready to act, giving shape to the creative chaos that came before. He sets clear boundaries and claims his own space without hesitation. He shares a springtime urgency, the instinct to sprout and push forward before overthinking, ruled by a spark of drive that is combative, reactive, and quick to abandon what no longer excites, in pursuit of pure momentum."
major_05_hierophant,TAURUS,"Card number five, the Hierophant, is a card in which crisis is experienced for the first time. After the stability of four, five makes our reality waver and places us in a deeper search for meaning in things. The Hierophant, or pontiff, creates a bridge between the sky and the earth, between what is habitual, real, manifest, and what lies high in the skies, the rarefied and mystical. He teaches us that in difficult moments, we must appeal to our more spiritual side. Through this we can overcome those moments. It seems strange to associate Taurus, a sign connected to the pleasures of life, with such a spiritual card, but Taurus knows about ephemeral, and therefore fully lives in the present moment, enjoying and satisfying the senses. Taurus has high values that are manifested in reality. Aries is the divine spark, and Taurus is the true birth, the manifestation of that which is human on Earth, which holds the flame of the divine within.","After the stability of Four, the Hierophant introduces the first real crisis, a deeper search for meaning. He bridges the everyday and the sacred, teaching that a spiritual perspective can carry us through hard moments. Pairing him with sensory, present-focused Taurus seems unlikely, until you notice Taurus fully inhabits the here and now. Aries was divine spark; Taurus is the true birth, holding that flame within earthly form.",68,"Rigid dogma, or rejecting all guidance and structure rather than finding a middle path.","After a period of stability, this character introduces the first real crisis, a deeper search for meaning. He bridges the everyday and the sacred, teaching that a spiritual perspective can carry us through hard moments. He's paired with a sensory, present-focused sign that fully inhabits the here and now, holding a flame within earthly form."
major_06_lovers,GEMINI,"The sign Gemini is characterized by a communicative ability, by the need to investigate and know. Mutable and free, it is tied to the Air element and governed by the planet Mercury, a symbol of communication and mobility. When we speak of Gemini, we are in the realm of mind and intellectual reasoning. Likewise, the Lovers card portrays two people, two complementary elements, often a man and a woman positioned in the form of a triangle with an angel that watches over from above. This card is tied to the possibilities of choice: What path will you take? Have you assessed all aspects of the matter? It represents the multiple parts of us, masculine and feminine, and their nuances. Together, the two figures and the angel can share something about the body, mind, and spirit. Our ability to choose increases and is aware when we listen carefully to these three voices.","Gemini's communicative, inquisitive mind, ruled by Mercury and tied to Air, sets the tone for the Lovers. The card usually shows two figures beneath a watching angel, forming a triangle of body, mind, and spirit. It centers on a fork in the road: have you weighed every part of the decision? True choice comes from listening to all three voices together, not from the heart alone.",66,"Indecision, or a choice made from fear and pressure rather than the heart.","A communicative, inquisitive mind sets the tone here. The card usually shows two figures beneath a watching angel, forming a triangle of body, mind, and spirit. It centers on a fork in the road: have you weighed every part of the decision? True choice comes from listening to all three voices together, not from the heart alone."
major_07_chariot,CANCER,"To better understand the relationship between the sign Cancer and card number seven, the Chariot, we must start from the fact that Cancer is a cardinal sign, and therefore it holds the power to start something. More specifically, Cancer is an initiator for anything that relates to the world of intuition, relationships and emotions. Those who belong to the sign are generally sensitive and emotional. The Chariot card, likewise, is a card of beginnings and great movement connected to determination and ambition. The Chariot is pulled by two horses, which can be a symbol of the forces that move us. Only by aligning our intuition with rationality can we reach our goal. The driving force of Cancer, its emotional water, will fertilize and feed the journey we must complete.","Cancer is a cardinal sign, an initiator especially in matters of intuition, relationships, and feeling. That same initiating drive appears in the Chariot, a card of momentum and ambition. Two horses pull it in different directions, symbols of the forces moving us, and only by aligning intuition with reason can we actually reach the goal. Cancer's emotional current becomes the fuel for the whole journey.",65,"Momentum stalled, or forcing forward motion without the emotional alignment to sustain it.","A cardinal sign is an initiator especially in matters of intuition, relationships, and feeling, and that same initiating drive appears in this card of momentum and ambition. Two horses pull it in different directions, symbols of the forces moving us, and only by aligning intuition with reason can we actually reach the goal. An emotional current becomes the fuel for the whole journey."
major_08_strength,LEO,"In card number eight, Strength, a lion is depicted, an obvious reference to the zodiac sign. The characteristics of the sign Leo are courage, personal power, regality, and the connection with everything, which makes Leo feel fully centered. The strength of Leo, therefore, is not its supremacy over other creatures, but rather a sense of community and contact, the ability to relate. The Strength card is not about aggressive strength or physical prowess. Here, it refers to a gentler energy that comes from within and radiates outward. Strength, like Leo, starts with the heart. It is courage, the ability to follow the heart and act honestly. It is the act of being generous, having the determination to bring out creativity in harmony with everything else. In this card, our gentle side can control the more aggressive instincts and change our actions in the world to bring harmony.","Strength depicts a lion, Leo's clear signature: courage, personal power, and a sense of belonging rather than dominance. This isn't physical force, it's a gentler energy that comes from within and radiates outward. Like Leo, it means following your heart honestly, acting with generosity, and letting creativity flow in harmony with others, letting that softness guide and calm our more aggressive instincts.",62,"Self-doubt overpowering courage, or force and control replacing gentle, heart-led strength.","This card depicts a lion: courage, personal power, and a sense of belonging rather than dominance. This isn't physical force, it's a gentler energy that comes from within and radiates outward. It means following your heart honestly, acting with generosity, and letting creativity flow in harmony with others, letting that softness guide and calm our more aggressive instincts."
major_09_hermit,VIRGO,"The planet that governs the sign of Virgo is Mercury, here in its earthly appearance. The planet of communication and speed becomes detail-oriented, able to organize resources and be forward-thinking. Virgo carries its light in the real, material world, that of daily life. Being the sign Virgo also means knowing how to be independent, seeing solitude as productive and strength-generating. The Hermit is a master of this art. The solitude of the Hermit is always a state of calm, searching and introspection. The lantern he carries illuminates the path, step by step, focusing on the details typical of Virgo and its persistence. The path of the Hermit, the first card that carries light in the Major Arcana, is the path that leads to our spiritual center.","Virgo is ruled by Mercury in its most grounded form, detail-oriented and quietly organized. The Hermit masters Virgo's gift for solitude, treating being alone as generative rather than lonely. His lantern lights the path one careful step at a time, mirroring Virgo's patient attention to detail. As the first card in the deck to carry light, the Hermit's path leads inward, toward a spiritual center.",65,"Solitude tipping into isolation, or avoiding the reflection this card usually invites.","A grounded, detail-oriented planetary energy quietly organizes here. This character masters a gift for solitude, treating being alone as generative rather than lonely. Their lantern lights the path one careful step at a time, mirroring a patient attention to detail. As the first card in the deck to carry light, this path leads inward, toward a spiritual center."
major_10_wheel_of_fortune,JUPITER,"Card number ten marks a turning point in the journey from the Fool to the World. The Wheel of Fortune is the card of destiny, or the personal choices that help form it. The Wheel of Fortune marks the alternating phases of life. Fortune and misfortune are just transitions, moments to overcome and to learn something from. It is the card of change, highlighting the highs and lows of life, the end of one cycle and the start of another, something that switches, just like the Major Arcana, which from this point on assumes more spiritual meanings. Jupiter is the planet of expansion and success. It is generous and abundant, and it brings prosperity. Jupiter is the guide that leads us through life. In Hindi, the word for Jupiter means guru, or guide. Like in everything, the abundance of Jupiter can also be too much. It is important to remain balanced, as if we were standing atop the Wheel of Fortune.","The Wheel marks a turning point in the journey, the moment personal choice starts shaping destiny. Fortune and misfortune are simply transitions, each one closing a cycle and opening another. From here, the Major Arcana takes on a more spiritual tone. Jupiter, its ruling planet, brings expansion, generosity, and guidance, its very name meaning 'guru' in Hindi. Even abundance needs balance, like standing steady atop a turning wheel.",68,"Resisting the natural turn of events, or feeling stuck in a cycle that won't shift.","This card marks a turning point in the journey, the moment personal choice starts shaping destiny. Fortune and misfortune are simply transitions, each one closing a cycle and opening another. A planet of expansion, generosity, and guidance brings its energy here, its very name meaning 'guru' in Hindi. Even abundance needs balance, like standing steady atop a turning wheel."
major_11_justice,LIBRA,"When we encounter the card of Justice, just after the turning point of the Wheel of Fortune, we encounter our true responsibility. Justice looks us straight in the eyes. It is a mirror, reflecting a real and honest vision. It is our sense of justice that moves us and moves the actions that come from the heart: that which we do because we can't do otherwise, because we feel that's how it must be. The rules that govern how Justice acts in the world are not listed in books. They are rules dictated by our nature, our sense of care and responsibility toward the world around us. Here, Libra, who is governed by Venus as the Empress, shows the power of the planet in the aesthetic and harmonious gaze it searches for in the world. Beauty, harmony, and equanimity are characteristics of Libra that fully echo in the card of Justice.","After the Wheel's turning point comes real responsibility. Justice holds up a mirror, an honest, unflinching reflection of what's true. Its rules aren't written in books, they come from an inner sense of care toward the world. Libra, ruled by Venus just like the Empress, brings its aesthetic, harmony-seeking gaze to this card, so beauty and equanimity become inseparable from what's fair.",62,"Avoiding responsibility, dishonesty with yourself, or an imbalance left unaddressed.","After a prior turning point comes real responsibility. This card holds up a mirror, an honest, unflinching reflection of what's true. Its rules aren't written in books, they come from an inner sense of care toward the world. A sign ruled by a planet of beauty and harmony brings its aesthetic, harmony-seeking gaze here, so equanimity becomes inseparable from what's fair."
major_12_hanged_man,NEPTUNE,"When the Golden Dawn assigned the Major Arcana zodiac signs, the planet Neptune had not yet been discovered. Card number twelve, the Hanged Man, corresponded to the Water element. Water is flowing, hanging, embracing, all which the Hanged Man does, upside down, as he waits and experiences a new perspective. The key to reading the Hanged Man card lies in his expression. It's true, he hangs upside down from a tree branch; but his expression is calm and serene. He is not suffering. He is experiencing a moment of pause and abandon that leads him to greater awareness. It's as if he is meditating. He is often depicted with one leg crossed over the other, like a yoga position. Neptune, the planet of dreams, depth, sacrifice, and its fluid and unstoppable element of Water, best represents the soul of this card.","Before Neptune's discovery, this card belonged simply to Water: flowing, hanging, embracing, just like the Hanged Man himself. Suspended upside down, his calm expression gives away the truth, he isn't suffering, he's meditating, gaining a new perspective through stillness. Crossed legs echo a yoga pose. Neptune, planet of dreams, depth, and sacrifice, and Water's unstoppable flow, capture the soul of this quiet surrender.",63,"Resisting a needed pause, or stalling without the surrender that makes it meaningful.","Before a certain outer planet's discovery, this card belonged simply to Water: flowing, hanging, embracing. Suspended upside down, this character's calm expression gives away the truth: they aren't suffering, they're meditating, gaining a new perspective through stillness. Crossed legs echo a yoga pose. A planet of dreams, depth, and sacrifice, and Water's unstoppable flow, capture the soul of this quiet surrender."
major_13_death,SCORPIO,"Scorpio is the sign of November, the month in which transformation and decay bring new life, like the leaves that fall from the trees and become fertilizer for roots. Scorpio is a sign that lies between life and death, of the underground world and the sensuality that leads to life. Scorpio is magnetic, magical, intense, and profound. It knows what lies under the surface and that, to achieve the essential, we must abandon everything that is superfluous, that has no more lifeblood. Death, card number thirteen, has a similar message: it does not seal shut the end of something, but rather is an organic and vital process through which we abandon all that is not viable to make room for new blood, new life.","Scorpio belongs to November, when decay feeds new growth just as falling leaves fertilize the roots beneath them. Sitting between life and death, Scorpio is magnetic and intense, aware that reaching what's essential means releasing what no longer has life in it. Death carries the same message: not an ending sealed shut, but an organic process that clears space for fresh blood and new beginnings.",65,"Clinging to what's already over, or fear blocking a transformation that needs to happen.","A fixed water sign belongs to a month when decay feeds new growth, just as falling leaves fertilize the roots beneath them. Sitting between life and death, this energy is magnetic and intense, aware that reaching what's essential means releasing what no longer has life in it. This card carries that same message: not an ending sealed shut, but an organic process that clears space for fresh blood and new beginnings."
major_14_temperance,SAGITTARIUS,"The motto of Sagittarius could be that it's not the destination that matters, but the journey. The sign of Sagittarius and its energy are characterized by the need to know and explore. It is a curious and mutable sign like its element, Fire, often divided into instinct and the desire to conform to a common feeling. In the card of Temperance, we find the principle of alchemy: mixing different ingredients to obtain something more than the simple sum of its parts. Through experience and study, it is possible to reach a new level of depth and understanding. Sagittarius, like Temperance, ""tempers"" its experiences, which can be very diverse, in order to discover and know, to broaden its world and vision.","Sagittarius lives by the idea that the journey matters more than the destination, curious and mutable like its element, Fire, torn between instinct and a wish to belong. Temperance embodies alchemy itself, blending different ingredients into something greater than their sum. Through experience and study, both Sagittarius and Temperance temper diverse experiences into deeper understanding, broadening their view of the world along the way.",64,"Impatience with the process, or an imbalance where opposites clash instead of blend.","A mutable fire sign lives by the idea that the journey matters more than the destination, curious and torn between instinct and a wish to belong. This card embodies alchemy itself, blending different ingredients into something greater than their sum. Through experience and study, both energies described here temper diverse experiences into deeper understanding, broadening their view of the world along the way."
major_15_devil,CAPRICORN,"The card of the Devil is perhaps the most misunderstood card in the deck. And yet, like all the other cards, it's not completely negative or positive. The Devil depicted in the deck recalls Pan, the god of the woods, forests and wild spirits. In his goat form, like Capricorn—half goat, half fish—he represents the earthly, chthonic, and visceral world that moves our primordial instinct. The sign Capricorn is a cardinal sign of Earth. This means that it is a practical sign oriented to organization and control, specifically in the material aspect of life. Governed by Saturn, Capricorn knows limits and responsibility, the hard work it takes to reach your objectives. The Devil also speaks of responsibility. In fact, the chains around the neck of the people next to him are loose, not tight, and can easily be removed. The responsibility of our freedom, our free choices, is in our hands.","Neither wholly good nor evil, the Devil recalls Pan, half-goat like Capricorn, embodying earthy, instinctual force. Capricorn, a cardinal Earth sign, is practical and control-oriented, especially about material life. Ruled by Saturn, it understands limits and the hard work required to reach a goal. The Devil speaks to that same responsibility: the chains shown are loose, not locked, since our freedom is always a choice we're free to make.",69,"Either waking up to a chain you hadn't noticed, or sinking deeper into it.","Neither wholly good nor evil, this card recalls a mythic half-goat figure, embodying earthy, instinctual force. A cardinal Earth sign is practical and control-oriented, especially about material life. Ruled by a planet of limits, it understands the hard work required to reach a goal. This card speaks to that same responsibility: the chains shown are loose, not locked, since our freedom is always a choice we're free to make."
major_16_tower,MARS,"Mars is pure energy; known as the god of war, it is a symbol of movement, destruction, and transformation. Mars initiates, pushes and motivates. It knows where to direct vital energy, even if it will create significant changes. It has direct energy that rouses things that have been stagnant. It's no coincidence that the planet is connected to the Fire element. Mars is the one that speaks, does not remain silent before injustice, stands up and defends. It has the spirit of an activist. We find this quality also in the Tower, in which a strike of lightning creates a change. The tower crumbles, but the important thing is that it knows how to fall. It rides the wave of transformation and does not resist change. It flows. It is the moment to be a warrior, to wear armor, to protect oneself, to use the fire of Mars to survive and acquire a new and freer vision beyond old ways of thinking.","Mars is raw energy, the god of war, tied to Fire and unafraid to stir what's grown stagnant. It speaks up against injustice rather than staying silent. That same activist spirit strikes the Tower: lightning shatters it, but what matters is how it falls. Rather than resisting the change, it rides the wave, using Mars's fire to survive and see beyond the old, outgrown way of thinking.",67,"A collapse delayed rather than faced, or clinging to structures already crumbling.","A planet of raw energy, a mythic figure of war, is unafraid to stir what's grown stagnant. It speaks up against injustice rather than staying silent. That same activist spirit strikes here: lightning shatters the structure, but what matters is how it falls. Rather than resisting the change, it rides the wave, using that fire to survive and see beyond the old, outgrown way of thinking."
major_17_star,AQUARIUS,"A woman pours water on the earth and into a river. On one side, her action feeds the earth; on the other, she pours water into water in an apparently useless gesture that is however connected to the ideal, hope and the union of intentions. Aquarius also has a double meaning. It is tied to Air, being a sign of the element and therefore mental, lucid, full of innovative solutions. And it is tied to Water through the emotional and spiritual world. Aquarius is ""the one who brings water."" It reinvigorates the world through emotions that are not individual but rather shared, with an eye to universal love, the importance of ideals, and community. Governed by Uranus, the only planet in the solar system that spins on an axis of 98 degrees (basically, the movement of Uranus is unique, unlike any other planet), it is a nonconformist sign that moves to its own beat, distancing itself from the majority. In the Star card, the uniqueness of Aquarius becomes hope, the light that can be seen at the end of the tunnel, fortune, and being open and receptive to life and nature.","A woman pours water onto both earth and river, an act that feeds the ground while also serving something purely ideal, hope, and shared intention. Aquarius carries a double nature: airy and lucid, yet emotionally tied to Water. Ruled by Uranus, the only planet spinning on its side, Aquarius marches to its own rhythm, valuing collective good over individual will. In the Star, that uniqueness becomes hope itself, an openness to life and nature.",74,"Hope dimmed, disconnection from community, or faith in the future running dry.","A figure pours water onto both earth and river, an act that feeds the ground while also serving something purely ideal, hope, and shared intention. A fixed air sign carries a double nature: airy and lucid, yet emotionally tied to Water. Ruled by an outer planet that spins on its side, this energy marches to its own rhythm, valuing collective good over individual will. Here, that uniqueness becomes hope itself, an openness to life and nature."
major_18_moon,PISCES,"The Moon invites us to observe our more hidden and intimate side from up close. In the darkness, under its light, our senses become more receptive and every thing we see acquires a new, deeper and magical dimension. Connected to intuition, profound visions, and to emotion, femininity, dreams, and psychic abilities, the Moon card echoes intensely in Pisces. The Moon asks us to investigate our darker side because only through the integration of every part can we access a more complete and spiritually satisfying life. It also asks us to observe the cycles that are completed in our life, to change them, if necessary, to avoid repeating the same errors. Pisces, the last sign of the zodiac, is a guiding sign, like Aries, the first sign, but Pisces is guided to the inner world, to our depths. At the end of the zodiac, the daily and the spiritual are united and complementary, just like the symbol itself of the sign, which depicts two equal and opposing fish. Governed by Neptune, the planet of things that are hidden and mysterious, it invites us into the unknown, the light of the Moon.","The Moon asks us to look closely at our hidden, intimate side, where the senses sharpen and everything takes on a deeper, more magical dimension. It resonates with Pisces, the zodiac's final and most inwardly guided sign, where daily life and spirit meet, echoed in the two fish swimming in opposite directions. Ruled by Neptune, planet of mystery, this card invites us into the unknown to face repeating patterns and grow.",71,"Confusion or self-deception overtaking intuition, fear clouding what needs to be seen clearly.","This card asks us to look closely at our hidden, intimate side, where the senses sharpen and everything takes on a deeper, more magical dimension. It resonates with a mutable water sign, the zodiac's final and most inwardly guided sign, where daily life and spirit meet, echoed in two fish swimming in opposite directions. Ruled by a planet of mystery, this card invites us into the unknown to face repeating patterns and grow."
major_19_sun,SUN,"The Sun, number nineteen, and its planet in this case already correspond in name. In this card, we often find a baby, which symbolizes purity and inner strength, creativity, the optimism with which to approach the world. The Sun shines and brings light: it radiates warmth and life, offering fortune and success. This is the card of true self-expression, of our inner nature. The Sun is the pulsing heart of our system. It emanates light and is a source of life, just like the energy that resides in this card. We must also remember that if you come too close to the Sun, you can get burned. It's important not to fall into egocentrism, as the card suggests; and to not always put yourself at the center of things, but rather to sometimes stand back and watch what happens.","The Sun and its ruling planet share a name, radiating warmth, life, and true self-expression. Often shown with a child, symbolizing purity, creativity, and optimism, this card brings fortune and success drawn from authentic identity rather than performance. As the pulsing heart of the whole system, the Sun offers vital light, but with a caution: get too close and you can be burned, so avoid centering everything on yourself.",69,"Confidence dimmed, or joy performed rather than genuinely felt.","A card and its ruling planet share a name, radiating warmth, life, and true self-expression. Often shown with a child, symbolizing purity, creativity, and optimism, this card brings fortune and success drawn from authentic identity rather than performance. As the pulsing heart of the whole system, it offers vital light, but with a caution: get too close and you can be burned, so avoid centering everything on yourself."
major_20_judgment,PLUTO,"Pluto is the planet of the Underworld, associated with death, resurrection, and, more specifically, transformation. It is connected to card number twenty, Judgment. Although it is the second-to-last card of the Major Arcana, I believe it represents the conclusion of the journey from the Fool to the World. In the Judgment card, we find our true vocation, our mission in the world, and our voice. In order for this to happen, we must overcome deaths, rebirths, and transformative processes, the same ones that go through the depths. More specifically, here, Pluto suggests we abandon old schemes and all that no longer belongs to us so that we can reach healing and rebirth.","Pluto, planet of the underworld, governs death, resurrection, and deep transformation, fitting for Judgment, the second-to-last Major Arcana card yet arguably the true conclusion of the Fool's journey. Here we find our real calling and true voice, but only by first passing through endings, rebirths, and transformations that reach into our depths. Pluto's guidance is to release old patterns and anything that no longer belongs, making room for healing.",69,"Avoiding the call to change, or harsh self-judgment blocking real healing.","An outer planet of the underworld governs death, resurrection, and deep transformation, fitting for this card, second-to-last in its sequence yet arguably the true conclusion of a much longer journey. Here we find our real calling and true voice, but only by first passing through endings, rebirths, and transformations that reach into our depths. Its guidance is to release old patterns and anything that no longer belongs, making room for healing."
major_21_world,SATURN,"The journey that started with the Fool ends here. The World, card number twenty-one, is the last in the Major Arcana, and from it a new cycle starts. The World is a card that completes a journey, and Saturn is the planet that severs, sets boundaries, and separates. Around the central figure of the card, we usually find a wreath, something that represents a whole, the closing of a circle, the achievement of a goal. From the World card we can only start again. It's important not to close ourselves off too much, to not stand still in our comfort zone too long, but to be ready to leave our world to explore another one. Saturn concludes this cycle, severs what's unnecessary, and allows us to embark on this new journey.","The journey that began with the Fool completes here. Saturn, the planet that sets boundaries and cuts away the unnecessary, governs this final card, often shown with a wreath symbolizing wholeness and a closed circle. From the World, all that's left is to begin again, staying open rather than settling into comfort. Saturn closes this cycle cleanly, clearing the way for the next one to start.",66,"A cycle left unfinished, or resistance to closing one chapter before starting the next.","A journey that began much earlier completes here. A planet that sets boundaries and cuts away the unnecessary governs this final card, often shown with a wreath symbolizing wholeness and a closed circle. From here, all that's left is to begin again, staying open rather than settling into comfort. That same planetary energy closes this cycle cleanly, clearing the way for the next one to start."
minor_wands_ace,ARIES · LEO · SAGITTARIUS,"This Ace is the spark of fire, and it contains the renewing and vital energy of the signs that belong to this element. The Ace of Wands is a new, passionate adventure. When you encounter it, you know that you can dare because the world will say ""yes"" to you. It also represents the first action that you take with a new idea or project. It is the first step. This energy needs to be protected and channeled and must not dissipate like the first sparks of a fire. They need to be fueled so that the fire may burn.","This Ace is fire in its rawest form, holding the renewing energy shared by its three signs. It marks a passionate new adventure, the moment the world says yes and dares you to act. It's the very first step toward a new idea, fragile like the first spark, needing protection and fuel so it can grow into something lasting rather than fizzling out.",63,"A spark that fizzles before catching, or hesitation instead of a bold yes.","This card is fire in its rawest form, holding the renewing energy shared by its three related signs. It marks a passionate new adventure, the moment the world says yes and dares you to act. It's the very first step toward a new idea, fragile like the first spark, needing protection and fuel so it can grow into something lasting rather than fizzling out."
minor_wands_02,"MARS IN ARIES, FIRST DECAN","In the Two of Wands, like with every other Two, we see a division of energy, a dialogue and a choice. In this case, both Mars and the Aries signs are active, pure energy. They often represent impulsive, vital, and reactive action toward a situation. This card invites you to choose whether your action will be directed toward your small world or toward the external community. Where will you choose to act? It's time to observe the general situation so you can decide how to act most effectively.","Every Two divides energy into dialogue and choice, and here Mars and Aries bring pure, active intensity to that decision. The pull is impulsive and reactive, urging quick movement. This card asks whether your action should serve your own small world or reach toward the wider community. Before acting, it's worth stepping back to take in the whole situation clearly.",60,"Indecision, or fear of the unknown keeping you from committing to a direction.","Every card of this number divides energy into dialogue and choice, and here two forces bring pure, active intensity to that decision. The pull is impulsive and reactive, urging quick movement. This card asks whether your action should serve your own small world or reach toward the wider community. Before acting, it's worth stepping back to take in the whole situation clearly."
minor_wands_03,"SUN IN ARIES, SECOND DECAN","Here, the Sun is in Aries, a sign that is like its home. The Sun-in-Aries sign is an astrological position where many aspects of this card recall the courageous and very willful nature of Aries. In the Three of Wands, we find vision; the project becomes clear. After the initial energy of the Ace and the choice of Two, we can now embark on the wild and unknown adventure that awaits us out there. We are still on the threshold, in that place that gives us a glimpse of the wonders that await, that we can encounter if we just have the courage to continue.","The Sun sits at home in Aries here, lending courage and willful clarity to this card. After the Ace's spark and the Two's decision, the project finally comes into focus, vision replacing uncertainty. We stand at the threshold of a wider adventure, catching a glimpse of what awaits if we're brave enough to keep moving forward into the unknown.",59,"Vision clouded, or delays stalling progress just as momentum was building.","A warm, confident planetary energy sits comfortably in a bold sign here, lending courage and willful clarity to this card. After an initial spark and a difficult decision, the project finally comes into focus, vision replacing uncertainty. We stand at the threshold of a wider adventure, catching a glimpse of what awaits if we're brave enough to keep moving forward into the unknown."
minor_wands_04,"VENUS IN ARIES, THIRD DECAN","We stand before another solar card. Two figures celebrate in a bright, warm, and welcoming space. In the Four of Wands, we find grace and celebration. Here, the Empress and Emperor, Venus and Mars, meet. In fact, in this position, Venus is in exile. She doesn't feel entirely comfortable in the active and warriorlike energy of Mars and the Aries sign. The Four of Wands evokes this balance. When polar opposites meet, they create a stability worth celebrating. The card is related to celebrations, meetings, plans that can see the light.","Two figures celebrate in warm, welcoming light, echoing the Empress and Emperor meeting here as Venus and Mars. Venus is in exile in Aries, not entirely at ease with its combative energy, yet that friction produces a stability worth marking. When opposites meet and settle, the result is something to celebrate: gatherings, plans finally taking shape, and shared warmth after effort.",61,"A celebration postponed, or instability where solid ground was expected.","Two figures celebrate in warm, welcoming light, echoing a nurturing and an assertive energy meeting here. One of these energies is somewhat out of its natural element, not entirely at ease with the other's combative nature, yet that friction produces a stability worth marking. When opposites meet and settle, the result is something to celebrate: gatherings, plans finally taking shape, and shared warmth after effort."
minor_wands_05,"SATURN IN LEO, FIRST DECAN","As often happens with number Five, here, too, we encounter a challenge and a conflict that must be overcome. Saturn, the master of time, limits, and regulations, meets Leo, a regal, solar, and effusive sign. Therefore, when we find this card, it's possible that we could experience a moment in which our expressive energy is limited. We must look inward and tap into our creative resource to find a new path. Leo expresses individuality in opposition to Aquarius, which is on the other hand, connected to community. Saturn, here, invites us to rediscover security and strength in ourselves by working through the conflict that might become creative action.","As with most Fives, this card brings a conflict to work through. Saturn's limits meet Leo's regal, expressive fire, so self-expression can feel constrained here. Leo's individuality also stands opposite Aquarius's community focus, adding to the tension. Saturn's invitation is to turn inward, rediscovering strength and security in yourself, letting the friction itself become raw material for something newly creative.",60,"Conflict avoided entirely, or tension escalating past the point of being useful.","As with most cards of this number, this card brings a conflict to work through. A structured, limiting energy meets a regal, expressive fire, so self-expression can feel constrained here. This energy's individuality also stands opposite a more community-focused one, adding to the tension. The invitation is to turn inward, rediscovering strength and security in yourself, letting the friction itself become raw material for something newly creative."
minor_wands_06,"JUPITER IN LEO, SECOND DECAN","After the difficulty of card number Five, the Six of Wands holds full self-expression: optimism, joy, and creative expansion are all experiences that Jupiter brings together in the sign of Leo. We have won our battle; we are returning home. In the card we find a personal celebration that carries another piece of advice: be careful not to rest too much on your laurels. This moment should be celebrated and relished fully, with the understanding, however, that it can change. It is a victory won fairly, in full agreement with Leo and not at the expense of others. At the same time, Jupiter brings good luck and certain success.","After the struggle of the Five, this card holds full self-expression: optimism, joy, and expansion, as Jupiter meets Leo's warmth. The battle is won and we're heading home to a personal celebration, earned fairly rather than at anyone else's expense. Still, the card cautions against resting too long on this win. Enjoy it fully, but remember Jupiter's luck is only ever a season, not a guarantee.",66,"Success going unrecognized, or pride curdling into arrogance.","After a prior struggle, this card holds full self-expression: optimism, joy, and expansion, as a generous, lucky energy meets a warm one. The battle is won and we're heading home to a personal celebration, earned fairly rather than at anyone else's expense. Still, the card cautions against resting too long on this win. Enjoy it fully, but remember that luck is only ever a season, not a guarantee."
minor_wands_07,"MARS IN LEO, THIRD DECAN","In the Seven of Wands, we proceed toward action. Here, the life force of Mars meets the will and courage of Leo. This card tells us that we are ready to face everything that will happen with valor, readiness, and energy. It is a card that refers to personal values, that pushes us to follow our nature, whatever it costs. We must figure out what we are made of and not be afraid to show ourselves fully. Our value, however, can be inspiration for others, just like Leo shows off its regality with a generous heart despite difficulties. Let us stand up for our rights, says the Seven of Wands. This is not the time to move back.","Mars's raw drive meets Leo's courage and will, pushing us into action. This card says we're ready to meet whatever comes with valor and readiness, standing firmly behind our own values regardless of the cost. It asks us to show ourselves fully rather than hide, since our example, like Leo's generous regality, can inspire others even in difficulty. This isn't the moment to back down.",65,"Feeling overwhelmed and giving ground, rather than standing firm on what matters.","A driving, assertive energy meets courage and will, pushing us into action. This card says we're ready to meet whatever comes with valor and readiness, standing firmly behind our own values regardless of the cost. It asks us to show ourselves fully rather than hide, since our example, like a generous kind of regality, can inspire others even in difficulty. This isn't the moment to back down."
minor_wands_08,"MERCURY IN SAGITTARIUS, FIRST DECAN","Mercury alongside Sagittarius amplifies its communicative power. In this card, the planet of speed and the communication of information matches the zodiac sign that can focus on a goal and reach it by clearly expressing its intentions better than any other sign. Mercury is the messenger; Sagittarius says things as they are. When we encounter this card, we must wait for the arrival of an important message, something stuck that finally frees itself, the arrival of a solution. We are in the right place at the right time!","Mercury's speed and Sagittarius's directness amplify each other here, the planet of messages paired with the sign that says things plainly and aims straight at its goal. This card signals an important message about to arrive, something long stuck suddenly freeing itself, a solution appearing right on time. It's a reminder that you're exactly where you need to be, at exactly the right moment.",64,"Delays and miscommunication, or frustration as things move slower than expected.","A quick, communicative energy and a direct, straight-talking sign amplify each other here. This card signals an important message about to arrive, something long stuck suddenly freeing itself, a solution appearing right on time. It's a reminder that you're exactly where you need to be, at exactly the right moment."
minor_wands_09,"MOON IN SAGITTARIUS, SECOND DECAN","The Moon reflects our intuitive and intimate side. When it encounters Sagittarius, like in the Nine of Wands, our dreams are marked with the dynamic energy of the sign. The Nine of Wands represents a break, during which we can focus on the next move that will lead us to achieve our goal. Here, intuition is connected to planning and precision, like an arrow shot from a bow. In the card, there is also a great force, which allows us to firmly go back on the attack even if we are injured. In addition, the Moon often refers to home. In Sagittarius, our home can be in unusual places, like on the seaside, in the trunk of a tree, or in an abandoned hut so that you can regain your strength for a new adventure.","The Moon's intuitive, reflective pull takes on Sagittarius's restless energy here, giving dreams a dynamic edge. This card marks a pause for regrouping before the next move toward a goal, intuition sharpened into precision, like an arrow aimed carefully. There's resilience here too, the strength to return to the fight even while wounded. Under the Moon, home might be somewhere unconventional, wherever lets you recover.",65,"Exhaustion from refusing to rest, or defensiveness held long after the threat has passed.","An intuitive, reflective energy takes on a restless one here, giving dreams a dynamic edge. This card marks a pause for regrouping before the next move toward a goal, intuition sharpened into precision, like an arrow aimed carefully. There's resilience here too, the strength to return to the fight even while wounded. Home, in this case, might be somewhere unconventional, wherever lets you recover."
minor_wands_10,"SATURN IN SAGITTARIUS, THIRD DECAN","In this card, Saturn, master of boundaries and limits, encounters Sagittarius, an expert of expansion and adventure. At first glance, it might seem like Saturn in this position would be a killjoy; but if Sagittarius cooperates with Saturn's message, it might learn a lot and be truly efficient. The card itself says so: in the Ten of Wands, we must pay attention and not exaggerate. Measuring our effort, being aware of our resources, and rationing our energy are necessary if we want to fully reach our objective and fulfill our plans. The card reminds us also of the importance of delegating. We cannot do everything; we need to recognize, accept, and respect our limits.","Saturn's limits meet Sagittarius's love of expansion, an unlikely pairing that can actually teach real efficiency, if Sagittarius is willing to listen. This card warns against overextending: measure your effort, respect your resources, and don't try to carry everything at once. It's also a reminder about delegating, since recognizing and accepting our limits is what actually lets a plan reach completion.",61,"Burnout from refusing to delegate, carrying far more than is sustainable.","A limiting energy meets a love of expansion, an unlikely pairing that can actually teach real efficiency, if that expansive side is willing to listen. This card warns against overextending: measure your effort, respect your resources, and don't try to carry everything at once. It's also a reminder about delegating, since recognizing and accepting our limits is what actually lets a plan reach completion."
minor_wands_page,AIR OF FIRE,"The Page of Wands embodies the spirit of Air and energy of Fire. He is fresh and new, like inspiration and curiosity. He is ready to embark on a new adventure. He holds a wand that is the Ace of Wands. He can dare, say yes to the unknown, stand before life as a child would, with enthusiasm and purity of heart. The Page of Wands has no fear. He transforms it into vitality and creative ability. He represents a new project, a journey, something unexpected to be embraced without fear, trusting the exploratory and lively spirit that characterizes the Wand suit. It's time to follow what inspires us.","Fresh, curious, and unafraid, the Page of Wands blends Air's inspiration with Fire's energy, holding the Ace of Wands as if daring the unknown with a child's open heart. He turns fear into vitality and creative drive, embodying a new project, journey, or surprise worth embracing rather than avoiding. His spirit trusts the exploratory, lively nature of the whole Wand suit. It's time to follow what excites you.",68,"Ideas scattered and never acted on, or hesitation where curiosity should lead.","Fresh, curious, and unafraid, this character blends airy inspiration with fiery energy, holding onto an early spark as if daring the unknown with a child's open heart. They turn fear into vitality and creative drive, embodying a new project, journey, or surprise worth embracing rather than avoiding. Their spirit trusts the exploratory, lively nature of this whole suit. It's time to follow what excites you."
minor_wands_knight,FIRE OF FIRE,"Where the Page of Wands visualizes a new idea, the Knight of Wands can't wait to go after it! Governed by the Fire element, this knight is ready to embark on an adventure. He knows how to take risks; in fact, he often goes in search of them. First he acts, then he thinks. He doesn't have the awareness of the King of Wands but possesses courage and initiative. Often, he does not know how to save energy, and it's possible that after an enthusiastic start, his energy quickly dims. He can represent unexpected change or the need to act quickly without thinking too much. The consequences of our actions can be assessed at a later time. One thing is certain: with the Knight of Wands, nothing is ever boring!","Where the Page merely imagines, the Knight of Wands can't wait to chase the idea down. Pure Fire, he takes risks eagerly, acting first and thinking later, without the King's steadier awareness. His enthusiasm can burn out quickly after a strong start, since pacing isn't his strength. He may signal sudden change or the need to move fast without overthinking; consequences can be sorted out afterward. Nothing about him is boring.",71,"Recklessness without direction, or enthusiasm burning out before anything is finished.","Where a younger figure merely imagines, this character can't wait to chase the idea down. Pure fire, they take risks eagerly, acting first and thinking later, without a steadier figure's awareness. Their enthusiasm can burn out quickly after a strong start, since pacing isn't their strength. They may signal sudden change or the need to move fast without overthinking; consequences can be sorted out afterward. Nothing about them is boring."
minor_wands_queen,WATER OF FIRE,"The Queen of Wands is completely herself. Just like the sunflowers that open up on her card, this queen is radiant, confident and vibrant. She knows she has power and how to use it. Her energy is not that of a healer and listener like the Queen of Cups, but is creative and magical. Her actions are motivated, ambitious, and focused on success. She is joyous and charismatic, a person you notice when she enters a room. She is often accompanied by a black cat, which represents her intuitive abilities, the fact that she is a witch. She does not hide this inclination of hers, but rather shows it off. She knows what she wants and how to obtain it.","Radiant and fully herself, the Queen of Wands knows her own power and isn't shy about using it. Unlike the Queen of Cups's healing energy, hers is creative and magnetic, driven and ambitious toward success. Charismatic enough to be noticed the moment she enters a room, she's often shown with a black cat, hinting at intuitive, even witchy abilities she openly embraces rather than hides. She knows exactly what she wants.",71,"Confidence curdling into control, or radiance dimmed by self-doubt.","Radiant and fully herself, this character knows her own power and isn't shy about using it. Unlike another figure's healing energy, hers is creative and magnetic, driven and ambitious toward success. Charismatic enough to be noticed the moment she enters a room, she's often shown with a black cat, hinting at intuitive, even witchy abilities she openly embraces rather than hides. She knows exactly what she wants."
minor_wands_king,EARTH OF FIRE,"Here, we find the true leader of the Wand suit: the King. His Fire energy, that of creation and transformation, is rooted in the Earth element. He is honest, capable of leading others and reaching common goals, and possesses great charisma. His courage and actions are more cautious than those of the Knight of Wands. He is more similar to the Queen, since the King also perfectly manages his great personal power and makes it available to the community, thanks to his inclination for leadership. When we find ourselves next to a person like this, we feel stronger and more capable. His energy is radiant, intense, like a constantly stoked fire that warms the long winter nights.","The true leader of the Wand suit, this King roots Fire's creative, transformative energy in steady Earth. Honest and capable, he leads others toward shared goals with real charisma, acting more cautiously than the impulsive Knight but sharing the Queen's gift for putting personal power at the community's service. Near him, people feel stronger and more capable, warmed by an energy as steady and intense as a well-tended fire.",69,"Leadership turned overbearing, or reluctance to step into the role at all.","The true leader of this suit, this character roots a creative, transformative fire energy in steady earth. Honest and capable, he leads others toward shared goals with real charisma, acting more cautiously than a more impulsive figure but sharing another figure's gift for putting personal power at the community's service. Near him, people feel stronger and more capable, warmed by an energy as steady and intense as a well-tended fire."
minor_cups_ace,CANCER · SCORPIO · PISCES,"The world of Cups is that of the Water element and emotions. This suit is connected to universal love, relationships, and spirituality. The cup contains things and lets them flow, just like water, which, if left alone, becomes stagnant. In this card we find the water of the stream, that of Cancer, which is pure, crystalline, and domestic; the water of the swamp, that of Scorpio, which holds the mystery of death and rebirth, dark and magical depths; and, lastly, the water of Pisces, that of the infinite sea, boundless, deep and healing. Due to the nature of being an Ace, that of an initiator, the card represents a new beginning, an infatuation, the discovery of wonder, new emotions that arise.","Cups belong to Water and emotion, tied to universal love, relationship, and spirituality; like water left still, feelings need to keep flowing rather than stagnate. This card blends Cancer's pure, domestic stream, Scorpio's mysterious depths of death and rebirth, and Pisces's boundless, healing sea. As an Ace, it marks a true beginning: infatuation, wonder, and new emotion arriving all at once.",61,"Emotion suppressed or blocked, rather than flowing freely into something new.","This suit belongs to Water and emotion, tied to universal love, relationship, and spirituality; like water left still, feelings need to keep flowing rather than stagnate. This card blends a pure, domestic stream, a mysterious depth of death and rebirth, and a boundless, healing sea, drawn from its three related signs. As a first card of its kind, it marks a true beginning: infatuation, wonder, and new emotion arriving all at once."
minor_cups_02,"VENUS IN CANCER, FIRST DECAN","When Venus enters Cancer, we can experience our emotions as an expansion, especially those related to love and relationships, exactly what we find in the Two of Cups. Two figures meet and cross cups, a symbol of emotional closeness and discovery. It's the first phase of a relationship in which we don't yet know the other on a deeper level, but we are attracted and interested. This process does not necessarily refer only to that between two people, but also to a relationship we might have with a project, a place or an experience.","Venus entering Cancer expands our emotional life, especially around love and connection, exactly what this card shows: two figures crossing cups in a gesture of closeness and discovery. It's the early stage of a relationship, drawn to someone or something without yet knowing it deeply. This doesn't have to mean romance specifically; it applies just as well to a new project, place, or experience.",64,Imbalance or miscommunication where mutual connection should be.,"A loving planetary energy entering a nurturing sign expands our emotional life, especially around love and connection, exactly what this card shows: two figures crossing vessels in a gesture of closeness and discovery. It's the early stage of a relationship, drawn to someone or something without yet knowing it deeply. This doesn't have to mean romance specifically; it applies just as well to a new project, place, or experience."
minor_cups_03,"MERCURY IN CANCER, SECOND DECAN","Mercury brings the communication of emotions, whereas with Venus we had the discovery of emotions in a relationship with another. Here, we deeply communicate with many people. It is the card of sisterhood, friendship, sharing intentions, planning together and working on something that truly captivates us. We share the same language, which is what happens when we are surrounded by like-minded people, friends like us, with whom we share mutual understanding upon first glance. It is a card related to abundance, the wealth that comes only from shared experience.","Where Venus discovers emotion in one relationship, Mercury here communicates feeling across a whole group. This is the card of friendship, shared intention, and collaborating on something genuinely captivating. It reflects the ease of being around people who speak your language and understand you instantly. Its abundance comes specifically from shared experience, the wealth that only community, not solitude, can generate.",61,"Overindulgence, gossip, or feeling like an outsider to the group.","Where one energy discovers emotion in a single relationship, a communicative one here shares feeling across a whole group. This is the card of friendship, shared intention, and collaborating on something genuinely captivating. It reflects the ease of being around people who speak your language and understand you instantly. Its abundance comes specifically from shared experience, the wealth that only community, not solitude, can generate."
minor_cups_04,"MOON IN CANCER, THIRD DECAN","The Moon in Cancer is in its right position, its home. It represents the emotional world, the depth of feeling, which encounters home, the need for protection, and one's inner world in Cancer. The Moon is yin energy: feminine, mutable, receptive. In this card, we find the Moon's tendency in Cancer to remain in touch with the past, memories, nostalgia, or with daydreaming and desires that haven't yet been realized. This tendency can lead us to lose what we have in the present, whether it's an opportunity, something new or a new beginning, which is represented on the card by the cup that is handed over to the figure. When we encounter this card, we must pay attention to things that have become emotionally stagnant in our lives.","The Moon is at home in Cancer here, deepening feeling and the need for protection and inner retreat. Cancer's pull toward memory, nostalgia, and unrealized daydreams can tip into missing what's actually being offered right now, symbolized by the cup being handed over unnoticed. This card is a signal to check where emotional stagnation might be causing you to overlook a present opportunity.",63,"Apathy either finally breaking, or deepening into full withdrawal from what's offered.","A reflective, emotional planetary energy is at home in a nurturing sign here, deepening feeling and the need for protection and inner retreat. That sign's pull toward memory, nostalgia, and unrealized daydreams can tip into missing what's actually being offered right now, symbolized by a cup being handed over unnoticed. This card is a signal to check where emotional stagnation might be causing you to overlook a present opportunity."
minor_cups_05,"MARS IN SCORPIO, FIRST DECAN","With the Five of Cups, we enter the world of Scorpio: a fixed water sign that represents the ability to control emotions in order to go deeper into the heart of a matter. Here, it meets Mars, a warrior planet of action and resolution. Upon first glance, its message seems hidden in the card, but it's not true. We see a figure who observes three cups that have fallen on the ground and emptied. As we have seen, the Three of Cups is abundance, sharing, something we have lost in this moment. Behind the figure there are two other full cups. The card speaks of lingering on a loss, as Scorpio would do. Mars is present in the action we don't see and is implied by the two full cups; that is, moving from discomfort to awareness, abandoning regret and transforming pain.","Scorpio's fixed water controls emotion to reach the heart of things, meeting Mars's warrior energy of action and resolution here. A figure stares at three spilled, empty cups, echoing the abundance once shown in the Three of Cups, while two full cups stand untouched behind them. The card lingers on loss the way Scorpio would, but Mars is present too, quietly pushing toward transforming pain into awareness.",67,"Starting to move past the loss, or refusing to release it at all.","A fixed water sign controls emotion to reach the heart of things, meeting a warrior-like, resolving energy here. A figure stares at three spilled, empty vessels, echoing an abundance shown elsewhere in this suit, while two full vessels stand untouched behind them. The card lingers on loss the way that fixed water sign would, but the warrior energy is present too, quietly pushing toward transforming pain into awareness."
minor_cups_06,"SUN IN SCORPIO, SECOND DECAN","The Six of Cups is the card of innocence, childhood, and everything that we understand and know we must preserve at an emotional level. This is how Scorpio appears when the Sun is in its position. Scorpio tends to preserve what it knows is valuable. Therefore, the card recalls nostalgia, the memory of the happy past. The sign acts on emotions it already knows and values. They must be cherished and used as encouragement to find them in the present. It urges us to take care of what has made us feel good in the past and recognize that in the present to relive the same sensation.","With the Sun illuminating Scorpio's tendency to preserve what it values, this card holds innocence, childhood, and everything worth protecting emotionally. It draws on feelings already known and trusted, encouraging us to cherish what once felt good and let that memory inspire the present. This is less about dwelling in the past than using it as a source of comfort and encouragement now.",63,"Nostalgia tipping into being stuck, unable to leave the past behind.","With a bright, illuminating energy meeting a tendency to preserve what it values, this card holds innocence, childhood, and everything worth protecting emotionally. It draws on feelings already known and trusted, encouraging us to cherish what once felt good and let that memory inspire the present. This is less about dwelling in the past than using it as a source of comfort and encouragement now."
minor_cups_07,"VENUS IN SCORPIO, THIRD DECAN","Venus in Scorpio is in exile. Here, the goddess of love becomes greedy for feelings, desires, and dreams. She wants to try everything, just like the figure that stands before the seven cups that contain symbols of wealth and success. And yet the key to this card is illusion and choice, which dismiss Venus in the energy of Scorpio. We are victims of an illusion, and yet are we the one who is deceiving someone? Are we really observing the situation with clear eyes? This card holds a choice, which must be carefully evaluated and not instinctively chosen. At the same time, just as Venus would do when in Scorpio, we are reminded to dream and wish with a pure heart. Our true desire will point us in the right direction.","Venus is in exile in Scorpio, turning love's goddess greedy for feeling, desire, and fantasy, wanting to taste everything the seven cups of wealth and success offer. The real theme here is illusion and choice: are we seeing clearly, or are we the ones creating the deception? Any decision here deserves careful evaluation rather than instinct, though pure, heartfelt desire can still point toward the right path.",67,"Illusions finally clearing, or choices avoided by staying lost in fantasy.","A loving planetary energy is somewhat out of its natural element in a deep, intense sign, turning it greedy for feeling, desire, and fantasy, wanting to taste everything the vessels of wealth and success in this scene offer. The real theme here is illusion and choice: are we seeing clearly, or are we the ones creating the deception? Any decision here deserves careful evaluation rather than instinct, though pure, heartfelt desire can still point toward the right path."
minor_cups_08,"SATURN IN PISCES, FIRST DECAN","In this card, Pisces, which is expanding emotion, meets Saturn, the master of time and limits. We see a figure walking away, leaving eight cups in a familiar place before heading toward another place that is unknown and wild. The card tells us of a time in which our emotions have reached a stagnant phase from which all we can do is escape. It invites you to abandon old behaviors and leave your certainties behind, because what was before can no longer be. It is time for transformation, to close a cycle and begin a new journey, as the number of this card suggests: 8, or the infinity with end and beginning.","Pisces's expanding emotion meets Saturn's discipline around time and limits. A figure walks away from eight familiar cups toward unknown, wild territory, marking a moment when emotions have stagnated and the only real option is to leave. This card calls for abandoning old patterns and closing a cycle, embracing the number eight's shape as an infinity of ending folding into new beginning.",62,Fear keeping you in a stagnant place long after it's stopped serving you.,"An expansive, emotional sign meets a disciplined energy around time and limits. A figure walks away from familiar vessels toward unknown, wild territory, marking a moment when emotions have stagnated and the only real option is to leave. This card calls for abandoning old patterns and closing a cycle, embracing the shape of its number as an infinity of ending folding into new beginning."
minor_cups_09,"JUPITER IN PISCES, SECOND DECAN","The Nine of Cups is the card of fulfilled desires. It can't be any other way since, here, Pisces, and thus the inner world, emotions and dreams, meet Jupiter, the planet of success, expansion and fulfillment. Pisces carries emotional depth and fullness that foretells the arrival of truly happy days. If we want something, here, we know it's about to happen. The cups are almost complete: Nine, the number before Ten, invites us to a place of full and joyous expectation, because we know that something beautiful is about to arrive.","Pisces's emotional depth meets Jupiter's expansion and fulfillment, making this the card of desires realized. If you want something, this card suggests it's already on its way. Nine, the number just before completion, holds a place of full, joyful anticipation rather than impatience, a sign that something genuinely good is close at hand and worth savoring in the meantime.",59,"Dissatisfaction despite having enough, or seeking fulfillment in excess instead.","A deep, emotional sign meets an expansive, fulfilling energy, making this the card of desires realized. If you want something, this card suggests it's already on its way. Sitting just before completion, it holds a place of full, joyful anticipation rather than impatience, a sign that something genuinely good is close at hand and worth savoring in the meantime."
minor_cups_10,"MARS IN PISCES, THIRD DECAN","The emerging and roaring force of Mars, here, finds an anchor of peace and harmony in the sign of Pisces. In this card there is satisfaction for what we have achieved, awareness and attention to the present, where everything is in its place. Emotional satisfaction is important when we encounter this card. The person often radiates a magnetic and rooting sense of peace. Personal vibrations are elevated, and it will be easy to bring joy to your life. It is a truly happy moment. Let us enjoy it.","Mars's usually roaring energy finds calm here, anchored by Pisces's peace and harmony. This card reflects real satisfaction with what's been achieved, full presence, and everything settled comfortably in its place. The feeling is magnetic and grounding, elevating everyday life rather than chasing something bigger. It's simply a genuinely happy moment, worth noticing and enjoying rather than rushing past.",59,A happy picture that doesn't match how disconnected things actually feel underneath.,"A usually roaring, active energy finds calm here, anchored by a peaceful, harmonious sign. This card reflects real satisfaction with what's been achieved, full presence, and everything settled comfortably in its place. The feeling is magnetic and grounding, elevating everyday life rather than chasing something bigger. It's simply a genuinely happy moment, worth noticing and enjoying rather than rushing past."
minor_cups_page,AIR OF WATER,"The Page of Cups represents the elements of Air and Water together. This means inspiration mixed with emotion. The Page of Cups is someone who works to make our dreams a reality. He is the beginning of an exciting journey, a new encounter, the first phase of falling in love, and not just with a person but also with a project, place, or experience. He is pure imagination, levity, beauty rooted in personal feeling. The Page of Cups is connected to childhood and purity and carries the seed of an emerging love.","Air and Water combine here, inspiration mixed with feeling. The Page of Cups works to turn dreams into reality, marking the beginning of an exciting connection, whether with a person, a project, or an experience. Pure imagination and lightness rooted in genuine feeling define him. Tied to childhood and innocence, he carries the very first seed of an emerging love, still unfolding.",62,"Emotional immaturity, or idealizing a connection that isn't what it seems.","Air and Water combine here, inspiration mixed with feeling. This character works to turn dreams into reality, marking the beginning of an exciting connection, whether with a person, a project, or an experience. Pure imagination and lightness rooted in genuine feeling define them. Tied to childhood and innocence, they carry the very first seed of an emerging love, still unfolding."
minor_cups_knight,FIRE OF WATER,"The Knight of Cups moves between two opposing elements: the romanticism of the Water element and the passion of Fire. Although it is unstable, it can complete great missions through love. He is an inspiring person often tied to the world of arts: painting, photography, theater, music. The Knight of Cups lives in the world of art and love. He is capable of great gentleness and genuine warmth, even if he can be very unstable and mutable and his fire can quickly extinguish.","Water's romanticism meets Fire's passion in an unstable but powerful mix. This Knight can accomplish real things through love, often drawn to art, whether painting, photography, theater, or music. He offers genuine gentleness and warmth, but his fire can flare and fade quickly, making him inspiring yet unpredictable, someone who lives fully in both the emotional and the creative world.",60,"Charm without follow-through, or moodiness where steady warmth was expected.","Water's romanticism meets Fire's passion in an unstable but powerful mix. This character can accomplish real things through love, often drawn to art, whether painting, photography, theater, or music. They offer genuine gentleness and warmth, but their fire can flare and fade quickly, making them inspiring yet unpredictable, someone who lives fully in both the emotional and the creative world."
minor_cups_queen,WATER OF WATER,"The Queen of Cups is the manifestation of the soul of Water. She can love unconditionally, is very sensitive and receptive, and knows how to listen and heal through empathy. She is pure of heart and doesn't let herself be influenced by the judgments of those she encounters, because she can see their soul.","The Queen of Cups is pure Water, the emotional element in its fullest form. She loves without condition, listens with real sensitivity, and heals through empathy rather than advice. Pure of heart, she isn't swayed by others' judgments, because she sees straight through to the soul beneath them, meeting people exactly where they are.",54,"Compassion tipping into self-sacrifice, or overwhelm from absorbing too much feeling.","This character is pure Water, the emotional element in its fullest form. She loves without condition, listens with real sensitivity, and heals through empathy rather than advice. Pure of heart, she isn't swayed by others' judgments, because she sees straight through to the soul beneath them, meeting people exactly where they are."
minor_cups_king,EARTH OF WATER,"The King of Cups offers stability in feeling through the Earth element. He knows how to control his emotions, so that they can become fertile ground for others as well. Like the Queen of Cups, he can listen, and his listening transforms and heals. He is connected to the world of the arts and uses imagination as his main power. That's why he must remain aware and not lose himself in daydreaming or yearning on emotions. He must remain firmly centered and rooted in his power.","The King of Cups grounds feeling through Earth, giving him real stability with emotion. Like the Queen of Cups, his listening itself transforms and heals others. Deeply connected to the arts, imagination is his defining power, but he has to stay alert, careful not to lose himself in daydreaming. His strength lies in staying centered and rooted even while working through deep feeling.",63,"Calm on the surface hiding real volatility, or feelings used to manipulate.","This character grounds feeling through Earth, giving him real stability with emotion. Like another figure known for the same suit, his listening itself transforms and heals others. Deeply connected to the arts, imagination is his defining power, but he has to stay alert, careful not to lose himself in daydreaming. His strength lies in staying centered and rooted even while working through deep feeling."
minor_swords_ace,GEMINI · LIBRA · AQUARIUS,"The Ace of Swords, like all Aces, represents the primordial matter related to its element, in this case Air. It is the idea, illumination, when everything becomes clear suddenly and we have a clear view of the situation. It refers to the ability to see things as they are, to discern and eliminate the superfluous. The Ace of Swords cuts away the unnecessary to leave the essential. It can be a new vision of things, or it can refer to the ability to use our rational side without getting bogged down by the emotional. The Sword separates truth from deceit and often references the art of words and communication, just like Air signs.","Like every Ace, this card is Air in its rawest form: sudden illumination, when a situation becomes completely clear. It's the ability to see things exactly as they are, cutting away anything unnecessary to reach what's essential. This can mean a new way of seeing something, or using reason without being pulled under by emotion. The sword separates truth from deceit, echoing Air's gift for honest communication.",67,"Clarity clouded, or truth getting tangled in confusion and misunderstanding.","Like every card of its kind, this one is Air in its rawest form: sudden illumination, when a situation becomes completely clear. It's the ability to see things exactly as they are, cutting away anything unnecessary to reach what's essential. This can mean a new way of seeing something, or using reason without being pulled under by emotion. A central symbol in this scene separates truth from deceit, echoing this element's gift for honest communication."
minor_swords_02,"MOON IN LIBRA, FIRST DECAN","In the Two of Swords there is hidden information, secrets, which we must seek within ourselves. Secrecy is an expression of the sensitivity of Libra: pondering, thinking before acting, making a decision in order to restore balance and inner harmony. This is a card of searching, balancing, of the peace needed to make a choice. The Moon represents change, which stabilizes and is channeled through the harmonious energy of Libra.","Hidden information here needs to be found within rather than outside. This secrecy reflects Libra's careful sensitivity, pausing to think before acting in order to restore inner balance. It's a card about searching and weighing options, the quiet needed to make a real decision. The Moon adds a sense of change, one that stabilizes through Libra's naturally harmonious energy.",59,"A decision avoided indefinitely, rather than the pause actually leading anywhere.","Hidden information here needs to be found within rather than outside. This secrecy reflects a balanced sign's careful sensitivity, pausing to think before acting in order to restore inner balance. It's a card about searching and weighing options, the quiet needed to make a real decision. A reflective planetary energy adds a sense of change, one that stabilizes through that sign's naturally harmonious energy."
minor_swords_03,"SATURN IN LIBRA, SECOND DECAN","In the Two of Swords, we have made a careful decision, but in the Three of Swords we must face the consequences of our choice, which are sometimes painful. In this card, Saturn, the master of limits, regulation, and responsibility, meets Libra, which presides over emotions and beauty. Although it may seem strange, Saturn is in exaltation in Libra, because being in an emotional relationship with the world means listening, observing, accepting, and experiencing pain. Without this practice, it's not possible to overcome what hurts us. If we don't remember what made us suffer and we're not compassionate toward it, we'll always be tied to it. The Three of Swords therefore breaks in order to then integrate, wounds so that healing can take place.","After the careful decision of the Two, this card faces its sometimes painful consequences. Saturn's discipline meets Libra's emotional, beauty-seeking nature, an unusual but powerful pairing, since being in real relationship with the world means being willing to feel pain fully. Without that, we stay tied to old hurt. This card breaks something open precisely so integration and healing can follow.",61,"Old pain either finally releasing, or being reopened again and again.","After a careful decision made earlier, this card faces its sometimes painful consequences. A disciplined energy meets an emotional, beauty-seeking sign, an unusual but powerful pairing, since being in real relationship with the world means being willing to feel pain fully. Without that, we stay tied to old hurt. This card breaks something open precisely so integration and healing can follow."
minor_swords_04,"JUPITER IN LIBRA, THIRD DECAN","Jupiter, the planet of expansion, growth, and possibilities, but also of justice (the god Jupiter was the protector of the courts), here meets the third decan of Libra, the one who seeks balance through relationships. In the Four of Swords, after the difficulty encountered in the Three of Swords, we can finally heal. We can rest, expand our vision of things, as Jupiter teaches us, and find a new balance, a new inner harmony. It is compromise, which we achieve after a crisis and awareness. Through rest, being, and acceptance, we can start a new path, under the lucky star of Jupiter.","Jupiter, planet of expansion and also justice, meets the third decan of Libra, which seeks balance through relationship. After the difficulty of the Three, this card allows real healing: rest, an expanded view of things, and a fresh sense of harmony. This is compromise earned through crisis and awareness, and through rest and acceptance a new path opens under a luckier sky.",62,"Rest refused past the point of need, leading to exhaustion instead of recovery.","An expansive planetary energy, also linked to fairness, meets a balance-seeking sign here. After a prior difficulty, this card allows real healing: rest, an expanded view of things, and a fresh sense of harmony. This is compromise earned through crisis and awareness, and through rest and acceptance a new path opens under a luckier sky."
minor_swords_05,"VENUS IN AQUARIUS, FIRST DECAN","In the Five of Swords, we meet the first decan of the sign of Aquarius: fixed sign, characterized by nonconformity, vision, the ability to challenge the limits of common belief. Here the sign is accompanied by Venus, the planet of love, relationship, and exchange. In the Five of Swords, someone wins and someone loses: we do not know which of the two roles is of interest to whoever is reading the card. Defeat or victory at great cost? This seems to be the question Aquarius poses to society as a whole through its nonconformist actions. It is a card of passage, which contains an echo of the Star (the Major Arcana card linked to the sign of Aquarius): if we are defeated, we cannot lose faith or hope in a better world.","Aquarius's fixed nonconformity meets Venus, planet of love and exchange, here. Someone wins and someone loses in this card, though which role matters is left open, is it defeat, or victory at too high a cost? It echoes the Star, Aquarius's own Major Arcana card: even in loss, hope for something better shouldn't be abandoned. Aquarius challenges convention, whatever the immediate outcome.",62,"Resentment lingering after the fact, or conflict finally resolving into real reconciliation.","A fixed, nonconformist sign meets a loving, exchange-oriented energy here. Someone wins and someone loses in this card, though which role matters is left open, is it defeat, or victory at too high a cost? It echoes hope found elsewhere in this deck: even in loss, hope for something better shouldn't be abandoned. This energy challenges convention, whatever the immediate outcome."
minor_swords_06,"MERCURY IN AQUARIUS, SECOND DECAN","The sign of Aquarius, as a fixed Air sign, is very much oriented toward communication and intellectual relationship with others, and Mercury is also a master of the world of speed, messages, and intellectual exchange. In this card, the communicative and revolutionary energy of Aquarius and Mercury meet, outlining a journey from an unsafe, or difficult, place to a calm shore. The journey can only be made through trust. Just like in the previous card (defeat is only a transition, thanks to hope), here too movement is only possible if we trust. The paradigm shift cannot be only physical, but also moves from an old, preconceived and conformist idea to a new one, a new vision, a new possibility.","Aquarius's intellectual, communicative nature pairs naturally with Mercury, both oriented toward speed and exchange of ideas. This card traces a journey from an unsettled place toward calmer shores, a movement only possible through trust. As with the previous card, defeat is just a transition; here, moving forward means shifting from an old, rigid idea toward something genuinely new.",58,"Stuck mid-transition, resisting the very shift that would bring relief.","An intellectual, communicative sign pairs naturally with a quick, exchange-oriented energy, both oriented toward speed and exchange of ideas. This card traces a journey from an unsettled place toward calmer shores, a movement only possible through trust. As with a difficult card before it, defeat is just a transition; here, moving forward means shifting from an old, rigid idea toward something genuinely new."
minor_swords_07,"MOON IN AQUARIUS, THIRD DECAN","The Moon, connected to the High Priestess card (and not the Moon card), is related to emotions, to listening, a gestation period. This is where Aquarius and its communication skills become inner, gentle, hidden. The divergent thinking of Aquarius is transformed into cunning, intelligence, an ability to think outside the box. With the Moon, communication is not immediate, but it is necessary to wait before revealing all the cards. You must act carefully, using tact. The card is often associated with thieves, but it is more interesting to read it as a silent card, full of magic and creative power, the ability to wait for the right moment.","Linked to the Moon's connection with the High Priestess, this card turns Aquarius's communication inward, becoming gentle, hidden, and cunning rather than direct. Thoughts need time to gestate before being revealed, requiring tact rather than immediate disclosure. Though sometimes read as deception, it's more interesting as a quiet, magical card about the discipline of waiting for the right moment to act.",61,"A hidden strategy getting exposed, or honesty finally surfacing after too much secrecy.","Linked to a reflective energy's connection with a receptive figure elsewhere in this deck, this card turns a sign's communication inward, becoming gentle, hidden, and cunning rather than direct. Thoughts need time to gestate before being revealed, requiring tact rather than immediate disclosure. Though sometimes read as deception, it's more interesting as a quiet, magical card about the discipline of waiting for the right moment to act."
minor_swords_08,"JUPITER IN GEMINI, FIRST DECAN","In the Eight of Swords, it seems strange to see a person stuck, blindfolded and unable to move. The card is associated with Jupiter, which is the planet of expansion, success, and growth. So why do we find this sense of closure? Here, Jupiter, since he is in Gemini, is in exile (this means that Jupiter is in the opposite sign to the one in which he has his home, Sagittarius). Therefore, the rapid, passionate, and curious thought of the sign is exalted through its less easy aspects. The Eight of Swords tells us that thinking too much, talking too much, and communicating too much can sometimes be an obstacle, can limit the full expression of ourselves. Let's not let our thoughts overwhelm or limit us. If and when it happens, we will be the ones to allow it.","A figure stands stuck and blindfolded here, an odd image for Jupiter, planet of expansion. But Jupiter is in exile in Gemini, opposite its home sign, so Gemini's quick, curious thinking turns against itself instead of expanding outward. This card warns that overthinking and over-communicating can become their own trap. The obstruction is self-made, and so is the freedom to release it.",62,"Either breaking free of a self-made trap, or sinking deeper into feeling powerless.","A figure stands stuck and blindfolded here, an odd image for an energy usually about expansion. But that energy is somewhat out of its natural element in a quick-thinking sign, so that sign's curious thinking turns against itself instead of expanding outward. This card warns that overthinking and over-communicating can become their own trap. The obstruction is self-made, and so is the freedom to release it."
minor_swords_09,"MARS IN GEMINI, SECOND DECAN","The figure we find in the Nine of Swords is not reassuring: a person wakes up, seemingly from a nightmare, in the darkness of the night, and behind her there are nine sharp swords. This is the card of anxiety, paranoia and inner conflict. We could say that the physical and manifested characteristics of Mars, passionate creator, are found here, as well as the trait of Gemini, an Air sign, aimed at thinking rationally, communicating clearly and objectively. The mind and heart meet and clash. However, we just have to remember that things are not as bad as they appear, to open the window in the morning to let in new light and let the shadows dissolve. It's time to reconsider the situation objectively.","A figure wakes from what looks like a nightmare, nine sharp swords behind her, evoking anxiety and inner conflict. Mars's passionate intensity meets Gemini's rational, communicative Air here, mind and heart colliding directly. The card's real comfort is a reminder that things are rarely as dire as they seem in the dark. Morning light dissolves the shadows, if we're willing to look again objectively.",64,"Anxiety finally easing with perspective, or spiraling further without it.","A figure wakes from what looks like a nightmare, sharp blades behind her, evoking anxiety and inner conflict. A passionate, intense energy meets a rational, communicative sign here, mind and heart colliding directly. The card's real comfort is a reminder that things are rarely as dire as they seem in the dark. Morning light dissolves the shadows, if we're willing to look again objectively."
minor_swords_10,"SUN IN GEMINI, THIRD DECAN","The Ten of Swords card falls in the third decan of Gemini, the period that ends on June 21, the summer solstice and the festival of the Sun. Here, in the Ten of Swords, we see a person pierced by ten blades, lying on the ground. This doesn't seem to have much to do with the sparkling energy of Gemini or the Sun. But the association attributed by the Golden Dawn is perfect for this card: a cycle has ended, and we must have the ability and clarity to celebrate a new dawn. The Sun in Gemini does just that: it tells us to let go of the old, to let in the light, the lightness of a new beginning.","This card falls in Gemini's third decan, ending right at the summer solstice, the Sun's own festival. A figure lies pierced by ten blades, an image that seems at odds with Gemini's bright energy, until you see the message: a cycle has fully ended, and clarity is needed to celebrate the dawn that follows. The Sun in Gemini says let go of the old to welcome the light.",68,"Resisting an ending that's already occurred, delaying the recovery that follows.","This card falls at the very end of a communicative sign's cycle, ending right at a seasonal turning point tied to a bright, radiant energy's own festival. A figure lies pierced by several blades, an image that seems at odds with that sign's usual brightness, until you see the message: a cycle has fully ended, and clarity is needed to celebrate the dawn that follows. Let go of the old to welcome the light."
minor_swords_page,AIR OF AIR,"The Page of Swords is the personification of the Air element: it is communication, the power of the mind to assimilate and process information, the ability to use words and carry quick messages. The Page of Swords is very good at quick communication. He brings an important message, unexpected news. Often represented on top of a mountain, he is very close to the sky. His proximity to the Air element tells us that thinking is his natural habitat and that he must be careful not to be overwhelmed by thoughts, to avoid mental exhaustion. He is a student, an investigator, a person who is passionate about research and mental inquiry. One of his feet rests on the ground, as if to remind us that to maintain balance, the mind must be rooted in reality.","Pure Air, the Page of Swords personifies communication itself: processing information quickly and delivering unexpected news or an important message. Often pictured high on a mountain, close to the sky, he's a natural student and investigator, drawn to research and mental inquiry. One foot stays on the ground though, a reminder that even a mind this active still needs to stay rooted in reality.",64,"Scattered thinking or gossip, rather than a message received clearly.","Pure Air, this character personifies communication itself: processing information quickly and delivering unexpected news or an important message. Often pictured high on a mountain, close to the sky, they're a natural student and investigator, drawn to research and mental inquiry. One foot stays on the ground though, a reminder that even a mind this active still needs to stay rooted in reality."
minor_swords_knight,FIRE OF AIR,"The Knight of Swords is a variation of Fire, the element of all Knights, with the Air element: we know how explosive the combination of these two elements can be, but also how effective it is when we want to light a warm and welcoming fire. The Knight of Swords is therefore the action (Fire) that is processed by the mind, by ideas (Air). This card carries both elements, so when we encounter it, we must ask ourselves if they are balanced or not: is the situation constructive or destructive? Can we have a clear strategy, or are we only dragged on by passion? The Knight of Swords seems focused on his goal, but he must also pay attention to his surroundings, remembering the importance of integrating these two aspects.","Fire meets Air here, a combination that can be explosive or, handled well, can light a warm and useful fire. This Knight turns ideas into action, so the real question this card raises is whether that combination is balanced: is the situation constructive or destructive, strategic or purely driven by passion? Focused on his goal, he still needs to stay aware of what's happening around him.",66,"Sharp thinking turned reckless, acting or speaking before the plan is ready.","Fire meets Air here, a combination that can be explosive or, handled well, can light a warm and useful fire. This character turns ideas into action, so the real question this card raises is whether that combination is balanced: is the situation constructive or destructive, strategic or purely driven by passion? Focused on their goal, they still need to stay aware of what's happening around them."
minor_swords_queen,WATER OF AIR,"The Queen of Swords mixes the element of Water, that of all Queens, with the element of Air, which belongs to the Sword suit. She is able to shape ideas through empathy, listening and compassion. She is often associated with the butterfly, a symbol of transmutation. The Queen of Swords is able to transform emotions into lucid thought, through which she observes reality, which is ironic, sharp, direct, sincere, free. She is an expression of wisdom, a person who has made a long journey to get here. She knows how to analyze situations from various points of view and choose those that adhere most to reality. Like her sword, she can cut, but can also discern and preserve what is truly essential.","Water and Air combine in the Queen of Swords, letting her shape ideas through empathy and compassion rather than cold logic alone. Often linked to the butterfly, a symbol of transformation, she turns emotion into lucid, direct, and sincere thought. Her wisdom comes from experience, letting her weigh a situation from multiple angles and choose what's truly real. Like her sword, she cuts, but she also knows what's worth preserving.",70,"Honesty turned cold or cutting, missing the compassion that usually tempers it.","Water and Air combine in this character, letting her shape ideas through empathy and compassion rather than cold logic alone. Often linked to a symbol of transformation, she turns emotion into lucid, direct, and sincere thought. Her wisdom comes from experience, letting her weigh a situation from multiple angles and choose what's truly real. Like the tool she carries, she cuts, but she also knows what's worth preserving."
minor_swords_king,EARTH OF AIR,"The King of Swords uses the energy of the Earth to channel and root his great intellectual capacity. He is a communicator, a strategist, the one who knows how to find unexpected solutions to problems that seem insurmountable. He advises us to think in an alternative way and to not be caged by usual mental schemes. Let's find space, fly high, because from above we have a better view of the situation. From the King of Swords, we can also learn the right amount of detachment, which is necessary to evaluate a problematic situation and to identify possible solutions. If this card appears in a reading, it is probably worth listening to the advice of a trusted and lucid person.","The King of Swords channels sharp intellect through the steadying influence of Earth. A natural strategist and communicator, he finds unexpected solutions to problems that seem impossible to untangle. His advice is to think outside familiar patterns and gain distance for a clearer view; from above, the whole situation is easier to read. When this card appears, it's worth listening to someone lucid and trustworthy.",65,"Strategy turned rigid or manipulative, intellect used to dominate rather than clarify.","This character channels sharp intellect through the steadying influence of Earth. A natural strategist and communicator, he finds unexpected solutions to problems that seem impossible to untangle. His advice is to think outside familiar patterns and gain distance for a clearer view; from above, the whole situation is easier to read. When this card appears, it's worth listening to someone lucid and trustworthy."
minor_pentacles_ace,TAURUS · VIRGO · CAPRICORN,"The Pentacle suit is related to the Earth element and refers to stability, material goods, everything that nourishes, defines and materializes. To encounter this card means to open up to new possibilities, to fruitful beginnings in the sphere of work, finances, and even personal satisfaction. It is a card that is associated with self-care, the protection of one's boundaries, the ability to break through, as a seed does under dark soil. The card shows us an opportunity—as is always the case with Aces; it's up to us to seize it or not.","Pentacles belong to Earth, representing stability, material goods, and everything that nourishes and takes real form. This card opens the door to new possibility in work, finances, or personal satisfaction, tied to self-care and protecting your own boundaries. Like a seed breaking through dark soil, the opportunity here needs to be actively seized rather than left waiting, since an Ace is only ever a starting point.",66,"An opportunity missed or poorly planned, rather than seized while it's fresh.","This suit belongs to Earth, representing stability, material goods, and everything that nourishes and takes real form. This card opens the door to new possibility in work, finances, or personal satisfaction, tied to self-care and protecting your own boundaries. Like a seed breaking through dark soil, the opportunity here needs to be actively seized rather than left waiting, since a card like this one is only ever a starting point."
minor_pentacles_02,"JUPITER IN CAPRICORN, FIRST DECAN","The Two of Pentacles card refers to each person's ability to find balance in daily life between commitments, private matters, fun, relationships, finances, and work. Interestingly, this card features Jupiter, lord of growth, expansion, and luck, and Capricorn, whose energy relates to hard work, commitment, and the ability to set limits. Finding them together here means that we must pay attention to these different inclinations, which can alternate in our days. The balance between these two poles will bring satisfaction and well-being.","This card is about finding balance across the ordinary demands of daily life, commitments, relationships, finances, and work all at once. Jupiter, lord of growth and luck, meets Capricorn's discipline and hard work here, an interesting combination of expansion and restraint. Paying attention to how these two pulls alternate through your days, rather than favoring one, is what brings genuine satisfaction and wellbeing.",63,"Overwhelm from too many demands at once, balance tipping into chaos.","This card is about finding balance across the ordinary demands of daily life, commitments, relationships, finances, and work all at once. A lucky, growth-oriented energy meets a disciplined, hardworking sign here, an interesting combination of expansion and restraint. Paying attention to how these two pulls alternate through your days, rather than favoring one, is what brings genuine satisfaction and wellbeing."
minor_pentacles_03,"MARS IN CAPRICORN, SECOND DECAN","The Three of Pentacles has within it the energy of construction, the realization of a project, and the ability to maintain the right focus over time, to accomplish what we have set out to do. Here, Mars, planet of action and timeliness, matches Capricorn's tendency to work in an orderly, determined, and tenacious manner. In this card, we have all the tools to continue the project that is proposed to us in the Ace of Pentacles, avoiding wasted energy. The card can also refer to teamwork, a group effort in which everyone collaborates with their skills to achieve the final result.","This card carries the energy of building something real, staying focused long enough to actually finish what's been started. Mars's timely action pairs with Capricorn's orderly, tenacious determination, giving you the tools to keep developing the idea planted by the Ace of Pentacles without wasting effort. It can also point to teamwork, a group pooling different skills toward one shared result.",61,"Misaligned effort or poor teamwork, progress stalling instead of building.","This card carries the energy of building something real, staying focused long enough to actually finish what's been started. A timely, active energy pairs with an orderly, tenacious sign's determination, giving you the tools to keep developing an idea planted earlier without wasting effort. It can also point to teamwork, a group pooling different skills toward one shared result."
minor_pentacles_04,"SUN IN CAPRICORN, THIRD DECAN","The Four of Pentacles contains two different meanings, which combine to best explain the complexity of this card. On the one hand, it's connected to the number four, which symbolizes stability and foundations. Here we find the ability to take care of ourselves, our personal boundaries, and what we have. On the other hand, the card indicates a certain rigidity, a structure that is typical of an Earth sign like Capricorn (and the Sun in this sign). The Four of Pentacles teaches us that it is necessary to have a good foundation and that, once we have acquired our structure, we should not be afraid to open ourselves to the outside and to new possibilities.","This card carries two intertwined meanings. As the number four, it represents stability and foundation, the ability to protect yourself and what you've built. But paired with Capricorn's earthy nature and the Sun's presence there, it also hints at possible rigidity, a structure held too tightly. The lesson is to build solid ground first, then stay open to what lies beyond it.",62,"Rigid over-attachment to control, or the opposite: instability from holding onto nothing.","This card carries two intertwined meanings. As a card of its particular number, it represents stability and foundation, the ability to protect yourself and what you've built. But paired with an earthy sign's nature and a bright energy's presence there, it also hints at possible rigidity, a structure held too tightly. The lesson is to build solid ground first, then stay open to what lies beyond it."
minor_pentacles_05,"MERCURY IN TAURUS, FIRST DECAN","In the Five of Pentacles card, Mercury, which is communication, interconnection, and speed, is in Taurus, an Earth sign characterized by longer time frames. Also, in the Minor Arcana, five represents a challenge, an exercise in recalibration after the stability of four. This card marks a moment of loss, of difficulty even on a material level: we lack the right nourishment, we feel hungry, tired, without energy. Before the Five of Pentacles, we must remember that we are not alone: we can ask for help, show our vulnerability, and manifest our needs. Moreover, in this card we can find the suggestion of new contact with our inner world. We can often find unexpected resources there.","Mercury, all speed and connection, slows down considerably inside earthy, patient Taurus. As with most Fives, this card marks a recalibration after the stability of Four, here showing up as material loss, hunger, and depleted energy. Its real message is that isolation isn't necessary: asking for help and showing vulnerability is allowed. Turning inward at this moment can also reveal unexpected resources.",62,"Recovery finally beginning, or refusing help that's actually within reach.","A fast, connective energy slows down considerably inside an earthy, patient sign. As with most cards of this number, this card marks a recalibration after a prior stability, here showing up as material loss, hunger, and depleted energy. Its real message is that isolation isn't necessary: asking for help and showing vulnerability is allowed. Turning inward at this moment can also reveal unexpected resources."
minor_pentacles_06,"MOON IN TAURUS, SECOND DECAN","The Six of Pentacles is related to the Moon in Taurus. The Moon is connected to emotions, intuition, to the most internal and sensitive part of the individual, whereas Taurus is the expression of material security, stability, rooted in the here-and-now. Taurus and the Moon speak of generosity: the ability to give and to share resources. In fact, the response of Taurus to their needs is slower, less reactive than that of Aries, the sign that precedes it: it is linked to listening to their emotional side, intuition. This card also speaks of the possibility of receiving: how many times have we had a need, but we have not taken what we deserved? And how many times have we given too much, to the point of draining our resources? The Six of Pentacles asks us to understand whether, in this moment, we are takers or givers.","The Moon's emotional, intuitive pull meets Taurus's grounded material stability here, producing a slower, less reactive response to need than fierier signs would give. This card is fundamentally about generosity, the give and take of resources. It asks an honest question: right now, are you the one giving too much until you're depleted, or the one who needs to finally accept what you're owed?",64,"Generosity with strings attached, or an imbalance between giving and receiving.","A reflective, intuitive energy meets a grounded, material sign here, producing a slower, less reactive response to need than fierier signs would give. This card is fundamentally about generosity, the give and take of resources. It asks an honest question: right now, are you the one giving too much until you're depleted, or the one who needs to finally accept what you're owed?"
minor_pentacles_07,"SATURN IN TAURUS, THIRD DECAN","In the Seven of Pentacles we often meet a figure who has sown the seeds and is now waiting for the plant, which she has taken care of, to bloom and bear fruit. Indeed, here Saturn instills a tendency to hard work, reflection, and reward, but only at the end of a demanding process. Likewise, Taurus represents the ability to wait, to do things at the right time, and to enjoy, finally, what we have sown. The card often emphasizes waiting: are we really willing to be patient to enjoy the fruits of our labor? Now is the time to do so; we must let things take their course.","A figure often appears here tending seeds already sown, simply waiting for them to bear fruit. Saturn brings hard work and reflection that only pays off after patience, while Taurus knows how to wait for the right moment before enjoying what's been cultivated. This card asks whether you're truly willing to be patient for the reward, since now is the time to let things run their course.",67,"Impatience derailing the wait, or giving up just before things bear fruit.","A figure often appears here tending seeds already sown, simply waiting for them to bear fruit. A disciplined energy brings hard work and reflection that only pays off after patience, while a grounded sign knows how to wait for the right moment before enjoying what's been cultivated. This card asks whether you're truly willing to be patient for the reward, since now is the time to let things run their course."
minor_pentacles_08,"SUN IN VIRGO, FIRST DECAN","In the Eight of Pentacles, we find the figure of the sign of Virgo in its full essence. The card shows us the importance of daily work, attention to detail, and manual skills; and the ability to observe and repeat. In addition to this, the card suggests the healthy disposition of getting to work, taking care of material action, and craft. It is the card of the apprentice, who—with study, application, and the ability to focus on detail without losing the big picture—becomes a master of the art day after day. This is the time to devote ourselves to our skills and to maintain focus.","Virgo shows up here in its fullest form, embodying daily practice, careful attention to detail, and skilled handiwork. This card favors getting to work, focusing on craft, and repeating small actions until mastery follows naturally. It's the card of the apprentice, someone who keeps the bigger picture in view while patiently refining their skill. This is a moment to devote yourself fully to your craft.",65,"Focus scattered into sloppy work, or perfectionism that never lets the work be done.","A grounded sign shows up here in its fullest form, embodying daily practice, careful attention to detail, and skilled handiwork. This card favors getting to work, focusing on craft, and repeating small actions until mastery follows naturally. It's the card of the apprentice, someone who keeps the bigger picture in view while patiently refining their skill. This is a moment to devote yourself fully to your craft."
minor_pentacles_09,"VENUS IN VIRGO, SECOND DECAN","In this card, we meet Venus, which is strongly connected to the Major Arcana card of the Empress. Harmony, beauty and pleasure are intertwined here with the message of Virgo, related to care, daily work, and attention to small things. In the card, a woman is in her garden. It seems that she is enjoying a moment of rest. The card suggests that we can finally enjoy what we have long cultivated, because it is now bearing fruit. A card of independence, the ability to savor what we have achieved, without relying on the support of anything, Venus gives the Virgo sign the ability to fully savor the fruits of our labor.","Venus, strongly tied to the Empress, meets Virgo's careful, daily devotion here, blending harmony and beauty with patient cultivation. A woman rests in her own garden, finally enjoying what she's long tended. This is a card of independence: savoring what you've achieved without needing anyone else's support, Venus giving Virgo the rare permission to simply enjoy the fruit of sustained effort.",61,"Reward earned but never enjoyed, or independence traded for relying on others.","A loving planetary energy, tied elsewhere in this deck to nurturing and abundance, meets a grounded sign's careful, daily devotion here, blending harmony and beauty with patient cultivation. A figure rests in their own garden, finally enjoying what they've long tended. This is a card of independence: savoring what you've achieved without needing anyone else's support, a rare permission to simply enjoy the fruit of sustained effort."
minor_pentacles_10,"MERCURY IN VIRGO, THIRD DECAN","In the Ten of Pentacles, we encounter abundance, wealth, and generosity, both as inner and outer qualities. Mercury in Virgo is in its home position. This means that it is an excellent position for the planet, and that the organizational, essential, and rational capacity of Virgo can make the talents of Mercury, related to communication and interconnection, flourish. The card expresses security, stability, and serenity toward our home, our family, and our work. It pushes us to recognize the riches we already possess. It is closely linked to gratitude, that feeling of well-being and satisfaction that attracts new blessings like a magnet to the family, a tribe of belonging. It also represents the legacy of joy and wonder that we can receive from our ancestors, in a continuum of abundance.","Mercury is at home in Virgo here, letting its gift for communication flourish through Virgo's organized, rational nature. This card holds wealth and generosity as both inner and outer qualities, bringing security and serenity to home, family, and work. It's closely tied to gratitude, the satisfaction that draws in further blessings, and to the inherited joy passed down through generations of belonging.",62,"Stability shaken, or abundance taken for granted instead of appreciated.","A communicative energy is at home in a grounded sign here, letting its gift for communication flourish through that sign's organized, rational nature. This card holds wealth and generosity as both inner and outer qualities, bringing security and serenity to home, family, and work. It's closely tied to gratitude, the satisfaction that draws in further blessings, and to the inherited joy passed down through generations of belonging."
minor_pentacles_page,AIR OF EARTH,"The Page of Pentacles has within him the characteristics of the Air element, which are interwoven with those of the Earth element. Intellectual capacity, mental speed, and the desire to learn are mixed with the need to move slowly and accurately, applying great importance to every detail. For this reason, the card of the Page of Pentacles is the card of the apprentice par excellence. The apprentice is studying a new subject, learning a new art, and is firmly dedicated to their work. The Page of Pentacles, in its earthly state, reminds us that the pleasure of the process is more important than the result itself.","Air's intellectual curiosity interweaves with Earth's slow, careful pace in the Page of Pentacles, the apprentice card above all others. This figure studies something new with genuine dedication, moving at a measured speed that honors every detail along the way. In his grounded, earthy form, he reminds us that enjoying the process itself matters more than rushing toward any particular outcome.",61,"Curiosity without follow-through, or procrastination instead of steady practice.","Air's intellectual curiosity interweaves with Earth's slow, careful pace in this character, the apprentice figure above all others. This figure studies something new with genuine dedication, moving at a measured speed that honors every detail along the way. In their grounded, earthy form, they remind us that enjoying the process itself matters more than rushing toward any particular outcome."
minor_pentacles_knight,FIRE OF EARTH,"The Knight of Pentacles is the most attentive of the four knights of the Minor Arcana. This Fire here meets Earth and gives this knight a more measured movement, more connected to the natural pace of things. Here, we find a person totally dedicated to their mission. The attitude of this knight is linked to hard work and to study, which leaves little room for leisure. Here, the passionate fire is revealed, which can lead to focusing only in one direction. Of course, this knight has great willpower and constancy, which is necessary to accomplish complex goals.","The most careful of the four Knights, this figure lets Fire meet Earth, producing a measured pace attuned to the natural rhythm of things. Fully dedicated to his mission, he favors hard work and steady study over leisure, sometimes narrowing his focus to just one direction. What defines him is genuine willpower and constancy, exactly what's needed to accomplish something genuinely complex.",62,"Dedication tipping into stubborn stagnation, effort with no forward motion.","The most careful of the four figures at this rank, this character lets Fire meet Earth, producing a measured pace attuned to the natural rhythm of things. Fully dedicated to their mission, they favor hard work and steady study over leisure, sometimes narrowing their focus to just one direction. What defines them is genuine willpower and constancy, exactly what's needed to accomplish something genuinely complex."
minor_pentacles_queen,WATER OF EARTH,"The Queen of Pentacles is an embodiment of Mother Nature. Her Earth mixes with Water, becoming fertile clay, soil for the seed, the ability to listen and respond practically to everyone's needs. She is the one who feeds, nourishes, and finds an immediate solution to the problems that arise, and she finds them in everyday life. Her creative ability shines when she can find something in any field to feed others. She is also the queen of self-care: she knows that her body is her temple, and she knows how to take care of it. Rooted, present, she radiates an earthly, centered strength. Just like the Empress, the Queen of Pentacles experiences the world through all the senses, and she is deeply in touch with them.","An embodiment of Mother Nature, the Queen of Pentacles blends Earth with Water into fertile ground, practical and responsive to whatever's needed. She feeds, nourishes, and finds real solutions within everyday life, her creativity showing wherever she can offer sustenance. She also practices real self-care, treating her body as sacred. Rooted and present, she experiences the world fully through the senses, just like the Empress.",65,"Self-care neglected while caring for everyone else, or nurturing that smothers.","An embodiment of Mother Nature, this character blends Earth with Water into fertile ground, practical and responsive to whatever's needed. She feeds, nourishes, and finds real solutions within everyday life, her creativity showing wherever she can offer sustenance. She also practices real self-care, treating her body as sacred. Rooted and present, she experiences the world fully through the senses, just like a nurturing figure found elsewhere in this deck."
minor_pentacles_king,EARTH OF EARTH,"Here is the generous leader of the Minor Arcana: the King of Pentacles, a person who has great leadership skills and has achieved an important position in life in terms of personal fulfillment. At the same time, he is also capable of great generosity. His abundance and wealth come from his innate ability to share and give. Precisely because we are in the sphere of the Earth element, we must remember that the well-being achieved by the King of Pentacles is the result of great work and great dedication, which have brought him to this position today. Satisfaction, well-being, and great wealth are the characteristics of the card, linked to a strong sense of stability and being rooted. The King of Pentacles knows how to give, precisely because he possesses great wealth.","The generous leader of the Minor Arcana, this King has reached real personal fulfillment through strong leadership. His wealth flows from a natural ability to share rather than hoard. Rooted fully in Earth, his wellbeing reflects real work and dedication rather than luck alone, giving him a stability that feels earned. He gives freely precisely because he already possesses genuine abundance.",61,"Generosity curdled into greed, or wealth valued over the people around it.","The generous leader among these court figures, this character has reached real personal fulfillment through strong leadership. His wealth flows from a natural ability to share rather than hoard. Rooted fully in Earth, his wellbeing reflects real work and dedication rather than luck alone, giving him a stability that feels earned. He gives freely precisely because he already possesses genuine abundance."
