global_play_order,unit_number,section_number_global,section_number_in_unit,card_key,card_name,arcana_type,is_symbol_intro,node_number,node_type,node_id,format_code,format_name,anchor_variant,node_phase,cards_involved,cards_to_recall_count,distractor_tier,notes
1,1,1,1,major_00_fool,The Fool,major,True,1,standard,U1-S1-N1,A1,Choose Card From Keywords,keywords,isolation,major_00_fool|major_09_hermit|major_05_hierophant|major_15_devil,1,easy,First exposure: full keyword list -> card art
2,1,1,1,major_00_fool,The Fool,major,True,2,standard,U1-S1-N2,A2,Choose Meaning From Card,card_art_to_description_condensed,isolation,major_00_fool|major_09_hermit|major_05_hierophant|major_15_devil,1,easy,Reverse direction: card art -> matching description
3,1,1,1,major_00_fool,The Fool,major,True,3,standard,U1-S1-N3,A7,Symbol Selection From Label,label_to_symbol_icon,isolation,major_00_fool,1,easy,New symbol taught: Planet - Uranus
4,1,1,1,major_00_fool,The Fool,major,True,4,standard,U1-S1-N4,A2,Choose Meaning From Card,collated_talking_points,near_context,major_00_fool|major_09_hermit|major_05_hierophant|major_15_devil,1,easy,Third text form of the same new card; distractor pool starts folding in one known card once available
5,1,1,1,major_00_fool,The Fool,major,True,5,standard,U1-S1-N5,A3,Major/Minor Arcana ID,card_art_grid,standing_skill,major_00_fool,1,n/a,"Major/Minor sorting - visual/structural skill, recurs unchanged every section"
6,1,1,1,major_00_fool,The Fool,major,True,6,standard,U1-S1-N6,B,True/False Talking Point,self_contained_statements,interleave_review,major_00_fool,1,n/a,No prior cards yet: all True/False statements are self-contained facts about this one card
7,1,1,1,major_00_fool,The Fool,major,True,7,standard,U1-S1-N7,A2,Choose Meaning From Card,collated_talking_points_v2,isolation,major_00_fool|major_09_hermit|major_05_hierophant|major_15_devil,1,easy,Board Matching not yet possible (only 1 card known) - substituted with a 4th text-form pass
8,1,2,2,minor_cups_ace,Ace of Cups,minor,True,1,standard,U1-S2-N1,A1,Choose Card From Keywords,keywords,isolation,minor_cups_ace|major_16_tower|major_07_chariot|major_12_hanged_man,1,easy,First exposure: full keyword list -> card art
9,1,2,2,minor_cups_ace,Ace of Cups,minor,True,2,standard,U1-S2-N2,A2,Choose Meaning From Card,card_art_to_description_condensed,isolation,minor_cups_ace|major_16_tower|major_07_chariot|major_12_hanged_man,1,easy,Reverse direction: card art -> matching description
10,1,2,2,minor_cups_ace,Ace of Cups,minor,True,3,standard,U1-S2-N3,A4,Symbol Identification,card_art_to_symbol_name,isolation,minor_cups_ace,1,easy,New symbol taught: Suit - Cups
11,1,2,2,minor_cups_ace,Ace of Cups,minor,True,4,standard,U1-S2-N4,A2,Choose Meaning From Card,collated_talking_points,near_context,minor_cups_ace|major_00_fool|major_16_tower|major_07_chariot,1,easy_plus_one_known,Third text form of the same new card; distractor pool starts folding in one known card once available
12,1,2,2,minor_cups_ace,Ace of Cups,minor,True,5,standard,U1-S2-N5,A3,Major/Minor Arcana ID,card_art_grid,standing_skill,minor_cups_ace,1,n/a,"Major/Minor sorting - visual/structural skill, recurs unchanged every section"
13,1,2,2,minor_cups_ace,Ace of Cups,minor,True,6,standard,U1-S2-N6,B,True/False Talking Point,mixed_card_statements,interleave_review,minor_cups_ace,1,n/a,True/False statements drawn from the new card plus recently taught cards
14,1,2,2,minor_cups_ace,Ace of Cups,minor,True,7,standard,U1-S2-N7,C,Board Matching,tile_grid,interleave_review,minor_cups_ace|major_00_fool,2,n/a,"Closing review: new card tiled against recently taught cards, grid grows over the course"
15,1,3,3,major_01_magician,The Magician,major,True,1,standard,U1-S3-N1,A1,Choose Card From Keywords,keywords,isolation,major_01_magician|major_12_hanged_man|major_18_moon|minor_swords_08,1,easy,First exposure: full keyword list -> card art
16,1,3,3,major_01_magician,The Magician,major,True,2,standard,U1-S3-N2,A2,Choose Meaning From Card,card_art_to_description_condensed,isolation,major_01_magician|major_12_hanged_man|major_18_moon|minor_swords_08,1,easy,Reverse direction: card art -> matching description
17,1,3,3,major_01_magician,The Magician,major,True,3,standard,U1-S3-N3,A5,Symbol Meaning Match,meaning_phrase_to_symbol,isolation,major_01_magician,1,easy,New symbol taught: Planet - Mercury
18,1,3,3,major_01_magician,The Magician,major,True,4,standard,U1-S3-N4,A2,Choose Meaning From Card,collated_talking_points,near_context,major_01_magician|minor_cups_ace|major_12_hanged_man|major_18_moon,1,easy_plus_one_known,Third text form of the same new card; distractor pool starts folding in one known card once available
19,1,3,3,major_01_magician,The Magician,major,True,5,standard,U1-S3-N5,A3,Major/Minor Arcana ID,card_art_grid,standing_skill,major_01_magician,1,n/a,"Major/Minor sorting - visual/structural skill, recurs unchanged every section"
20,1,3,3,major_01_magician,The Magician,major,True,6,standard,U1-S3-N6,B,True/False Talking Point,mixed_card_statements,interleave_review,major_01_magician,1,n/a,True/False statements drawn from the new card plus recently taught cards
21,1,3,3,major_01_magician,The Magician,major,True,7,standard,U1-S3-N7,C,Board Matching,tile_grid,interleave_review,major_01_magician|minor_cups_ace,2,n/a,"Closing review: new card tiled against recently taught cards, grid grows over the course"
22,1,4,4,minor_wands_ace,Ace of Wands,minor,True,1,standard,U1-S4-N1,A1,Choose Card From Keywords,keywords,isolation,minor_wands_ace|major_09_hermit|major_02_high_priestess|minor_cups_04,1,easy,First exposure: full keyword list -> card art
23,1,4,4,minor_wands_ace,Ace of Wands,minor,True,2,standard,U1-S4-N2,A2,Choose Meaning From Card,card_art_to_description_condensed,isolation,minor_wands_ace|major_09_hermit|major_02_high_priestess|minor_cups_04,1,easy,Reverse direction: card art -> matching description
24,1,4,4,minor_wands_ace,Ace of Wands,minor,True,3,standard,U1-S4-N3,A7,Symbol Selection From Label,label_to_symbol_icon,isolation,minor_wands_ace,1,easy,New symbol taught: Suit - Wands
25,1,4,4,minor_wands_ace,Ace of Wands,minor,True,4,standard,U1-S4-N4,A2,Choose Meaning From Card,collated_talking_points,near_context,minor_wands_ace|major_01_magician|major_09_hermit|major_02_high_priestess,1,easy_plus_one_known,Third text form of the same new card; distractor pool starts folding in one known card once available
26,1,4,4,minor_wands_ace,Ace of Wands,minor,True,5,standard,U1-S4-N5,A3,Major/Minor Arcana ID,card_art_grid,standing_skill,minor_wands_ace,1,n/a,"Major/Minor sorting - visual/structural skill, recurs unchanged every section"
27,1,4,4,minor_wands_ace,Ace of Wands,minor,True,6,standard,U1-S4-N6,B,True/False Talking Point,mixed_card_statements,interleave_review,minor_wands_ace,1,n/a,True/False statements drawn from the new card plus recently taught cards
28,1,4,4,minor_wands_ace,Ace of Wands,minor,True,7,standard,U1-S4-N7,C,Board Matching,tile_grid,interleave_review,minor_wands_ace|major_01_magician,2,n/a,"Closing review: new card tiled against recently taught cards, grid grows over the course"
29,1,5,5,major_03_empress,The Empress,major,True,1,standard,U1-S5-N1,A1,Choose Card From Keywords,keywords,isolation,major_03_empress|major_12_hanged_man|major_18_moon|minor_swords_08,1,easy,First exposure: full keyword list -> card art
30,1,5,5,major_03_empress,The Empress,major,True,2,standard,U1-S5-N2,A2,Choose Meaning From Card,card_art_to_description_condensed,isolation,major_03_empress|major_12_hanged_man|major_18_moon|minor_swords_08,1,easy,Reverse direction: card art -> matching description
31,1,5,5,major_03_empress,The Empress,major,True,3,standard,U1-S5-N3,A4,Symbol Identification,card_art_to_symbol_name,isolation,major_03_empress,1,easy,New symbol taught: Planet - Venus
32,1,5,5,major_03_empress,The Empress,major,True,4,standard,U1-S5-N4,A2,Choose Meaning From Card,collated_talking_points,near_context,major_03_empress|minor_wands_ace|major_12_hanged_man|major_18_moon,1,easy_plus_one_known,Third text form of the same new card; distractor pool starts folding in one known card once available
33,1,5,5,major_03_empress,The Empress,major,True,5,standard,U1-S5-N5,A3,Major/Minor Arcana ID,card_art_grid,standing_skill,major_03_empress,1,n/a,"Major/Minor sorting - visual/structural skill, recurs unchanged every section"
34,1,5,5,major_03_empress,The Empress,major,True,6,standard,U1-S5-N6,B,True/False Talking Point,mixed_card_statements,interleave_review,major_03_empress,1,n/a,True/False statements drawn from the new card plus recently taught cards
35,1,5,5,major_03_empress,The Empress,major,True,7,standard,U1-S5-N7,C,Board Matching,tile_grid,interleave_review,major_03_empress|minor_wands_ace,2,n/a,"Closing review: new card tiled against recently taught cards, grid grows over the course"
36,1,6,6,major_04_emperor,The Emperor,major,True,1,standard,U1-S6-N1,A1,Choose Card From Keywords,keywords,isolation,major_04_emperor|major_02_high_priestess|major_12_hanged_man|major_18_moon,1,easy,First exposure: full keyword list -> card art
37,1,6,6,major_04_emperor,The Emperor,major,True,2,standard,U1-S6-N2,A2,Choose Meaning From Card,card_art_to_description_condensed,isolation,major_04_emperor|major_02_high_priestess|major_12_hanged_man|major_18_moon,1,easy,Reverse direction: card art -> matching description
38,1,6,6,major_04_emperor,The Emperor,major,True,3,standard,U1-S6-N3,A5,Symbol Meaning Match,meaning_phrase_to_symbol,isolation,major_04_emperor,1,easy,New symbol taught: Zodiac Sign - Aries
39,1,6,6,major_04_emperor,The Emperor,major,True,4,standard,U1-S6-N4,A2,Choose Meaning From Card,collated_talking_points,near_context,major_04_emperor|major_03_empress|major_02_high_priestess|major_12_hanged_man,1,easy_plus_one_known,Third text form of the same new card; distractor pool starts folding in one known card once available
40,1,6,6,major_04_emperor,The Emperor,major,True,5,standard,U1-S6-N5,A3,Major/Minor Arcana ID,card_art_grid,standing_skill,major_04_emperor,1,n/a,"Major/Minor sorting - visual/structural skill, recurs unchanged every section"
41,1,6,6,major_04_emperor,The Emperor,major,True,6,standard,U1-S6-N6,B,True/False Talking Point,mixed_card_statements,interleave_review,major_04_emperor,1,n/a,True/False statements drawn from the new card plus recently taught cards
42,1,6,6,major_04_emperor,The Emperor,major,True,7,standard,U1-S6-N7,C,Board Matching,tile_grid,interleave_review,major_04_emperor|major_03_empress,2,n/a,"Closing review: new card tiled against recently taught cards, grid grows over the course"
43,1,7,7,minor_pentacles_ace,Ace of Pentacles,minor,True,1,standard,U1-S7-N1,A1,Choose Card From Keywords,keywords,isolation,minor_pentacles_ace|major_12_hanged_man|major_18_moon|minor_swords_08,1,easy,First exposure: full keyword list -> card art
44,1,7,7,minor_pentacles_ace,Ace of Pentacles,minor,True,2,standard,U1-S7-N2,A2,Choose Meaning From Card,card_art_to_description_condensed,isolation,minor_pentacles_ace|major_12_hanged_man|major_18_moon|minor_swords_08,1,easy,Reverse direction: card art -> matching description
45,1,7,7,minor_pentacles_ace,Ace of Pentacles,minor,True,3,standard,U1-S7-N3,A7,Symbol Selection From Label,label_to_symbol_icon,isolation,minor_pentacles_ace,1,easy,New symbol taught: Suit - Pentacles
46,1,7,7,minor_pentacles_ace,Ace of Pentacles,minor,True,4,standard,U1-S7-N4,A2,Choose Meaning From Card,collated_talking_points,near_context,minor_pentacles_ace|major_04_emperor|major_12_hanged_man|major_18_moon,1,easy_plus_one_known,Third text form of the same new card; distractor pool starts folding in one known card once available
47,1,7,7,minor_pentacles_ace,Ace of Pentacles,minor,True,5,standard,U1-S7-N5,A3,Major/Minor Arcana ID,card_art_grid,standing_skill,minor_pentacles_ace,1,n/a,"Major/Minor sorting - visual/structural skill, recurs unchanged every section"
48,1,7,7,minor_pentacles_ace,Ace of Pentacles,minor,True,6,standard,U1-S7-N6,B,True/False Talking Point,mixed_card_statements,interleave_review,minor_pentacles_ace,1,n/a,True/False statements drawn from the new card plus recently taught cards
49,1,7,7,minor_pentacles_ace,Ace of Pentacles,minor,True,7,standard,U1-S7-N7,C,Board Matching,tile_grid,interleave_review,minor_pentacles_ace|major_04_emperor,2,n/a,"Closing review: new card tiled against recently taught cards, grid grows over the course"
50,1,8,8,major_06_lovers,The Lovers,major,True,1,standard,U1-S8-N1,A1,Choose Card From Keywords,keywords,isolation,major_06_lovers|major_02_high_priestess|major_00_fool|major_16_tower,1,easy,First exposure: full keyword list -> card art
51,1,8,8,major_06_lovers,The Lovers,major,True,2,standard,U1-S8-N2,A2,Choose Meaning From Card,card_art_to_description_condensed,isolation,major_06_lovers|major_02_high_priestess|major_00_fool|major_16_tower,1,easy,Reverse direction: card art -> matching description
52,1,8,8,major_06_lovers,The Lovers,major,True,3,standard,U1-S8-N3,A4,Symbol Identification,card_art_to_symbol_name,isolation,major_06_lovers,1,easy,New symbol taught: Zodiac Sign - Gemini
53,1,8,8,major_06_lovers,The Lovers,major,True,4,standard,U1-S8-N4,A2,Choose Meaning From Card,collated_talking_points,near_context,major_06_lovers|minor_pentacles_ace|major_02_high_priestess|major_00_fool,1,easy_plus_one_known,Third text form of the same new card; distractor pool starts folding in one known card once available
54,1,8,8,major_06_lovers,The Lovers,major,True,5,standard,U1-S8-N5,A3,Major/Minor Arcana ID,card_art_grid,standing_skill,major_06_lovers,1,n/a,"Major/Minor sorting - visual/structural skill, recurs unchanged every section"
55,1,8,8,major_06_lovers,The Lovers,major,True,6,standard,U1-S8-N6,B,True/False Talking Point,mixed_card_statements,interleave_review,major_06_lovers,1,n/a,True/False statements drawn from the new card plus recently taught cards
56,1,8,8,major_06_lovers,The Lovers,major,True,7,standard,U1-S8-N7,C,Board Matching,tile_grid,interleave_review,major_06_lovers|minor_pentacles_ace,2,n/a,"Closing review: new card tiled against recently taught cards, grid grows over the course"
57,1,8,RECAP,,Unit 1 Recap,mixed,False,1,unit_recap,U1-S8-UNIT_RECAP-N1,C,Board Matching,tile_grid,unit_recap,major_00_fool|minor_cups_ace|major_01_magician|minor_wands_ace|major_03_empress|major_04_emperor|minor_pentacles_ace|major_06_lovers,8,n/a,"End-of-unit checkpoint: boards every card from Unit 1 against each other, no new card introduced"
58,2,9,1,minor_swords_ace,Ace of Swords,minor,True,1,standard,U2-S9-N1,A1,Choose Card From Keywords,keywords,isolation,minor_swords_ace|major_12_hanged_man|major_16_tower|major_18_moon,1,easy,First exposure: full keyword list -> card art
59,2,9,1,minor_swords_ace,Ace of Swords,minor,True,2,standard,U2-S9-N2,A2,Choose Meaning From Card,card_art_to_description_condensed,isolation,minor_swords_ace|major_12_hanged_man|major_16_tower|major_18_moon,1,easy,Reverse direction: card art -> matching description
60,2,9,1,minor_swords_ace,Ace of Swords,minor,True,3,standard,U2-S9-N3,A5,Symbol Meaning Match,meaning_phrase_to_symbol,isolation,minor_swords_ace,1,easy,New symbol taught: Suit - Swords
61,2,9,1,minor_swords_ace,Ace of Swords,minor,True,4,standard,U2-S9-N4,A2,Choose Meaning From Card,collated_talking_points,near_context,minor_swords_ace|major_06_lovers|major_12_hanged_man|major_16_tower,1,easy_plus_one_known,Third text form of the same new card; distractor pool starts folding in one known card once available
62,2,9,1,minor_swords_ace,Ace of Swords,minor,True,5,standard,U2-S9-N5,A3,Major/Minor Arcana ID,card_art_grid,standing_skill,minor_swords_ace,1,n/a,"Major/Minor sorting - visual/structural skill, recurs unchanged every section"
63,2,9,1,minor_swords_ace,Ace of Swords,minor,True,6,standard,U2-S9-N6,B,True/False Talking Point,mixed_card_statements,interleave_review,minor_swords_ace,1,n/a,True/False statements drawn from the new card plus recently taught cards
64,2,9,1,minor_swords_ace,Ace of Swords,minor,True,7,standard,U2-S9-N7,C,Board Matching,tile_grid,interleave_review,minor_swords_ace|major_06_lovers,2,n/a,"Closing review: new card tiled against recently taught cards, grid grows over the course"
65,2,10,2,major_08_strength,Strength,major,True,1,standard,U2-S10-N1,A1,Choose Card From Keywords,keywords,isolation,major_08_strength|major_12_hanged_man|major_16_tower|major_18_moon,1,easy,First exposure: full keyword list -> card art
66,2,10,2,major_08_strength,Strength,major,True,2,standard,U2-S10-N2,A2,Choose Meaning From Card,card_art_to_description_condensed,isolation,major_08_strength|major_12_hanged_man|major_16_tower|major_18_moon,1,easy,Reverse direction: card art -> matching description
67,2,10,2,major_08_strength,Strength,major,True,3,standard,U2-S10-N3,A7,Symbol Selection From Label,label_to_symbol_icon,isolation,major_08_strength,1,easy,New symbol taught: Zodiac Sign - Leo
68,2,10,2,major_08_strength,Strength,major,True,4,standard,U2-S10-N4,A2,Choose Meaning From Card,collated_talking_points,near_context,major_08_strength|minor_swords_ace|major_12_hanged_man|major_16_tower,1,easy_plus_one_known,Third text form of the same new card; distractor pool starts folding in one known card once available
69,2,10,2,major_08_strength,Strength,major,True,5,standard,U2-S10-N5,A3,Major/Minor Arcana ID,card_art_grid,standing_skill,major_08_strength,1,n/a,"Major/Minor sorting - visual/structural skill, recurs unchanged every section"
70,2,10,2,major_08_strength,Strength,major,True,6,standard,U2-S10-N6,B,True/False Talking Point,mixed_card_statements,interleave_review,major_08_strength,1,n/a,True/False statements drawn from the new card plus recently taught cards
71,2,10,2,major_08_strength,Strength,major,True,7,standard,U2-S10-N7,C,Board Matching,tile_grid,interleave_review,major_08_strength|minor_swords_ace,2,n/a,"Closing review: new card tiled against recently taught cards, grid grows over the course"
72,2,11,3,major_11_justice,Justice,major,True,1,standard,U2-S11-N1,A1,Choose Card From Keywords,keywords,isolation,major_11_justice|major_12_hanged_man|major_16_tower|major_18_moon,1,easy,First exposure: full keyword list -> card art
73,2,11,3,major_11_justice,Justice,major,True,2,standard,U2-S11-N2,A2,Choose Meaning From Card,card_art_to_description_condensed,isolation,major_11_justice|major_12_hanged_man|major_16_tower|major_18_moon,1,easy,Reverse direction: card art -> matching description
74,2,11,3,major_11_justice,Justice,major,True,3,standard,U2-S11-N3,A4,Symbol Identification,card_art_to_symbol_name,isolation,major_11_justice,1,easy,New symbol taught: Zodiac Sign - Libra
75,2,11,3,major_11_justice,Justice,major,True,4,standard,U2-S11-N4,A2,Choose Meaning From Card,collated_talking_points,near_context,major_11_justice|major_08_strength|major_12_hanged_man|major_16_tower,1,easy_plus_one_known,Third text form of the same new card; distractor pool starts folding in one known card once available
76,2,11,3,major_11_justice,Justice,major,True,5,standard,U2-S11-N5,A3,Major/Minor Arcana ID,card_art_grid,standing_skill,major_11_justice|major_08_strength,2,n/a,"Major/Minor sorting - visual/structural skill, recurs unchanged every section"
77,2,11,3,major_11_justice,Justice,major,True,6,standard,U2-S11-N6,B,True/False Talking Point,mixed_card_statements,interleave_review,major_11_justice,1,n/a,True/False statements drawn from the new card plus recently taught cards
78,2,11,3,major_11_justice,Justice,major,True,7,standard,U2-S11-N7,C,Board Matching,tile_grid,interleave_review,major_11_justice|major_08_strength,2,n/a,"Closing review: new card tiled against recently taught cards, grid grows over the course"
79,2,12,4,major_19_sun,The Sun,major,True,1,standard,U2-S12-N1,A1,Choose Card From Keywords,keywords,isolation,major_19_sun|major_12_hanged_man|major_18_moon|minor_swords_08,1,easy,First exposure: full keyword list -> card art
80,2,12,4,major_19_sun,The Sun,major,True,2,standard,U2-S12-N2,A2,Choose Meaning From Card,card_art_to_description_condensed,isolation,major_19_sun|major_12_hanged_man|major_18_moon|minor_swords_08,1,easy,Reverse direction: card art -> matching description
81,2,12,4,major_19_sun,The Sun,major,True,3,standard,U2-S12-N3,A5,Symbol Meaning Match,meaning_phrase_to_symbol,isolation,major_19_sun,1,easy,New symbol taught: Planet - Sun
82,2,12,4,major_19_sun,The Sun,major,True,4,standard,U2-S12-N4,A2,Choose Meaning From Card,collated_talking_points,near_context,major_19_sun|major_11_justice|major_12_hanged_man|major_18_moon,1,easy_plus_one_known,Third text form of the same new card; distractor pool starts folding in one known card once available
83,2,12,4,major_19_sun,The Sun,major,True,5,standard,U2-S12-N5,A3,Major/Minor Arcana ID,card_art_grid,standing_skill,major_19_sun|major_11_justice,2,n/a,"Major/Minor sorting - visual/structural skill, recurs unchanged every section"
84,2,12,4,major_19_sun,The Sun,major,True,6,standard,U2-S12-N6,B,True/False Talking Point,mixed_card_statements,interleave_review,major_19_sun,1,n/a,True/False statements drawn from the new card plus recently taught cards
85,2,12,4,major_19_sun,The Sun,major,True,7,standard,U2-S12-N7,C,Board Matching,tile_grid,interleave_review,major_19_sun|major_11_justice,2,n/a,"Closing review: new card tiled against recently taught cards, grid grows over the course"
86,2,12,4,major_19_sun,The Sun,major,False,8,throwback,U2-S12-THROWBACK-N8,B,True/False Talking Point,mixed_card_statements,throwback_review,major_00_fool|minor_cups_ace|major_01_magician,3,n/a,"Deliberately NOT recency-biased: pulls the 3 cards least recently seen (gap of 8-10 sections since last exposure), independent of the new card"
87,2,13,5,minor_cups_page,Page of Cups,minor,False,1,standard,U2-S13-N1,A1,Choose Card From Keywords,keywords,isolation,minor_cups_page|major_16_tower|major_07_chariot|major_12_hanged_man,1,easy,First exposure: full keyword list -> card art
88,2,13,5,minor_cups_page,Page of Cups,minor,False,2,standard,U2-S13-N2,A2,Choose Meaning From Card,card_art_to_description_condensed,isolation,minor_cups_page|major_16_tower|major_07_chariot|major_12_hanged_man,1,easy,Reverse direction: card art -> matching description
89,2,13,5,minor_cups_page,Page of Cups,minor,False,3,standard,U2-S13-N3,A1,Choose Card From Keywords,description_anonymized,isolation,minor_cups_page|major_16_tower|major_07_chariot|major_12_hanged_man,1,easy,Second anchor variant of the same new card (no new symbol this section)
90,2,13,5,minor_cups_page,Page of Cups,minor,False,4,standard,U2-S13-N4,A2,Choose Meaning From Card,collated_talking_points,near_context,minor_cups_page|major_19_sun|major_16_tower|major_07_chariot,1,easy_plus_one_known,Third text form of the same new card; distractor pool starts folding in one known card once available
91,2,13,5,minor_cups_page,Page of Cups,minor,False,5,standard,U2-S13-N5,A3,Major/Minor Arcana ID,card_art_grid,standing_skill,minor_cups_page|major_19_sun,2,n/a,"Major/Minor sorting - visual/structural skill, recurs unchanged every section"
92,2,13,5,minor_cups_page,Page of Cups,minor,False,6,standard,U2-S13-N6,B,True/False Talking Point,mixed_card_statements,interleave_review,minor_cups_page,1,n/a,True/False statements drawn from the new card plus recently taught cards
93,2,13,5,minor_cups_page,Page of Cups,minor,False,7,standard,U2-S13-N7,C,Board Matching,tile_grid,interleave_review,minor_cups_page|major_19_sun,2,n/a,"Closing review: new card tiled against recently taught cards, grid grows over the course"
94,2,14,6,minor_cups_knight,Knight of Cups,minor,False,1,standard,U2-S14-N1,A1,Choose Card From Keywords,keywords,isolation,minor_cups_knight|major_09_hermit|major_02_high_priestess|minor_pentacles_09,1,easy,First exposure: full keyword list -> card art
95,2,14,6,minor_cups_knight,Knight of Cups,minor,False,2,standard,U2-S14-N2,A2,Choose Meaning From Card,card_art_to_description_condensed,isolation,minor_cups_knight|major_09_hermit|major_02_high_priestess|minor_pentacles_09,1,easy,Reverse direction: card art -> matching description
96,2,14,6,minor_cups_knight,Knight of Cups,minor,False,3,standard,U2-S14-N3,A1,Choose Card From Keywords,description_anonymized,isolation,minor_cups_knight|major_09_hermit|major_02_high_priestess|minor_pentacles_09,1,easy,Second anchor variant of the same new card (no new symbol this section)
97,2,14,6,minor_cups_knight,Knight of Cups,minor,False,4,standard,U2-S14-N4,A2,Choose Meaning From Card,collated_talking_points,near_context,minor_cups_knight|minor_cups_page|major_09_hermit|major_02_high_priestess,1,easy_plus_one_known,Third text form of the same new card; distractor pool starts folding in one known card once available
98,2,14,6,minor_cups_knight,Knight of Cups,minor,False,5,standard,U2-S14-N5,A3,Major/Minor Arcana ID,card_art_grid,standing_skill,minor_cups_knight|minor_cups_page,2,n/a,"Major/Minor sorting - visual/structural skill, recurs unchanged every section"
99,2,14,6,minor_cups_knight,Knight of Cups,minor,False,6,standard,U2-S14-N6,B,True/False Talking Point,mixed_card_statements,interleave_review,minor_cups_knight,1,n/a,True/False statements drawn from the new card plus recently taught cards
100,2,14,6,minor_cups_knight,Knight of Cups,minor,False,7,standard,U2-S14-N7,C,Board Matching,tile_grid,interleave_review,minor_cups_knight|minor_cups_page|major_19_sun,3,n/a,"Closing review: new card tiled against recently taught cards, grid grows over the course"
101,2,15,7,minor_cups_queen,Queen of Cups,minor,False,1,standard,U2-S15-N1,A1,Choose Card From Keywords,keywords,isolation,minor_cups_queen|major_16_tower|major_07_chariot|minor_swords_05,1,easy,First exposure: full keyword list -> card art
102,2,15,7,minor_cups_queen,Queen of Cups,minor,False,2,standard,U2-S15-N2,A2,Choose Meaning From Card,card_art_to_description_condensed,isolation,minor_cups_queen|major_16_tower|major_07_chariot|minor_swords_05,1,easy,Reverse direction: card art -> matching description
103,2,15,7,minor_cups_queen,Queen of Cups,minor,False,3,standard,U2-S15-N3,A1,Choose Card From Keywords,description_anonymized,isolation,minor_cups_queen|major_16_tower|major_07_chariot|minor_swords_05,1,easy,Second anchor variant of the same new card (no new symbol this section)
104,2,15,7,minor_cups_queen,Queen of Cups,minor,False,4,standard,U2-S15-N4,A2,Choose Meaning From Card,collated_talking_points,near_context,minor_cups_queen|minor_cups_knight|major_16_tower|major_07_chariot,1,easy_plus_one_known,Third text form of the same new card; distractor pool starts folding in one known card once available
105,2,15,7,minor_cups_queen,Queen of Cups,minor,False,5,standard,U2-S15-N5,A3,Major/Minor Arcana ID,card_art_grid,standing_skill,minor_cups_queen|minor_cups_knight,2,n/a,"Major/Minor sorting - visual/structural skill, recurs unchanged every section"
106,2,15,7,minor_cups_queen,Queen of Cups,minor,False,6,standard,U2-S15-N6,B,True/False Talking Point,mixed_card_statements,interleave_review,minor_cups_queen,1,n/a,True/False statements drawn from the new card plus recently taught cards
107,2,15,7,minor_cups_queen,Queen of Cups,minor,False,7,standard,U2-S15-N7,C,Board Matching,tile_grid,interleave_review,minor_cups_queen|minor_cups_knight|minor_cups_page,3,n/a,"Closing review: new card tiled against recently taught cards, grid grows over the course"
108,2,16,8,minor_cups_king,King of Cups,minor,False,1,standard,U2-S16-N1,A1,Choose Card From Keywords,keywords,isolation,minor_cups_king|major_16_tower|major_00_fool|major_07_chariot,1,easy,First exposure: full keyword list -> card art
109,2,16,8,minor_cups_king,King of Cups,minor,False,2,standard,U2-S16-N2,A2,Choose Meaning From Card,card_art_to_description_condensed,isolation,minor_cups_king|major_16_tower|major_00_fool|major_07_chariot,1,easy,Reverse direction: card art -> matching description
110,2,16,8,minor_cups_king,King of Cups,minor,False,3,standard,U2-S16-N3,A1,Choose Card From Keywords,description_anonymized,isolation,minor_cups_king|major_16_tower|major_00_fool|major_07_chariot,1,easy,Second anchor variant of the same new card (no new symbol this section)
111,2,16,8,minor_cups_king,King of Cups,minor,False,4,standard,U2-S16-N4,A2,Choose Meaning From Card,collated_talking_points,near_context,minor_cups_king|minor_cups_queen|major_16_tower|major_00_fool,1,easy_plus_one_known,Third text form of the same new card; distractor pool starts folding in one known card once available
112,2,16,8,minor_cups_king,King of Cups,minor,False,5,standard,U2-S16-N5,A3,Major/Minor Arcana ID,card_art_grid,standing_skill,minor_cups_king|minor_cups_queen,2,n/a,"Major/Minor sorting - visual/structural skill, recurs unchanged every section"
113,2,16,8,minor_cups_king,King of Cups,minor,False,6,standard,U2-S16-N6,B,True/False Talking Point,mixed_card_statements,interleave_review,minor_cups_king|minor_cups_queen,2,n/a,True/False statements drawn from the new card plus recently taught cards
114,2,16,8,minor_cups_king,King of Cups,minor,False,7,standard,U2-S16-N7,C,Board Matching,tile_grid,interleave_review,minor_cups_king|minor_cups_queen|minor_cups_knight,3,n/a,"Closing review: new card tiled against recently taught cards, grid grows over the course"
115,2,16,8,minor_cups_king,King of Cups,minor,False,8,throwback,U2-S16-THROWBACK-N8,C,Board Matching,tile_grid,throwback_review,minor_wands_ace|major_03_empress|major_04_emperor,3,n/a,"Deliberately NOT recency-biased: pulls the 3 cards least recently seen (gap of 9-11 sections since last exposure), independent of the new card"
116,2,16,RECAP,,Unit 2 Recap,mixed,False,1,unit_recap,U2-S16-UNIT_RECAP-N1,C,Board Matching,tile_grid,unit_recap,minor_swords_ace|major_08_strength|major_11_justice|major_19_sun|minor_cups_page|minor_cups_knight|minor_cups_queen|minor_cups_king,8,n/a,"End-of-unit checkpoint: boards every card from Unit 2 against each other, no new card introduced"
117,3,17,1,minor_wands_page,Page of Wands,minor,False,1,standard,U3-S17-N1,A1,Choose Card From Keywords,keywords,isolation,minor_wands_page|major_09_hermit|major_02_high_priestess|minor_cups_04,1,easy,First exposure: full keyword list -> card art
118,3,17,1,minor_wands_page,Page of Wands,minor,False,2,standard,U3-S17-N2,A2,Choose Meaning From Card,card_art_to_description_condensed,isolation,minor_wands_page|major_09_hermit|major_02_high_priestess|minor_cups_04,1,easy,Reverse direction: card art -> matching description
119,3,17,1,minor_wands_page,Page of Wands,minor,False,3,standard,U3-S17-N3,A1,Choose Card From Keywords,description_anonymized,isolation,minor_wands_page|major_09_hermit|major_02_high_priestess|minor_cups_04,1,easy,Second anchor variant of the same new card (no new symbol this section)
120,3,17,1,minor_wands_page,Page of Wands,minor,False,4,standard,U3-S17-N4,A2,Choose Meaning From Card,collated_talking_points,near_context,minor_wands_page|minor_cups_king|major_09_hermit|major_02_high_priestess,1,easy_plus_one_known,Third text form of the same new card; distractor pool starts folding in one known card once available
121,3,17,1,minor_wands_page,Page of Wands,minor,False,5,standard,U3-S17-N5,A3,Major/Minor Arcana ID,card_art_grid,standing_skill,minor_wands_page|minor_cups_king,2,n/a,"Major/Minor sorting - visual/structural skill, recurs unchanged every section"
122,3,17,1,minor_wands_page,Page of Wands,minor,False,6,standard,U3-S17-N6,B,True/False Talking Point,mixed_card_statements,interleave_review,minor_wands_page|minor_cups_king,2,n/a,True/False statements drawn from the new card plus recently taught cards
123,3,17,1,minor_wands_page,Page of Wands,minor,False,7,standard,U3-S17-N7,C,Board Matching,tile_grid,interleave_review,minor_wands_page|minor_cups_king|minor_cups_queen,3,n/a,"Closing review: new card tiled against recently taught cards, grid grows over the course"
124,3,18,2,minor_wands_knight,Knight of Wands,minor,False,1,standard,U3-S18-N1,A1,Choose Card From Keywords,keywords,isolation,minor_wands_knight|major_09_hermit|major_02_high_priestess|minor_cups_10,1,easy,First exposure: full keyword list -> card art
125,3,18,2,minor_wands_knight,Knight of Wands,minor,False,2,standard,U3-S18-N2,A2,Choose Meaning From Card,card_art_to_description_condensed,isolation,minor_wands_knight|major_09_hermit|major_02_high_priestess|minor_cups_10,1,easy,Reverse direction: card art -> matching description
126,3,18,2,minor_wands_knight,Knight of Wands,minor,False,3,standard,U3-S18-N3,A1,Choose Card From Keywords,description_anonymized,isolation,minor_wands_knight|major_09_hermit|major_02_high_priestess|minor_cups_10,1,easy,Second anchor variant of the same new card (no new symbol this section)
127,3,18,2,minor_wands_knight,Knight of Wands,minor,False,4,standard,U3-S18-N4,A2,Choose Meaning From Card,collated_talking_points,near_context,minor_wands_knight|minor_wands_page|major_09_hermit|major_02_high_priestess,1,easy_plus_one_known,Third text form of the same new card; distractor pool starts folding in one known card once available
128,3,18,2,minor_wands_knight,Knight of Wands,minor,False,5,standard,U3-S18-N5,A3,Major/Minor Arcana ID,card_art_grid,standing_skill,minor_wands_knight|minor_wands_page,2,n/a,"Major/Minor sorting - visual/structural skill, recurs unchanged every section"
129,3,18,2,minor_wands_knight,Knight of Wands,minor,False,6,standard,U3-S18-N6,B,True/False Talking Point,mixed_card_statements,interleave_review,minor_wands_knight|minor_wands_page,2,n/a,True/False statements drawn from the new card plus recently taught cards
130,3,18,2,minor_wands_knight,Knight of Wands,minor,False,7,standard,U3-S18-N7,C,Board Matching,tile_grid,interleave_review,minor_wands_knight|minor_wands_page|minor_cups_king,3,n/a,"Closing review: new card tiled against recently taught cards, grid grows over the course"
131,3,19,3,minor_wands_queen,Queen of Wands,minor,False,1,standard,U3-S19-N1,A1,Choose Card From Keywords,keywords,isolation,minor_wands_queen|major_12_hanged_man|major_18_moon|minor_swords_08,1,easy,First exposure: full keyword list -> card art
132,3,19,3,minor_wands_queen,Queen of Wands,minor,False,2,standard,U3-S19-N2,A2,Choose Meaning From Card,card_art_to_description_condensed,isolation,minor_wands_queen|major_12_hanged_man|major_18_moon|minor_swords_08,1,easy,Reverse direction: card art -> matching description
133,3,19,3,minor_wands_queen,Queen of Wands,minor,False,3,standard,U3-S19-N3,A1,Choose Card From Keywords,description_anonymized,isolation,minor_wands_queen|major_12_hanged_man|major_18_moon|minor_swords_08,1,easy,Second anchor variant of the same new card (no new symbol this section)
134,3,19,3,minor_wands_queen,Queen of Wands,minor,False,4,standard,U3-S19-N4,A2,Choose Meaning From Card,collated_talking_points,near_context,minor_wands_queen|minor_wands_knight|major_12_hanged_man|major_18_moon,1,easy_plus_one_known,Third text form of the same new card; distractor pool starts folding in one known card once available
135,3,19,3,minor_wands_queen,Queen of Wands,minor,False,5,standard,U3-S19-N5,A3,Major/Minor Arcana ID,card_art_grid,standing_skill,minor_wands_queen|minor_wands_knight,2,n/a,"Major/Minor sorting - visual/structural skill, recurs unchanged every section"
136,3,19,3,minor_wands_queen,Queen of Wands,minor,False,6,standard,U3-S19-N6,B,True/False Talking Point,mixed_card_statements,interleave_review,minor_wands_queen|minor_wands_knight,2,n/a,True/False statements drawn from the new card plus recently taught cards
137,3,19,3,minor_wands_queen,Queen of Wands,minor,False,7,standard,U3-S19-N7,C,Board Matching,tile_grid,interleave_review,minor_wands_queen|minor_wands_knight|minor_wands_page,3,n/a,"Closing review: new card tiled against recently taught cards, grid grows over the course"
138,3,20,4,minor_wands_king,King of Wands,minor,False,1,standard,U3-S20-N1,A1,Choose Card From Keywords,keywords,isolation,minor_wands_king|major_12_hanged_man|major_18_moon|minor_swords_08,1,easy,First exposure: full keyword list -> card art
139,3,20,4,minor_wands_king,King of Wands,minor,False,2,standard,U3-S20-N2,A2,Choose Meaning From Card,card_art_to_description_condensed,isolation,minor_wands_king|major_12_hanged_man|major_18_moon|minor_swords_08,1,easy,Reverse direction: card art -> matching description
140,3,20,4,minor_wands_king,King of Wands,minor,False,3,standard,U3-S20-N3,A1,Choose Card From Keywords,description_anonymized,isolation,minor_wands_king|major_12_hanged_man|major_18_moon|minor_swords_08,1,easy,Second anchor variant of the same new card (no new symbol this section)
141,3,20,4,minor_wands_king,King of Wands,minor,False,4,standard,U3-S20-N4,A2,Choose Meaning From Card,collated_talking_points,near_context,minor_wands_king|minor_wands_queen|major_12_hanged_man|major_18_moon,1,easy_plus_one_known,Third text form of the same new card; distractor pool starts folding in one known card once available
142,3,20,4,minor_wands_king,King of Wands,minor,False,5,standard,U3-S20-N5,A3,Major/Minor Arcana ID,card_art_grid,standing_skill,minor_wands_king|minor_wands_queen,2,n/a,"Major/Minor sorting - visual/structural skill, recurs unchanged every section"
143,3,20,4,minor_wands_king,King of Wands,minor,False,6,standard,U3-S20-N6,B,True/False Talking Point,mixed_card_statements,interleave_review,minor_wands_king|minor_wands_queen,2,n/a,True/False statements drawn from the new card plus recently taught cards
144,3,20,4,minor_wands_king,King of Wands,minor,False,7,standard,U3-S20-N7,C,Board Matching,tile_grid,interleave_review,minor_wands_king|minor_wands_queen|minor_wands_knight,3,n/a,"Closing review: new card tiled against recently taught cards, grid grows over the course"
145,3,20,4,minor_wands_king,King of Wands,minor,False,8,throwback,U3-S20-THROWBACK-N8,B,True/False Talking Point,mixed_card_statements,throwback_review,minor_pentacles_ace|major_06_lovers|minor_swords_ace,3,n/a,"Deliberately NOT recency-biased: pulls the 3 cards least recently seen (gap of 10-12 sections since last exposure), independent of the new card"
146,3,21,5,minor_pentacles_page,Page of Pentacles,minor,False,1,standard,U3-S21-N1,A1,Choose Card From Keywords,keywords,isolation,minor_pentacles_page|major_16_tower|major_02_high_priestess|major_00_fool,1,easy,First exposure: full keyword list -> card art
147,3,21,5,minor_pentacles_page,Page of Pentacles,minor,False,2,standard,U3-S21-N2,A2,Choose Meaning From Card,card_art_to_description_condensed,isolation,minor_pentacles_page|major_16_tower|major_02_high_priestess|major_00_fool,1,easy,Reverse direction: card art -> matching description
148,3,21,5,minor_pentacles_page,Page of Pentacles,minor,False,3,standard,U3-S21-N3,A1,Choose Card From Keywords,description_anonymized,isolation,minor_pentacles_page|major_16_tower|major_02_high_priestess|major_00_fool,1,easy,Second anchor variant of the same new card (no new symbol this section)
149,3,21,5,minor_pentacles_page,Page of Pentacles,minor,False,4,standard,U3-S21-N4,A2,Choose Meaning From Card,collated_talking_points,near_context,minor_pentacles_page|minor_wands_king|major_16_tower|major_02_high_priestess,1,easy_plus_one_known,Third text form of the same new card; distractor pool starts folding in one known card once available
150,3,21,5,minor_pentacles_page,Page of Pentacles,minor,False,5,standard,U3-S21-N5,A3,Major/Minor Arcana ID,card_art_grid,standing_skill,minor_pentacles_page|minor_wands_king|minor_wands_queen,3,n/a,"Major/Minor sorting - visual/structural skill, recurs unchanged every section"
151,3,21,5,minor_pentacles_page,Page of Pentacles,minor,False,6,standard,U3-S21-N6,B,True/False Talking Point,mixed_card_statements,interleave_review,minor_pentacles_page|minor_wands_king,2,n/a,True/False statements drawn from the new card plus recently taught cards
152,3,21,5,minor_pentacles_page,Page of Pentacles,minor,False,7,standard,U3-S21-N7,C,Board Matching,tile_grid,interleave_review,minor_pentacles_page|minor_wands_king|minor_wands_queen,3,n/a,"Closing review: new card tiled against recently taught cards, grid grows over the course"
153,3,22,6,minor_pentacles_knight,Knight of Pentacles,minor,False,1,standard,U3-S22-N1,A1,Choose Card From Keywords,keywords,isolation,minor_pentacles_knight|major_00_fool|major_16_tower|major_02_high_priestess,1,easy,First exposure: full keyword list -> card art
154,3,22,6,minor_pentacles_knight,Knight of Pentacles,minor,False,2,standard,U3-S22-N2,A2,Choose Meaning From Card,card_art_to_description_condensed,isolation,minor_pentacles_knight|major_00_fool|major_16_tower|major_02_high_priestess,1,easy,Reverse direction: card art -> matching description
155,3,22,6,minor_pentacles_knight,Knight of Pentacles,minor,False,3,standard,U3-S22-N3,A1,Choose Card From Keywords,description_anonymized,isolation,minor_pentacles_knight|major_00_fool|major_16_tower|major_02_high_priestess,1,easy,Second anchor variant of the same new card (no new symbol this section)
156,3,22,6,minor_pentacles_knight,Knight of Pentacles,minor,False,4,standard,U3-S22-N4,A2,Choose Meaning From Card,collated_talking_points,near_context,minor_pentacles_knight|minor_pentacles_page|major_00_fool|major_16_tower,1,easy_plus_one_known,Third text form of the same new card; distractor pool starts folding in one known card once available
157,3,22,6,minor_pentacles_knight,Knight of Pentacles,minor,False,5,standard,U3-S22-N5,A3,Major/Minor Arcana ID,card_art_grid,standing_skill,minor_pentacles_knight|minor_pentacles_page|minor_wands_king,3,n/a,"Major/Minor sorting - visual/structural skill, recurs unchanged every section"
158,3,22,6,minor_pentacles_knight,Knight of Pentacles,minor,False,6,standard,U3-S22-N6,B,True/False Talking Point,mixed_card_statements,interleave_review,minor_pentacles_knight|minor_pentacles_page,2,n/a,True/False statements drawn from the new card plus recently taught cards
159,3,22,6,minor_pentacles_knight,Knight of Pentacles,minor,False,7,standard,U3-S22-N7,C,Board Matching,tile_grid,interleave_review,minor_pentacles_knight|minor_pentacles_page|minor_wands_king,3,n/a,"Closing review: new card tiled against recently taught cards, grid grows over the course"
160,3,23,7,minor_pentacles_queen,Queen of Pentacles,minor,False,1,standard,U3-S23-N1,A1,Choose Card From Keywords,keywords,isolation,minor_pentacles_queen|major_12_hanged_man|major_16_tower|major_18_moon,1,easy,First exposure: full keyword list -> card art
161,3,23,7,minor_pentacles_queen,Queen of Pentacles,minor,False,2,standard,U3-S23-N2,A2,Choose Meaning From Card,card_art_to_description_condensed,isolation,minor_pentacles_queen|major_12_hanged_man|major_16_tower|major_18_moon,1,easy,Reverse direction: card art -> matching description
162,3,23,7,minor_pentacles_queen,Queen of Pentacles,minor,False,3,standard,U3-S23-N3,A1,Choose Card From Keywords,description_anonymized,isolation,minor_pentacles_queen|major_12_hanged_man|major_16_tower|major_18_moon,1,easy,Second anchor variant of the same new card (no new symbol this section)
163,3,23,7,minor_pentacles_queen,Queen of Pentacles,minor,False,4,standard,U3-S23-N4,A2,Choose Meaning From Card,collated_talking_points,near_context,minor_pentacles_queen|minor_pentacles_knight|major_12_hanged_man|major_16_tower,1,easy_plus_one_known,Third text form of the same new card; distractor pool starts folding in one known card once available
164,3,23,7,minor_pentacles_queen,Queen of Pentacles,minor,False,5,standard,U3-S23-N5,A3,Major/Minor Arcana ID,card_art_grid,standing_skill,minor_pentacles_queen|minor_pentacles_knight|minor_pentacles_page,3,n/a,"Major/Minor sorting - visual/structural skill, recurs unchanged every section"
165,3,23,7,minor_pentacles_queen,Queen of Pentacles,minor,False,6,standard,U3-S23-N6,B,True/False Talking Point,mixed_card_statements,interleave_review,minor_pentacles_queen|minor_pentacles_knight,2,n/a,True/False statements drawn from the new card plus recently taught cards
166,3,23,7,minor_pentacles_queen,Queen of Pentacles,minor,False,7,standard,U3-S23-N7,C,Board Matching,tile_grid,interleave_review,minor_pentacles_queen|minor_pentacles_knight|minor_pentacles_page,3,n/a,"Closing review: new card tiled against recently taught cards, grid grows over the course"
167,3,24,8,minor_pentacles_king,King of Pentacles,minor,False,1,standard,U3-S24-N1,A1,Choose Card From Keywords,keywords,isolation,minor_pentacles_king|major_12_hanged_man|major_16_tower|major_18_moon,1,easy,First exposure: full keyword list -> card art
168,3,24,8,minor_pentacles_king,King of Pentacles,minor,False,2,standard,U3-S24-N2,A2,Choose Meaning From Card,card_art_to_description_condensed,isolation,minor_pentacles_king|major_12_hanged_man|major_16_tower|major_18_moon,1,easy,Reverse direction: card art -> matching description
169,3,24,8,minor_pentacles_king,King of Pentacles,minor,False,3,standard,U3-S24-N3,A1,Choose Card From Keywords,description_anonymized,isolation,minor_pentacles_king|major_12_hanged_man|major_16_tower|major_18_moon,1,easy,Second anchor variant of the same new card (no new symbol this section)
170,3,24,8,minor_pentacles_king,King of Pentacles,minor,False,4,standard,U3-S24-N4,A2,Choose Meaning From Card,collated_talking_points,near_context,minor_pentacles_king|minor_pentacles_queen|major_12_hanged_man|major_16_tower,1,easy_plus_one_known,Third text form of the same new card; distractor pool starts folding in one known card once available
171,3,24,8,minor_pentacles_king,King of Pentacles,minor,False,5,standard,U3-S24-N5,A3,Major/Minor Arcana ID,card_art_grid,standing_skill,minor_pentacles_king|minor_pentacles_queen|minor_pentacles_knight,3,n/a,"Major/Minor sorting - visual/structural skill, recurs unchanged every section"
172,3,24,8,minor_pentacles_king,King of Pentacles,minor,False,6,standard,U3-S24-N6,B,True/False Talking Point,mixed_card_statements,interleave_review,minor_pentacles_king|minor_pentacles_queen,2,n/a,True/False statements drawn from the new card plus recently taught cards
173,3,24,8,minor_pentacles_king,King of Pentacles,minor,False,7,standard,U3-S24-N7,C,Board Matching,tile_grid,interleave_review,minor_pentacles_king|minor_pentacles_queen|minor_pentacles_knight,3,n/a,"Closing review: new card tiled against recently taught cards, grid grows over the course"
174,3,24,8,minor_pentacles_king,King of Pentacles,minor,False,8,throwback,U3-S24-THROWBACK-N8,C,Board Matching,tile_grid,throwback_review,major_08_strength|major_00_fool|minor_cups_ace,3,n/a,"Deliberately NOT recency-biased: pulls the 3 cards least recently seen (gap of 12-13 sections since last exposure), independent of the new card"
175,3,24,RECAP,,Unit 3 Recap,mixed,False,1,unit_recap,U3-S24-UNIT_RECAP-N1,C,Board Matching,tile_grid,unit_recap,minor_wands_page|minor_wands_knight|minor_wands_queen|minor_wands_king|minor_pentacles_page|minor_pentacles_knight|minor_pentacles_queen|minor_pentacles_king,8,n/a,"End-of-unit checkpoint: boards every card from Unit 3 against each other, no new card introduced"
176,3,24,CUMULATIVE,,Cumulative Review after Unit 3,mixed,False,1,cumulative_review,U3-S24-CUMULATIVE_REVIEW-N1,C,Board Matching,tile_grid,cumulative_review,major_00_fool|minor_cups_ace|major_01_magician|minor_wands_ace|major_03_empress|major_04_emperor,6,n/a,Reaches back across ALL prior units (not just this one) to the 6 stalest cards overall
177,4,25,1,minor_swords_page,Page of Swords,minor,False,1,standard,U4-S25-N1,A1,Choose Card From Keywords,keywords,isolation,minor_swords_page|major_12_hanged_man|major_18_moon|minor_swords_08,1,easy,First exposure: full keyword list -> card art
178,4,25,1,minor_swords_page,Page of Swords,minor,False,2,standard,U4-S25-N2,A2,Choose Meaning From Card,card_art_to_description_condensed,isolation,minor_swords_page|major_12_hanged_man|major_18_moon|minor_swords_08,1,easy,Reverse direction: card art -> matching description
179,4,25,1,minor_swords_page,Page of Swords,minor,False,3,standard,U4-S25-N3,A1,Choose Card From Keywords,description_anonymized,isolation,minor_swords_page|major_12_hanged_man|major_18_moon|minor_swords_08,1,easy,Second anchor variant of the same new card (no new symbol this section)
180,4,25,1,minor_swords_page,Page of Swords,minor,False,4,standard,U4-S25-N4,A2,Choose Meaning From Card,collated_talking_points,near_context,minor_swords_page|minor_pentacles_king|major_12_hanged_man|major_18_moon,1,easy_plus_one_known,Third text form of the same new card; distractor pool starts folding in one known card once available
181,4,25,1,minor_swords_page,Page of Swords,minor,False,5,standard,U4-S25-N5,A3,Major/Minor Arcana ID,card_art_grid,standing_skill,minor_swords_page|minor_pentacles_king|minor_pentacles_queen,3,n/a,"Major/Minor sorting - visual/structural skill, recurs unchanged every section"
182,4,25,1,minor_swords_page,Page of Swords,minor,False,6,standard,U4-S25-N6,B,True/False Talking Point,mixed_card_statements,interleave_review,minor_swords_page|minor_pentacles_king,2,n/a,True/False statements drawn from the new card plus recently taught cards
183,4,25,1,minor_swords_page,Page of Swords,minor,False,7,standard,U4-S25-N7,C,Board Matching,tile_grid,interleave_review,minor_swords_page|minor_pentacles_king|minor_pentacles_queen,3,n/a,"Closing review: new card tiled against recently taught cards, grid grows over the course"
184,4,26,2,minor_swords_knight,Knight of Swords,minor,False,1,standard,U4-S26-N1,A1,Choose Card From Keywords,keywords,isolation,minor_swords_knight|major_02_high_priestess|major_12_hanged_man|major_18_moon,1,easy,First exposure: full keyword list -> card art
185,4,26,2,minor_swords_knight,Knight of Swords,minor,False,2,standard,U4-S26-N2,A2,Choose Meaning From Card,card_art_to_description_condensed,isolation,minor_swords_knight|major_02_high_priestess|major_12_hanged_man|major_18_moon,1,easy,Reverse direction: card art -> matching description
186,4,26,2,minor_swords_knight,Knight of Swords,minor,False,3,standard,U4-S26-N3,A1,Choose Card From Keywords,description_anonymized,isolation,minor_swords_knight|major_02_high_priestess|major_12_hanged_man|major_18_moon,1,easy,Second anchor variant of the same new card (no new symbol this section)
187,4,26,2,minor_swords_knight,Knight of Swords,minor,False,4,standard,U4-S26-N4,A2,Choose Meaning From Card,collated_talking_points,near_context,minor_swords_knight|minor_swords_page|major_02_high_priestess|major_12_hanged_man,1,easy_plus_one_known,Third text form of the same new card; distractor pool starts folding in one known card once available
188,4,26,2,minor_swords_knight,Knight of Swords,minor,False,5,standard,U4-S26-N5,A3,Major/Minor Arcana ID,card_art_grid,standing_skill,minor_swords_knight|minor_swords_page|minor_pentacles_king,3,n/a,"Major/Minor sorting - visual/structural skill, recurs unchanged every section"
189,4,26,2,minor_swords_knight,Knight of Swords,minor,False,6,standard,U4-S26-N6,B,True/False Talking Point,mixed_card_statements,interleave_review,minor_swords_knight|minor_swords_page,2,n/a,True/False statements drawn from the new card plus recently taught cards
190,4,26,2,minor_swords_knight,Knight of Swords,minor,False,7,standard,U4-S26-N7,C,Board Matching,tile_grid,interleave_review,minor_swords_knight|minor_swords_page|minor_pentacles_king|minor_pentacles_queen,4,n/a,"Closing review: new card tiled against recently taught cards, grid grows over the course"
191,4,27,3,minor_swords_queen,Queen of Swords,minor,False,1,standard,U4-S27-N1,A1,Choose Card From Keywords,keywords,isolation,minor_swords_queen|major_16_tower|major_00_fool|major_12_hanged_man,1,easy,First exposure: full keyword list -> card art
192,4,27,3,minor_swords_queen,Queen of Swords,minor,False,2,standard,U4-S27-N2,A2,Choose Meaning From Card,card_art_to_description_condensed,isolation,minor_swords_queen|major_16_tower|major_00_fool|major_12_hanged_man,1,easy,Reverse direction: card art -> matching description
193,4,27,3,minor_swords_queen,Queen of Swords,minor,False,3,standard,U4-S27-N3,A1,Choose Card From Keywords,description_anonymized,isolation,minor_swords_queen|major_16_tower|major_00_fool|major_12_hanged_man,1,easy,Second anchor variant of the same new card (no new symbol this section)
194,4,27,3,minor_swords_queen,Queen of Swords,minor,False,4,standard,U4-S27-N4,A2,Choose Meaning From Card,collated_talking_points,near_context,minor_swords_queen|minor_swords_knight|major_16_tower|major_00_fool,1,easy_plus_one_known,Third text form of the same new card; distractor pool starts folding in one known card once available
195,4,27,3,minor_swords_queen,Queen of Swords,minor,False,5,standard,U4-S27-N5,A3,Major/Minor Arcana ID,card_art_grid,standing_skill,minor_swords_queen|minor_swords_knight|minor_swords_page,3,n/a,"Major/Minor sorting - visual/structural skill, recurs unchanged every section"
196,4,27,3,minor_swords_queen,Queen of Swords,minor,False,6,standard,U4-S27-N6,B,True/False Talking Point,mixed_card_statements,interleave_review,minor_swords_queen|minor_swords_knight,2,n/a,True/False statements drawn from the new card plus recently taught cards
197,4,27,3,minor_swords_queen,Queen of Swords,minor,False,7,standard,U4-S27-N7,C,Board Matching,tile_grid,interleave_review,minor_swords_queen|minor_swords_knight|minor_swords_page|minor_pentacles_king,4,n/a,"Closing review: new card tiled against recently taught cards, grid grows over the course"
198,4,28,4,minor_swords_king,King of Swords,minor,False,1,standard,U4-S28-N1,A1,Choose Card From Keywords,keywords,isolation,minor_swords_king|major_12_hanged_man|major_18_moon|minor_swords_08,1,easy,First exposure: full keyword list -> card art
199,4,28,4,minor_swords_king,King of Swords,minor,False,2,standard,U4-S28-N2,A2,Choose Meaning From Card,card_art_to_description_condensed,isolation,minor_swords_king|major_12_hanged_man|major_18_moon|minor_swords_08,1,easy,Reverse direction: card art -> matching description
200,4,28,4,minor_swords_king,King of Swords,minor,False,3,standard,U4-S28-N3,A1,Choose Card From Keywords,description_anonymized,isolation,minor_swords_king|major_12_hanged_man|major_18_moon|minor_swords_08,1,easy,Second anchor variant of the same new card (no new symbol this section)
201,4,28,4,minor_swords_king,King of Swords,minor,False,4,standard,U4-S28-N4,A2,Choose Meaning From Card,collated_talking_points,near_context,minor_swords_king|minor_swords_queen|major_12_hanged_man|major_18_moon,1,easy_plus_one_known,Third text form of the same new card; distractor pool starts folding in one known card once available
202,4,28,4,minor_swords_king,King of Swords,minor,False,5,standard,U4-S28-N5,A3,Major/Minor Arcana ID,card_art_grid,standing_skill,minor_swords_king|minor_swords_queen|minor_swords_knight,3,n/a,"Major/Minor sorting - visual/structural skill, recurs unchanged every section"
203,4,28,4,minor_swords_king,King of Swords,minor,False,6,standard,U4-S28-N6,B,True/False Talking Point,mixed_card_statements,interleave_review,minor_swords_king|minor_swords_queen,2,n/a,True/False statements drawn from the new card plus recently taught cards
204,4,28,4,minor_swords_king,King of Swords,minor,False,7,standard,U4-S28-N7,C,Board Matching,tile_grid,interleave_review,minor_swords_king|minor_swords_queen|minor_swords_knight|minor_swords_page,4,n/a,"Closing review: new card tiled against recently taught cards, grid grows over the course"
205,4,28,4,minor_swords_king,King of Swords,minor,False,8,throwback,U4-S28-THROWBACK-N8,B,True/False Talking Point,mixed_card_statements,throwback_review,major_01_magician|major_11_justice|major_19_sun,3,n/a,"Deliberately NOT recency-biased: pulls the 3 cards least recently seen (gap of 14-16 sections since last exposure), independent of the new card"
206,4,29,5,major_07_chariot,The Chariot,major,True,1,standard,U4-S29-N1,A1,Choose Card From Keywords,keywords,isolation,major_07_chariot|major_02_high_priestess|major_03_empress|major_09_hermit,1,easy,First exposure: full keyword list -> card art
207,4,29,5,major_07_chariot,The Chariot,major,True,2,standard,U4-S29-N2,A2,Choose Meaning From Card,card_art_to_description_condensed,isolation,major_07_chariot|major_02_high_priestess|major_03_empress|major_09_hermit,1,easy,Reverse direction: card art -> matching description
208,4,29,5,major_07_chariot,The Chariot,major,True,3,standard,U4-S29-N3,A7,Symbol Selection From Label,label_to_symbol_icon,isolation,major_07_chariot,1,easy,New symbol taught: Zodiac Sign - Cancer
209,4,29,5,major_07_chariot,The Chariot,major,True,4,standard,U4-S29-N4,A2,Choose Meaning From Card,collated_talking_points,near_context,major_07_chariot|minor_swords_king|major_02_high_priestess|major_03_empress,1,easy_plus_one_known,Third text form of the same new card; distractor pool starts folding in one known card once available
210,4,29,5,major_07_chariot,The Chariot,major,True,5,standard,U4-S29-N5,A3,Major/Minor Arcana ID,card_art_grid,standing_skill,major_07_chariot|minor_swords_king|minor_swords_queen,3,n/a,"Major/Minor sorting - visual/structural skill, recurs unchanged every section"
211,4,29,5,major_07_chariot,The Chariot,major,True,6,standard,U4-S29-N6,B,True/False Talking Point,mixed_card_statements,interleave_review,major_07_chariot|minor_swords_king,2,n/a,True/False statements drawn from the new card plus recently taught cards
212,4,29,5,major_07_chariot,The Chariot,major,True,7,standard,U4-S29-N7,C,Board Matching,tile_grid,interleave_review,major_07_chariot|minor_swords_king|minor_swords_queen|minor_swords_knight,4,n/a,"Closing review: new card tiled against recently taught cards, grid grows over the course"
213,4,30,6,major_09_hermit,The Hermit,major,True,1,standard,U4-S30-N1,A1,Choose Card From Keywords,keywords,isolation,major_09_hermit|major_16_tower|major_00_fool|minor_wands_knight,1,easy,First exposure: full keyword list -> card art
214,4,30,6,major_09_hermit,The Hermit,major,True,2,standard,U4-S30-N2,A2,Choose Meaning From Card,card_art_to_description_condensed,isolation,major_09_hermit|major_16_tower|major_00_fool|minor_wands_knight,1,easy,Reverse direction: card art -> matching description
215,4,30,6,major_09_hermit,The Hermit,major,True,3,standard,U4-S30-N3,A4,Symbol Identification,card_art_to_symbol_name,isolation,major_09_hermit,1,easy,New symbol taught: Zodiac Sign - Virgo
216,4,30,6,major_09_hermit,The Hermit,major,True,4,standard,U4-S30-N4,A2,Choose Meaning From Card,collated_talking_points,near_context,major_09_hermit|major_07_chariot|major_16_tower|major_00_fool,1,easy_plus_one_known,Third text form of the same new card; distractor pool starts folding in one known card once available
217,4,30,6,major_09_hermit,The Hermit,major,True,5,standard,U4-S30-N5,A3,Major/Minor Arcana ID,card_art_grid,standing_skill,major_09_hermit|major_07_chariot|minor_swords_king,3,n/a,"Major/Minor sorting - visual/structural skill, recurs unchanged every section"
218,4,30,6,major_09_hermit,The Hermit,major,True,6,standard,U4-S30-N6,B,True/False Talking Point,mixed_card_statements,interleave_review,major_09_hermit|major_07_chariot,2,n/a,True/False statements drawn from the new card plus recently taught cards
219,4,30,6,major_09_hermit,The Hermit,major,True,7,standard,U4-S30-N7,C,Board Matching,tile_grid,interleave_review,major_09_hermit|major_07_chariot|minor_swords_king|minor_swords_queen,4,n/a,"Closing review: new card tiled against recently taught cards, grid grows over the course"
220,4,31,7,major_10_wheel_of_fortune,The Wheel of Fortune,major,True,1,standard,U4-S31-N1,A1,Choose Card From Keywords,keywords,isolation,major_10_wheel_of_fortune|major_19_sun|major_09_hermit|major_01_magician,1,easy,First exposure: full keyword list -> card art
221,4,31,7,major_10_wheel_of_fortune,The Wheel of Fortune,major,True,2,standard,U4-S31-N2,A2,Choose Meaning From Card,card_art_to_description_condensed,isolation,major_10_wheel_of_fortune|major_19_sun|major_09_hermit|major_01_magician,1,easy,Reverse direction: card art -> matching description
222,4,31,7,major_10_wheel_of_fortune,The Wheel of Fortune,major,True,3,standard,U4-S31-N3,A5,Symbol Meaning Match,meaning_phrase_to_symbol,isolation,major_10_wheel_of_fortune,1,easy,New symbol taught: Planet - Jupiter
223,4,31,7,major_10_wheel_of_fortune,The Wheel of Fortune,major,True,4,standard,U4-S31-N4,A2,Choose Meaning From Card,collated_talking_points,near_context,major_10_wheel_of_fortune|major_09_hermit|major_19_sun|major_09_hermit,1,easy_plus_one_known,Third text form of the same new card; distractor pool starts folding in one known card once available
224,4,31,7,major_10_wheel_of_fortune,The Wheel of Fortune,major,True,5,standard,U4-S31-N5,A3,Major/Minor Arcana ID,card_art_grid,standing_skill,major_10_wheel_of_fortune|major_09_hermit|major_07_chariot|minor_swords_king,4,n/a,"Major/Minor sorting - visual/structural skill, recurs unchanged every section"
225,4,31,7,major_10_wheel_of_fortune,The Wheel of Fortune,major,True,6,standard,U4-S31-N6,B,True/False Talking Point,mixed_card_statements,interleave_review,major_10_wheel_of_fortune|major_09_hermit|major_07_chariot,3,n/a,True/False statements drawn from the new card plus recently taught cards
226,4,31,7,major_10_wheel_of_fortune,The Wheel of Fortune,major,True,7,standard,U4-S31-N7,C,Board Matching,tile_grid,interleave_review,major_10_wheel_of_fortune|major_09_hermit|major_07_chariot|minor_swords_king,4,n/a,"Closing review: new card tiled against recently taught cards, grid grows over the course"
227,4,32,8,major_13_death,Death,major,True,1,standard,U4-S32-N1,A1,Choose Card From Keywords,keywords,isolation,major_13_death|major_19_sun|major_01_magician|minor_wands_06,1,easy,First exposure: full keyword list -> card art
228,4,32,8,major_13_death,Death,major,True,2,standard,U4-S32-N2,A2,Choose Meaning From Card,card_art_to_description_condensed,isolation,major_13_death|major_19_sun|major_01_magician|minor_wands_06,1,easy,Reverse direction: card art -> matching description
229,4,32,8,major_13_death,Death,major,True,3,standard,U4-S32-N3,A7,Symbol Selection From Label,label_to_symbol_icon,isolation,major_13_death,1,easy,New symbol taught: Zodiac Sign - Scorpio
230,4,32,8,major_13_death,Death,major,True,4,standard,U4-S32-N4,A2,Choose Meaning From Card,collated_talking_points,near_context,major_13_death|major_10_wheel_of_fortune|major_19_sun|major_01_magician,1,easy_plus_one_known,Third text form of the same new card; distractor pool starts folding in one known card once available
231,4,32,8,major_13_death,Death,major,True,5,standard,U4-S32-N5,A3,Major/Minor Arcana ID,card_art_grid,standing_skill,major_13_death|major_10_wheel_of_fortune|major_09_hermit|major_07_chariot,4,n/a,"Major/Minor sorting - visual/structural skill, recurs unchanged every section"
232,4,32,8,major_13_death,Death,major,True,6,standard,U4-S32-N6,B,True/False Talking Point,mixed_card_statements,interleave_review,major_13_death|major_10_wheel_of_fortune|major_09_hermit,3,n/a,True/False statements drawn from the new card plus recently taught cards
233,4,32,8,major_13_death,Death,major,True,7,standard,U4-S32-N7,C,Board Matching,tile_grid,interleave_review,major_13_death|major_10_wheel_of_fortune|major_09_hermit|major_07_chariot,4,n/a,"Closing review: new card tiled against recently taught cards, grid grows over the course"
234,4,32,8,major_13_death,Death,major,False,8,throwback,U4-S32-THROWBACK-N8,C,Board Matching,tile_grid,throwback_review,minor_cups_page|minor_wands_ace|major_03_empress,3,n/a,"Deliberately NOT recency-biased: pulls the 3 cards least recently seen (gap of 16-17 sections since last exposure), independent of the new card"
235,4,32,RECAP,,Unit 4 Recap,mixed,False,1,unit_recap,U4-S32-UNIT_RECAP-N1,C,Board Matching,tile_grid,unit_recap,minor_swords_page|minor_swords_knight|minor_swords_queen|minor_swords_king|major_07_chariot|major_09_hermit|major_10_wheel_of_fortune|major_13_death,8,n/a,"End-of-unit checkpoint: boards every card from Unit 4 against each other, no new card introduced"
236,5,33,1,major_15_devil,The Devil,major,True,1,standard,U5-S33-N1,A1,Choose Card From Keywords,keywords,isolation,major_15_devil|major_00_fool|major_01_magician|major_07_chariot,1,easy,First exposure: full keyword list -> card art
237,5,33,1,major_15_devil,The Devil,major,True,2,standard,U5-S33-N2,A2,Choose Meaning From Card,card_art_to_description_condensed,isolation,major_15_devil|major_00_fool|major_01_magician|major_07_chariot,1,easy,Reverse direction: card art -> matching description
238,5,33,1,major_15_devil,The Devil,major,True,3,standard,U5-S33-N3,A4,Symbol Identification,card_art_to_symbol_name,isolation,major_15_devil,1,easy,New symbol taught: Zodiac Sign - Capricorn
239,5,33,1,major_15_devil,The Devil,major,True,4,standard,U5-S33-N4,A2,Choose Meaning From Card,collated_talking_points,near_context,major_15_devil|major_13_death|major_00_fool|major_01_magician,1,easy_plus_one_known,Third text form of the same new card; distractor pool starts folding in one known card once available
240,5,33,1,major_15_devil,The Devil,major,True,5,standard,U5-S33-N5,A3,Major/Minor Arcana ID,card_art_grid,standing_skill,major_15_devil|major_13_death|major_10_wheel_of_fortune|major_09_hermit,4,n/a,"Major/Minor sorting - visual/structural skill, recurs unchanged every section"
241,5,33,1,major_15_devil,The Devil,major,True,6,standard,U5-S33-N6,B,True/False Talking Point,mixed_card_statements,interleave_review,major_15_devil|major_13_death|major_10_wheel_of_fortune,3,n/a,True/False statements drawn from the new card plus recently taught cards
242,5,33,1,major_15_devil,The Devil,major,True,7,standard,U5-S33-N7,C,Board Matching,tile_grid,interleave_review,major_15_devil|major_13_death|major_10_wheel_of_fortune|major_09_hermit,4,n/a,"Closing review: new card tiled against recently taught cards, grid grows over the course"
243,5,34,2,major_16_tower,The Tower,major,True,1,standard,U5-S34-N1,A1,Choose Card From Keywords,keywords,isolation,major_16_tower|major_09_hermit|minor_cups_10|major_19_sun,1,easy,First exposure: full keyword list -> card art
244,5,34,2,major_16_tower,The Tower,major,True,2,standard,U5-S34-N2,A2,Choose Meaning From Card,card_art_to_description_condensed,isolation,major_16_tower|major_09_hermit|minor_cups_10|major_19_sun,1,easy,Reverse direction: card art -> matching description
245,5,34,2,major_16_tower,The Tower,major,True,3,standard,U5-S34-N3,A5,Symbol Meaning Match,meaning_phrase_to_symbol,isolation,major_16_tower,1,easy,New symbol taught: Planet - Mars
246,5,34,2,major_16_tower,The Tower,major,True,4,standard,U5-S34-N4,A2,Choose Meaning From Card,collated_talking_points,near_context,major_16_tower|major_15_devil|major_09_hermit|minor_cups_10,1,easy_plus_one_known,Third text form of the same new card; distractor pool starts folding in one known card once available
247,5,34,2,major_16_tower,The Tower,major,True,5,standard,U5-S34-N5,A3,Major/Minor Arcana ID,card_art_grid,standing_skill,major_16_tower|major_15_devil|major_13_death|major_10_wheel_of_fortune,4,n/a,"Major/Minor sorting - visual/structural skill, recurs unchanged every section"
248,5,34,2,major_16_tower,The Tower,major,True,6,standard,U5-S34-N6,B,True/False Talking Point,mixed_card_statements,interleave_review,major_16_tower|major_15_devil|major_13_death,3,n/a,True/False statements drawn from the new card plus recently taught cards
249,5,34,2,major_16_tower,The Tower,major,True,7,standard,U5-S34-N7,C,Board Matching,tile_grid,interleave_review,major_16_tower|major_15_devil|major_13_death|major_10_wheel_of_fortune,4,n/a,"Closing review: new card tiled against recently taught cards, grid grows over the course"
250,5,35,3,major_17_star,The Star,major,True,1,standard,U5-S35-N1,A1,Choose Card From Keywords,keywords,isolation,major_17_star|major_16_tower|major_07_chariot|major_12_hanged_man,1,easy,First exposure: full keyword list -> card art
251,5,35,3,major_17_star,The Star,major,True,2,standard,U5-S35-N2,A2,Choose Meaning From Card,card_art_to_description_condensed,isolation,major_17_star|major_16_tower|major_07_chariot|major_12_hanged_man,1,easy,Reverse direction: card art -> matching description
252,5,35,3,major_17_star,The Star,major,True,3,standard,U5-S35-N3,A7,Symbol Selection From Label,label_to_symbol_icon,isolation,major_17_star,1,easy,New symbol taught: Zodiac Sign - Aquarius
253,5,35,3,major_17_star,The Star,major,True,4,standard,U5-S35-N4,A2,Choose Meaning From Card,collated_talking_points,near_context,major_17_star|major_16_tower|major_16_tower|major_07_chariot,1,easy_plus_one_known,Third text form of the same new card; distractor pool starts folding in one known card once available
254,5,35,3,major_17_star,The Star,major,True,5,standard,U5-S35-N5,A3,Major/Minor Arcana ID,card_art_grid,standing_skill,major_17_star|major_16_tower|major_15_devil|major_13_death,4,n/a,"Major/Minor sorting - visual/structural skill, recurs unchanged every section"
255,5,35,3,major_17_star,The Star,major,True,6,standard,U5-S35-N6,B,True/False Talking Point,mixed_card_statements,interleave_review,major_17_star|major_16_tower|major_15_devil,3,n/a,True/False statements drawn from the new card plus recently taught cards
256,5,35,3,major_17_star,The Star,major,True,7,standard,U5-S35-N7,C,Board Matching,tile_grid,interleave_review,major_17_star|major_16_tower|major_15_devil|major_13_death,4,n/a,"Closing review: new card tiled against recently taught cards, grid grows over the course"
257,5,36,4,major_21_world,The World,major,True,1,standard,U5-S36-N1,A1,Choose Card From Keywords,keywords,isolation,major_21_world|major_16_tower|major_12_hanged_man|major_18_moon,1,easy,First exposure: full keyword list -> card art
258,5,36,4,major_21_world,The World,major,True,2,standard,U5-S36-N2,A2,Choose Meaning From Card,card_art_to_description_condensed,isolation,major_21_world|major_16_tower|major_12_hanged_man|major_18_moon,1,easy,Reverse direction: card art -> matching description
259,5,36,4,major_21_world,The World,major,True,3,standard,U5-S36-N3,A4,Symbol Identification,card_art_to_symbol_name,isolation,major_21_world,1,easy,New symbol taught: Planet - Saturn
260,5,36,4,major_21_world,The World,major,True,4,standard,U5-S36-N4,A2,Choose Meaning From Card,collated_talking_points,near_context,major_21_world|major_17_star|major_16_tower|major_12_hanged_man,1,easy_plus_one_known,Third text form of the same new card; distractor pool starts folding in one known card once available
261,5,36,4,major_21_world,The World,major,True,5,standard,U5-S36-N5,A3,Major/Minor Arcana ID,card_art_grid,standing_skill,major_21_world|major_17_star|major_16_tower|major_15_devil,4,n/a,"Major/Minor sorting - visual/structural skill, recurs unchanged every section"
262,5,36,4,major_21_world,The World,major,True,6,standard,U5-S36-N6,B,True/False Talking Point,mixed_card_statements,interleave_review,major_21_world|major_17_star|major_16_tower,3,n/a,True/False statements drawn from the new card plus recently taught cards
263,5,36,4,major_21_world,The World,major,True,7,standard,U5-S36-N7,C,Board Matching,tile_grid,interleave_review,major_21_world|major_17_star|major_16_tower|major_15_devil,4,n/a,"Closing review: new card tiled against recently taught cards, grid grows over the course"
264,5,36,4,major_21_world,The World,major,False,8,throwback,U5-S36-THROWBACK-N8,B,True/False Talking Point,mixed_card_statements,throwback_review,major_04_emperor|minor_cups_knight|minor_cups_queen,3,n/a,"Deliberately NOT recency-biased: pulls the 3 cards least recently seen (gap of 19-20 sections since last exposure), independent of the new card"
265,5,37,5,minor_swords_03,Three of Swords,minor,False,1,standard,U5-S37-N1,A1,Choose Card From Keywords,keywords,isolation,minor_swords_03|major_19_sun|major_01_magician|minor_wands_06,1,easy,First exposure: full keyword list -> card art
266,5,37,5,minor_swords_03,Three of Swords,minor,False,2,standard,U5-S37-N2,A2,Choose Meaning From Card,card_art_to_description_condensed,isolation,minor_swords_03|major_19_sun|major_01_magician|minor_wands_06,1,easy,Reverse direction: card art -> matching description
267,5,37,5,minor_swords_03,Three of Swords,minor,False,3,standard,U5-S37-N3,A1,Choose Card From Keywords,description_anonymized,isolation,minor_swords_03|major_19_sun|major_01_magician|minor_wands_06,1,easy,Second anchor variant of the same new card (no new symbol this section)
268,5,37,5,minor_swords_03,Three of Swords,minor,False,4,standard,U5-S37-N4,A2,Choose Meaning From Card,collated_talking_points,near_context,minor_swords_03|major_21_world|major_19_sun|major_01_magician,1,easy_plus_one_known,Third text form of the same new card; distractor pool starts folding in one known card once available
269,5,37,5,minor_swords_03,Three of Swords,minor,False,5,standard,U5-S37-N5,A3,Major/Minor Arcana ID,card_art_grid,standing_skill,minor_swords_03|major_21_world|major_17_star|major_16_tower,4,n/a,"Major/Minor sorting - visual/structural skill, recurs unchanged every section"
270,5,37,5,minor_swords_03,Three of Swords,minor,False,6,standard,U5-S37-N6,B,True/False Talking Point,mixed_card_statements,interleave_review,minor_swords_03|major_21_world|major_17_star,3,n/a,True/False statements drawn from the new card plus recently taught cards
271,5,37,5,minor_swords_03,Three of Swords,minor,False,7,standard,U5-S37-N7,C,Board Matching,tile_grid,interleave_review,minor_swords_03|major_21_world|major_17_star|major_16_tower,4,n/a,"Closing review: new card tiled against recently taught cards, grid grows over the course"
272,5,38,6,minor_cups_10,Ten of Cups,minor,False,1,standard,U5-S38-N1,A1,Choose Card From Keywords,keywords,isolation,minor_cups_10|major_16_tower|major_12_hanged_man|major_18_moon,1,easy,First exposure: full keyword list -> card art
273,5,38,6,minor_cups_10,Ten of Cups,minor,False,2,standard,U5-S38-N2,A2,Choose Meaning From Card,card_art_to_description_condensed,isolation,minor_cups_10|major_16_tower|major_12_hanged_man|major_18_moon,1,easy,Reverse direction: card art -> matching description
274,5,38,6,minor_cups_10,Ten of Cups,minor,False,3,standard,U5-S38-N3,A1,Choose Card From Keywords,description_anonymized,isolation,minor_cups_10|major_16_tower|major_12_hanged_man|major_18_moon,1,easy,Second anchor variant of the same new card (no new symbol this section)
275,5,38,6,minor_cups_10,Ten of Cups,minor,False,4,standard,U5-S38-N4,A2,Choose Meaning From Card,collated_talking_points,near_context,minor_cups_10|minor_swords_03|major_16_tower|major_12_hanged_man,1,easy_plus_one_known,Third text form of the same new card; distractor pool starts folding in one known card once available
276,5,38,6,minor_cups_10,Ten of Cups,minor,False,5,standard,U5-S38-N5,A3,Major/Minor Arcana ID,card_art_grid,standing_skill,minor_cups_10|minor_swords_03|major_21_world|major_17_star,4,n/a,"Major/Minor sorting - visual/structural skill, recurs unchanged every section"
277,5,38,6,minor_cups_10,Ten of Cups,minor,False,6,standard,U5-S38-N6,B,True/False Talking Point,mixed_card_statements,interleave_review,minor_cups_10|minor_swords_03|major_21_world,3,n/a,True/False statements drawn from the new card plus recently taught cards
278,5,38,6,minor_cups_10,Ten of Cups,minor,False,7,standard,U5-S38-N7,C,Board Matching,tile_grid,interleave_review,minor_cups_10|minor_swords_03|major_21_world|major_17_star|major_16_tower,5,n/a,"Closing review: new card tiled against recently taught cards, grid grows over the course"
279,5,39,7,minor_swords_10,Ten of Swords,minor,False,1,standard,U5-S39-N1,A1,Choose Card From Keywords,keywords,isolation,minor_swords_10|major_19_sun|major_01_magician|minor_wands_06,1,easy,First exposure: full keyword list -> card art
280,5,39,7,minor_swords_10,Ten of Swords,minor,False,2,standard,U5-S39-N2,A2,Choose Meaning From Card,card_art_to_description_condensed,isolation,minor_swords_10|major_19_sun|major_01_magician|minor_wands_06,1,easy,Reverse direction: card art -> matching description
281,5,39,7,minor_swords_10,Ten of Swords,minor,False,3,standard,U5-S39-N3,A1,Choose Card From Keywords,description_anonymized,isolation,minor_swords_10|major_19_sun|major_01_magician|minor_wands_06,1,easy,Second anchor variant of the same new card (no new symbol this section)
282,5,39,7,minor_swords_10,Ten of Swords,minor,False,4,standard,U5-S39-N4,A2,Choose Meaning From Card,collated_talking_points,near_context,minor_swords_10|minor_cups_10|major_19_sun|major_01_magician,1,easy_plus_one_known,Third text form of the same new card; distractor pool starts folding in one known card once available
283,5,39,7,minor_swords_10,Ten of Swords,minor,False,5,standard,U5-S39-N5,A3,Major/Minor Arcana ID,card_art_grid,standing_skill,minor_swords_10|minor_cups_10|minor_swords_03|major_21_world,4,n/a,"Major/Minor sorting - visual/structural skill, recurs unchanged every section"
284,5,39,7,minor_swords_10,Ten of Swords,minor,False,6,standard,U5-S39-N6,B,True/False Talking Point,mixed_card_statements,interleave_review,minor_swords_10|minor_cups_10|minor_swords_03,3,n/a,True/False statements drawn from the new card plus recently taught cards
285,5,39,7,minor_swords_10,Ten of Swords,minor,False,7,standard,U5-S39-N7,C,Board Matching,tile_grid,interleave_review,minor_swords_10|minor_cups_10|minor_swords_03|major_21_world|major_17_star,5,n/a,"Closing review: new card tiled against recently taught cards, grid grows over the course"
286,5,40,8,minor_pentacles_10,Ten of Pentacles,minor,False,1,standard,U5-S40-N1,A1,Choose Card From Keywords,keywords,isolation,minor_pentacles_10|major_12_hanged_man|major_16_tower|major_18_moon,1,easy,First exposure: full keyword list -> card art
287,5,40,8,minor_pentacles_10,Ten of Pentacles,minor,False,2,standard,U5-S40-N2,A2,Choose Meaning From Card,card_art_to_description_condensed,isolation,minor_pentacles_10|major_12_hanged_man|major_16_tower|major_18_moon,1,easy,Reverse direction: card art -> matching description
288,5,40,8,minor_pentacles_10,Ten of Pentacles,minor,False,3,standard,U5-S40-N3,A1,Choose Card From Keywords,description_anonymized,isolation,minor_pentacles_10|major_12_hanged_man|major_16_tower|major_18_moon,1,easy,Second anchor variant of the same new card (no new symbol this section)
289,5,40,8,minor_pentacles_10,Ten of Pentacles,minor,False,4,standard,U5-S40-N4,A2,Choose Meaning From Card,collated_talking_points,near_context,minor_pentacles_10|minor_swords_10|major_12_hanged_man|major_16_tower,1,easy_plus_one_known,Third text form of the same new card; distractor pool starts folding in one known card once available
290,5,40,8,minor_pentacles_10,Ten of Pentacles,minor,False,5,standard,U5-S40-N5,A3,Major/Minor Arcana ID,card_art_grid,standing_skill,minor_pentacles_10|minor_swords_10|minor_cups_10|minor_swords_03,4,n/a,"Major/Minor sorting - visual/structural skill, recurs unchanged every section"
291,5,40,8,minor_pentacles_10,Ten of Pentacles,minor,False,6,standard,U5-S40-N6,B,True/False Talking Point,mixed_card_statements,interleave_review,minor_pentacles_10|minor_swords_10|minor_cups_10,3,n/a,True/False statements drawn from the new card plus recently taught cards
292,5,40,8,minor_pentacles_10,Ten of Pentacles,minor,False,7,standard,U5-S40-N7,C,Board Matching,tile_grid,interleave_review,minor_pentacles_10|minor_swords_10|minor_cups_10|minor_swords_03|major_21_world,5,n/a,"Closing review: new card tiled against recently taught cards, grid grows over the course"
293,5,40,8,minor_pentacles_10,Ten of Pentacles,minor,False,8,throwback,U5-S40-THROWBACK-N8,C,Board Matching,tile_grid,throwback_review,minor_cups_king|minor_wands_page|minor_pentacles_ace,3,n/a,"Deliberately NOT recency-biased: pulls the 3 cards least recently seen (gap of 20-22 sections since last exposure), independent of the new card"
294,5,40,RECAP,,Unit 5 Recap,mixed,False,1,unit_recap,U5-S40-UNIT_RECAP-N1,C,Board Matching,tile_grid,unit_recap,major_15_devil|major_16_tower|major_17_star|major_21_world|minor_swords_03|minor_cups_10|minor_swords_10|minor_pentacles_10,8,n/a,"End-of-unit checkpoint: boards every card from Unit 5 against each other, no new card introduced"
295,6,41,1,minor_cups_02,Two of Cups,minor,False,1,standard,U6-S41-N1,A1,Choose Card From Keywords,keywords,isolation,minor_cups_02|major_12_hanged_man|major_16_tower|major_18_moon,1,easy,First exposure: full keyword list -> card art
296,6,41,1,minor_cups_02,Two of Cups,minor,False,2,standard,U6-S41-N2,A2,Choose Meaning From Card,card_art_to_description_condensed,isolation,minor_cups_02|major_12_hanged_man|major_16_tower|major_18_moon,1,easy,Reverse direction: card art -> matching description
297,6,41,1,minor_cups_02,Two of Cups,minor,False,3,standard,U6-S41-N3,A1,Choose Card From Keywords,description_anonymized,isolation,minor_cups_02|major_12_hanged_man|major_16_tower|major_18_moon,1,easy,Second anchor variant of the same new card (no new symbol this section)
298,6,41,1,minor_cups_02,Two of Cups,minor,False,4,standard,U6-S41-N4,A2,Choose Meaning From Card,collated_talking_points,near_context,minor_cups_02|minor_pentacles_10|major_12_hanged_man|major_16_tower,1,easy_plus_one_known,Third text form of the same new card; distractor pool starts folding in one known card once available
299,6,41,1,minor_cups_02,Two of Cups,minor,False,5,standard,U6-S41-N5,A3,Major/Minor Arcana ID,card_art_grid,standing_skill,minor_cups_02|minor_pentacles_10|minor_swords_10|minor_cups_10|minor_swords_03,5,n/a,"Major/Minor sorting - visual/structural skill, recurs unchanged every section"
300,6,41,1,minor_cups_02,Two of Cups,minor,False,6,standard,U6-S41-N6,B,True/False Talking Point,mixed_card_statements,interleave_review,minor_cups_02|minor_pentacles_10|minor_swords_10,3,n/a,True/False statements drawn from the new card plus recently taught cards
301,6,41,1,minor_cups_02,Two of Cups,minor,False,7,standard,U6-S41-N7,C,Board Matching,tile_grid,interleave_review,minor_cups_02|minor_pentacles_10|minor_swords_10|minor_cups_10|minor_swords_03,5,n/a,"Closing review: new card tiled against recently taught cards, grid grows over the course"
302,6,42,2,minor_cups_03,Three of Cups,minor,False,1,standard,U6-S42-N1,A1,Choose Card From Keywords,keywords,isolation,minor_cups_03|major_12_hanged_man|major_16_tower|major_18_moon,1,easy,First exposure: full keyword list -> card art
303,6,42,2,minor_cups_03,Three of Cups,minor,False,2,standard,U6-S42-N2,A2,Choose Meaning From Card,card_art_to_description_condensed,isolation,minor_cups_03|major_12_hanged_man|major_16_tower|major_18_moon,1,easy,Reverse direction: card art -> matching description
304,6,42,2,minor_cups_03,Three of Cups,minor,False,3,standard,U6-S42-N3,A1,Choose Card From Keywords,description_anonymized,isolation,minor_cups_03|major_12_hanged_man|major_16_tower|major_18_moon,1,easy,Second anchor variant of the same new card (no new symbol this section)
305,6,42,2,minor_cups_03,Three of Cups,minor,False,4,standard,U6-S42-N4,A2,Choose Meaning From Card,collated_talking_points,near_context,minor_cups_03|minor_cups_02|major_12_hanged_man|major_16_tower,1,easy_plus_one_known,Third text form of the same new card; distractor pool starts folding in one known card once available
306,6,42,2,minor_cups_03,Three of Cups,minor,False,5,standard,U6-S42-N5,A3,Major/Minor Arcana ID,card_art_grid,standing_skill,minor_cups_03|minor_cups_02|minor_pentacles_10|minor_swords_10|minor_cups_10,5,n/a,"Major/Minor sorting - visual/structural skill, recurs unchanged every section"
307,6,42,2,minor_cups_03,Three of Cups,minor,False,6,standard,U6-S42-N6,B,True/False Talking Point,mixed_card_statements,interleave_review,minor_cups_03|minor_cups_02|minor_pentacles_10,3,n/a,True/False statements drawn from the new card plus recently taught cards
308,6,42,2,minor_cups_03,Three of Cups,minor,False,7,standard,U6-S42-N7,C,Board Matching,tile_grid,interleave_review,minor_cups_03|minor_cups_02|minor_pentacles_10|minor_swords_10|minor_cups_10,5,n/a,"Closing review: new card tiled against recently taught cards, grid grows over the course"
309,6,43,3,minor_cups_04,Four of Cups,minor,False,1,standard,U6-S43-N1,A1,Choose Card From Keywords,keywords,isolation,minor_cups_04|major_19_sun|major_03_empress|major_00_fool,1,easy,First exposure: full keyword list -> card art
310,6,43,3,minor_cups_04,Four of Cups,minor,False,2,standard,U6-S43-N2,A2,Choose Meaning From Card,card_art_to_description_condensed,isolation,minor_cups_04|major_19_sun|major_03_empress|major_00_fool,1,easy,Reverse direction: card art -> matching description
311,6,43,3,minor_cups_04,Four of Cups,minor,False,3,standard,U6-S43-N3,A1,Choose Card From Keywords,description_anonymized,isolation,minor_cups_04|major_19_sun|major_03_empress|major_00_fool,1,easy,Second anchor variant of the same new card (no new symbol this section)
312,6,43,3,minor_cups_04,Four of Cups,minor,False,4,standard,U6-S43-N4,A2,Choose Meaning From Card,collated_talking_points,near_context,minor_cups_04|minor_cups_03|major_19_sun|major_03_empress,1,easy_plus_one_known,Third text form of the same new card; distractor pool starts folding in one known card once available
313,6,43,3,minor_cups_04,Four of Cups,minor,False,5,standard,U6-S43-N5,A3,Major/Minor Arcana ID,card_art_grid,standing_skill,minor_cups_04|minor_cups_03|minor_cups_02|minor_pentacles_10|minor_swords_10,5,n/a,"Major/Minor sorting - visual/structural skill, recurs unchanged every section"
314,6,43,3,minor_cups_04,Four of Cups,minor,False,6,standard,U6-S43-N6,B,True/False Talking Point,mixed_card_statements,interleave_review,minor_cups_04|minor_cups_03|minor_cups_02,3,n/a,True/False statements drawn from the new card plus recently taught cards
315,6,43,3,minor_cups_04,Four of Cups,minor,False,7,standard,U6-S43-N7,C,Board Matching,tile_grid,interleave_review,minor_cups_04|minor_cups_03|minor_cups_02|minor_pentacles_10|minor_swords_10,5,n/a,"Closing review: new card tiled against recently taught cards, grid grows over the course"
316,6,44,4,minor_cups_05,Five of Cups,minor,False,1,standard,U6-S44-N1,A1,Choose Card From Keywords,keywords,isolation,minor_cups_05|major_19_sun|major_01_magician|minor_wands_06,1,easy,First exposure: full keyword list -> card art
317,6,44,4,minor_cups_05,Five of Cups,minor,False,2,standard,U6-S44-N2,A2,Choose Meaning From Card,card_art_to_description_condensed,isolation,minor_cups_05|major_19_sun|major_01_magician|minor_wands_06,1,easy,Reverse direction: card art -> matching description
318,6,44,4,minor_cups_05,Five of Cups,minor,False,3,standard,U6-S44-N3,A1,Choose Card From Keywords,description_anonymized,isolation,minor_cups_05|major_19_sun|major_01_magician|minor_wands_06,1,easy,Second anchor variant of the same new card (no new symbol this section)
319,6,44,4,minor_cups_05,Five of Cups,minor,False,4,standard,U6-S44-N4,A2,Choose Meaning From Card,collated_talking_points,near_context,minor_cups_05|minor_cups_04|major_19_sun|major_01_magician,1,easy_plus_one_known,Third text form of the same new card; distractor pool starts folding in one known card once available
320,6,44,4,minor_cups_05,Five of Cups,minor,False,5,standard,U6-S44-N5,A3,Major/Minor Arcana ID,card_art_grid,standing_skill,minor_cups_05|minor_cups_04|minor_cups_03|minor_cups_02|minor_pentacles_10,5,n/a,"Major/Minor sorting - visual/structural skill, recurs unchanged every section"
321,6,44,4,minor_cups_05,Five of Cups,minor,False,6,standard,U6-S44-N6,B,True/False Talking Point,mixed_card_statements,interleave_review,minor_cups_05|minor_cups_04|minor_cups_03,3,n/a,True/False statements drawn from the new card plus recently taught cards
322,6,44,4,minor_cups_05,Five of Cups,minor,False,7,standard,U6-S44-N7,C,Board Matching,tile_grid,interleave_review,minor_cups_05|minor_cups_04|minor_cups_03|minor_cups_02|minor_pentacles_10,5,n/a,"Closing review: new card tiled against recently taught cards, grid grows over the course"
323,6,44,4,minor_cups_05,Five of Cups,minor,False,8,throwback,U6-S44-THROWBACK-N8,B,True/False Talking Point,mixed_card_statements,throwback_review,major_06_lovers|minor_swords_ace|minor_wands_knight,3,n/a,"Deliberately NOT recency-biased: pulls the 3 cards least recently seen (gap of 24-24 sections since last exposure), independent of the new card"
324,6,45,5,minor_cups_06,Six of Cups,minor,False,1,standard,U6-S45-N1,A1,Choose Card From Keywords,keywords,isolation,minor_cups_06|major_16_tower|major_00_fool|major_07_chariot,1,easy,First exposure: full keyword list -> card art
325,6,45,5,minor_cups_06,Six of Cups,minor,False,2,standard,U6-S45-N2,A2,Choose Meaning From Card,card_art_to_description_condensed,isolation,minor_cups_06|major_16_tower|major_00_fool|major_07_chariot,1,easy,Reverse direction: card art -> matching description
326,6,45,5,minor_cups_06,Six of Cups,minor,False,3,standard,U6-S45-N3,A1,Choose Card From Keywords,description_anonymized,isolation,minor_cups_06|major_16_tower|major_00_fool|major_07_chariot,1,easy,Second anchor variant of the same new card (no new symbol this section)
327,6,45,5,minor_cups_06,Six of Cups,minor,False,4,standard,U6-S45-N4,A2,Choose Meaning From Card,collated_talking_points,near_context,minor_cups_06|minor_cups_05|major_16_tower|major_00_fool,1,easy_plus_one_known,Third text form of the same new card; distractor pool starts folding in one known card once available
328,6,45,5,minor_cups_06,Six of Cups,minor,False,5,standard,U6-S45-N5,A3,Major/Minor Arcana ID,card_art_grid,standing_skill,minor_cups_06|minor_cups_05|minor_cups_04|minor_cups_03|minor_cups_02,5,n/a,"Major/Minor sorting - visual/structural skill, recurs unchanged every section"
329,6,45,5,minor_cups_06,Six of Cups,minor,False,6,standard,U6-S45-N6,B,True/False Talking Point,mixed_card_statements,interleave_review,minor_cups_06|minor_cups_05|minor_cups_04,3,n/a,True/False statements drawn from the new card plus recently taught cards
330,6,45,5,minor_cups_06,Six of Cups,minor,False,7,standard,U6-S45-N7,C,Board Matching,tile_grid,interleave_review,minor_cups_06|minor_cups_05|minor_cups_04|minor_cups_03|minor_cups_02,5,n/a,"Closing review: new card tiled against recently taught cards, grid grows over the course"
331,6,46,6,minor_cups_07,Seven of Cups,minor,False,1,standard,U6-S46-N1,A1,Choose Card From Keywords,keywords,isolation,minor_cups_07|major_19_sun|major_01_magician|major_16_tower,1,easy,First exposure: full keyword list -> card art
332,6,46,6,minor_cups_07,Seven of Cups,minor,False,2,standard,U6-S46-N2,A2,Choose Meaning From Card,card_art_to_description_condensed,isolation,minor_cups_07|major_19_sun|major_01_magician|major_16_tower,1,easy,Reverse direction: card art -> matching description
333,6,46,6,minor_cups_07,Seven of Cups,minor,False,3,standard,U6-S46-N3,A1,Choose Card From Keywords,description_anonymized,isolation,minor_cups_07|major_19_sun|major_01_magician|major_16_tower,1,easy,Second anchor variant of the same new card (no new symbol this section)
334,6,46,6,minor_cups_07,Seven of Cups,minor,False,4,standard,U6-S46-N4,A2,Choose Meaning From Card,collated_talking_points,near_context,minor_cups_07|minor_cups_06|major_19_sun|major_01_magician,1,easy_plus_one_known,Third text form of the same new card; distractor pool starts folding in one known card once available
335,6,46,6,minor_cups_07,Seven of Cups,minor,False,5,standard,U6-S46-N5,A3,Major/Minor Arcana ID,card_art_grid,standing_skill,minor_cups_07|minor_cups_06|minor_cups_05|minor_cups_04|minor_cups_03,5,n/a,"Major/Minor sorting - visual/structural skill, recurs unchanged every section"
336,6,46,6,minor_cups_07,Seven of Cups,minor,False,6,standard,U6-S46-N6,B,True/False Talking Point,mixed_card_statements,interleave_review,minor_cups_07|minor_cups_06|minor_cups_05|minor_cups_04,4,n/a,True/False statements drawn from the new card plus recently taught cards
337,6,46,6,minor_cups_07,Seven of Cups,minor,False,7,standard,U6-S46-N7,C,Board Matching,tile_grid,interleave_review,minor_cups_07|minor_cups_06|minor_cups_05|minor_cups_04|minor_cups_03,5,n/a,"Closing review: new card tiled against recently taught cards, grid grows over the course"
338,6,47,7,minor_cups_08,Eight of Cups,minor,False,1,standard,U6-S47-N1,A1,Choose Card From Keywords,keywords,isolation,minor_cups_08|major_19_sun|major_21_world|minor_cups_10,1,easy,First exposure: full keyword list -> card art
339,6,47,7,minor_cups_08,Eight of Cups,minor,False,2,standard,U6-S47-N2,A2,Choose Meaning From Card,card_art_to_description_condensed,isolation,minor_cups_08|major_19_sun|major_21_world|minor_cups_10,1,easy,Reverse direction: card art -> matching description
340,6,47,7,minor_cups_08,Eight of Cups,minor,False,3,standard,U6-S47-N3,A1,Choose Card From Keywords,description_anonymized,isolation,minor_cups_08|major_19_sun|major_21_world|minor_cups_10,1,easy,Second anchor variant of the same new card (no new symbol this section)
341,6,47,7,minor_cups_08,Eight of Cups,minor,False,4,standard,U6-S47-N4,A2,Choose Meaning From Card,collated_talking_points,near_context,minor_cups_08|minor_cups_07|major_19_sun|major_21_world,1,easy_plus_one_known,Third text form of the same new card; distractor pool starts folding in one known card once available
342,6,47,7,minor_cups_08,Eight of Cups,minor,False,5,standard,U6-S47-N5,A3,Major/Minor Arcana ID,card_art_grid,standing_skill,minor_cups_08|minor_cups_07|minor_cups_06|minor_cups_05|minor_cups_04,5,n/a,"Major/Minor sorting - visual/structural skill, recurs unchanged every section"
343,6,47,7,minor_cups_08,Eight of Cups,minor,False,6,standard,U6-S47-N6,B,True/False Talking Point,mixed_card_statements,interleave_review,minor_cups_08|minor_cups_07|minor_cups_06|minor_cups_05,4,n/a,True/False statements drawn from the new card plus recently taught cards
344,6,47,7,minor_cups_08,Eight of Cups,minor,False,7,standard,U6-S47-N7,C,Board Matching,tile_grid,interleave_review,minor_cups_08|minor_cups_07|minor_cups_06|minor_cups_05|minor_cups_04,5,n/a,"Closing review: new card tiled against recently taught cards, grid grows over the course"
345,6,48,8,minor_cups_09,Nine of Cups,minor,False,1,standard,U6-S48-N1,A1,Choose Card From Keywords,keywords,isolation,minor_cups_09|major_16_tower|major_12_hanged_man|major_18_moon,1,easy,First exposure: full keyword list -> card art
346,6,48,8,minor_cups_09,Nine of Cups,minor,False,2,standard,U6-S48-N2,A2,Choose Meaning From Card,card_art_to_description_condensed,isolation,minor_cups_09|major_16_tower|major_12_hanged_man|major_18_moon,1,easy,Reverse direction: card art -> matching description
347,6,48,8,minor_cups_09,Nine of Cups,minor,False,3,standard,U6-S48-N3,A1,Choose Card From Keywords,description_anonymized,isolation,minor_cups_09|major_16_tower|major_12_hanged_man|major_18_moon,1,easy,Second anchor variant of the same new card (no new symbol this section)
348,6,48,8,minor_cups_09,Nine of Cups,minor,False,4,standard,U6-S48-N4,A2,Choose Meaning From Card,collated_talking_points,near_context,minor_cups_09|minor_cups_08|major_16_tower|major_12_hanged_man,1,easy_plus_one_known,Third text form of the same new card; distractor pool starts folding in one known card once available
349,6,48,8,minor_cups_09,Nine of Cups,minor,False,5,standard,U6-S48-N5,A3,Major/Minor Arcana ID,card_art_grid,standing_skill,minor_cups_09|minor_cups_08|minor_cups_07|minor_cups_06|minor_cups_05,5,n/a,"Major/Minor sorting - visual/structural skill, recurs unchanged every section"
350,6,48,8,minor_cups_09,Nine of Cups,minor,False,6,standard,U6-S48-N6,B,True/False Talking Point,mixed_card_statements,interleave_review,minor_cups_09|minor_cups_08|minor_cups_07|minor_cups_06,4,n/a,True/False statements drawn from the new card plus recently taught cards
351,6,48,8,minor_cups_09,Nine of Cups,minor,False,7,standard,U6-S48-N7,C,Board Matching,tile_grid,interleave_review,minor_cups_09|minor_cups_08|minor_cups_07|minor_cups_06|minor_cups_05,5,n/a,"Closing review: new card tiled against recently taught cards, grid grows over the course"
352,6,48,8,minor_cups_09,Nine of Cups,minor,False,8,throwback,U6-S48-THROWBACK-N8,C,Board Matching,tile_grid,throwback_review,minor_wands_queen|minor_wands_king|minor_pentacles_page,3,n/a,"Deliberately NOT recency-biased: pulls the 3 cards least recently seen (gap of 25-27 sections since last exposure), independent of the new card"
353,6,48,RECAP,,Unit 6 Recap,mixed,False,1,unit_recap,U6-S48-UNIT_RECAP-N1,C,Board Matching,tile_grid,unit_recap,minor_cups_02|minor_cups_03|minor_cups_04|minor_cups_05|minor_cups_06|minor_cups_07|minor_cups_08|minor_cups_09,8,n/a,"End-of-unit checkpoint: boards every card from Unit 6 against each other, no new card introduced"
354,6,48,CUMULATIVE,,Cumulative Review after Unit 6,mixed,False,1,cumulative_review,U6-S48-CUMULATIVE_REVIEW-N1,B,True/False Talking Point,mixed_card_statements,cumulative_review,minor_pentacles_ace|major_06_lovers|minor_swords_ace|major_08_strength|major_11_justice|major_19_sun,6,n/a,Reaches back across ALL prior units (not just this one) to the 6 stalest cards overall
355,7,49,1,major_02_high_priestess,The High Priestess,major,True,1,standard,U7-S49-N1,A1,Choose Card From Keywords,keywords,isolation,major_02_high_priestess|major_07_chariot|major_16_tower|major_04_emperor,1,easy,First exposure: full keyword list -> card art
356,7,49,1,major_02_high_priestess,The High Priestess,major,True,2,standard,U7-S49-N2,A2,Choose Meaning From Card,card_art_to_description_condensed,isolation,major_02_high_priestess|major_07_chariot|major_16_tower|major_04_emperor,1,easy,Reverse direction: card art -> matching description
357,7,49,1,major_02_high_priestess,The High Priestess,major,True,3,standard,U7-S49-N3,A5,Symbol Meaning Match,meaning_phrase_to_symbol,isolation,major_02_high_priestess,1,easy,New symbol taught: Planet - Moon
358,7,49,1,major_02_high_priestess,The High Priestess,major,True,4,standard,U7-S49-N4,A2,Choose Meaning From Card,collated_talking_points,near_context,major_02_high_priestess|minor_cups_09|major_07_chariot|major_16_tower,1,easy_plus_one_known,Third text form of the same new card; distractor pool starts folding in one known card once available
359,7,49,1,major_02_high_priestess,The High Priestess,major,True,5,standard,U7-S49-N5,A3,Major/Minor Arcana ID,card_art_grid,standing_skill,major_02_high_priestess|minor_cups_09|minor_cups_08|minor_cups_07|minor_cups_06,5,n/a,"Major/Minor sorting - visual/structural skill, recurs unchanged every section"
360,7,49,1,major_02_high_priestess,The High Priestess,major,True,6,standard,U7-S49-N6,B,True/False Talking Point,mixed_card_statements,interleave_review,major_02_high_priestess|minor_cups_09|minor_cups_08|minor_cups_07,4,n/a,True/False statements drawn from the new card plus recently taught cards
361,7,49,1,major_02_high_priestess,The High Priestess,major,True,7,standard,U7-S49-N7,C,Board Matching,tile_grid,interleave_review,major_02_high_priestess|minor_cups_09|minor_cups_08|minor_cups_07|minor_cups_06,5,n/a,"Closing review: new card tiled against recently taught cards, grid grows over the course"
362,7,50,2,minor_wands_02,Two of Wands,minor,False,1,standard,U7-S50-N1,A1,Choose Card From Keywords,keywords,isolation,minor_wands_02|major_02_high_priestess|major_12_hanged_man|major_18_moon,1,easy,First exposure: full keyword list -> card art
363,7,50,2,minor_wands_02,Two of Wands,minor,False,2,standard,U7-S50-N2,A2,Choose Meaning From Card,card_art_to_description_condensed,isolation,minor_wands_02|major_02_high_priestess|major_12_hanged_man|major_18_moon,1,easy,Reverse direction: card art -> matching description
364,7,50,2,minor_wands_02,Two of Wands,minor,False,3,standard,U7-S50-N3,A1,Choose Card From Keywords,description_anonymized,isolation,minor_wands_02|major_02_high_priestess|major_12_hanged_man|major_18_moon,1,easy,Second anchor variant of the same new card (no new symbol this section)
365,7,50,2,minor_wands_02,Two of Wands,minor,False,4,standard,U7-S50-N4,A2,Choose Meaning From Card,collated_talking_points,near_context,minor_wands_02|major_02_high_priestess|major_02_high_priestess|major_12_hanged_man,1,easy_plus_one_known,Third text form of the same new card; distractor pool starts folding in one known card once available
366,7,50,2,minor_wands_02,Two of Wands,minor,False,5,standard,U7-S50-N5,A3,Major/Minor Arcana ID,card_art_grid,standing_skill,minor_wands_02|major_02_high_priestess|minor_cups_09|minor_cups_08|minor_cups_07,5,n/a,"Major/Minor sorting - visual/structural skill, recurs unchanged every section"
367,7,50,2,minor_wands_02,Two of Wands,minor,False,6,standard,U7-S50-N6,B,True/False Talking Point,mixed_card_statements,interleave_review,minor_wands_02|major_02_high_priestess|minor_cups_09|minor_cups_08,4,n/a,True/False statements drawn from the new card plus recently taught cards
368,7,50,2,minor_wands_02,Two of Wands,minor,False,7,standard,U7-S50-N7,C,Board Matching,tile_grid,interleave_review,minor_wands_02|major_02_high_priestess|minor_cups_09|minor_cups_08|minor_cups_07|minor_cups_06,6,n/a,"Closing review: new card tiled against recently taught cards, grid grows over the course"
369,7,51,3,minor_wands_03,Three of Wands,minor,False,1,standard,U7-S51-N1,A1,Choose Card From Keywords,keywords,isolation,minor_wands_03|major_12_hanged_man|major_18_moon|minor_swords_08,1,easy,First exposure: full keyword list -> card art
370,7,51,3,minor_wands_03,Three of Wands,minor,False,2,standard,U7-S51-N2,A2,Choose Meaning From Card,card_art_to_description_condensed,isolation,minor_wands_03|major_12_hanged_man|major_18_moon|minor_swords_08,1,easy,Reverse direction: card art -> matching description
371,7,51,3,minor_wands_03,Three of Wands,minor,False,3,standard,U7-S51-N3,A1,Choose Card From Keywords,description_anonymized,isolation,minor_wands_03|major_12_hanged_man|major_18_moon|minor_swords_08,1,easy,Second anchor variant of the same new card (no new symbol this section)
372,7,51,3,minor_wands_03,Three of Wands,minor,False,4,standard,U7-S51-N4,A2,Choose Meaning From Card,collated_talking_points,near_context,minor_wands_03|minor_wands_02|major_12_hanged_man|major_18_moon,1,easy_plus_one_known,Third text form of the same new card; distractor pool starts folding in one known card once available
373,7,51,3,minor_wands_03,Three of Wands,minor,False,5,standard,U7-S51-N5,A3,Major/Minor Arcana ID,card_art_grid,standing_skill,minor_wands_03|minor_wands_02|major_02_high_priestess|minor_cups_09|minor_cups_08|minor_cups_07,6,n/a,"Major/Minor sorting - visual/structural skill, recurs unchanged every section"
374,7,51,3,minor_wands_03,Three of Wands,minor,False,6,standard,U7-S51-N6,B,True/False Talking Point,mixed_card_statements,interleave_review,minor_wands_03|minor_wands_02|major_02_high_priestess|minor_cups_09,4,n/a,True/False statements drawn from the new card plus recently taught cards
375,7,51,3,minor_wands_03,Three of Wands,minor,False,7,standard,U7-S51-N7,C,Board Matching,tile_grid,interleave_review,minor_wands_03|minor_wands_02|major_02_high_priestess|minor_cups_09|minor_cups_08|minor_cups_07,6,n/a,"Closing review: new card tiled against recently taught cards, grid grows over the course"
376,7,52,4,minor_wands_04,Four of Wands,minor,False,1,standard,U7-S52-N1,A1,Choose Card From Keywords,keywords,isolation,minor_wands_04|major_12_hanged_man|major_18_moon|minor_swords_08,1,easy,First exposure: full keyword list -> card art
377,7,52,4,minor_wands_04,Four of Wands,minor,False,2,standard,U7-S52-N2,A2,Choose Meaning From Card,card_art_to_description_condensed,isolation,minor_wands_04|major_12_hanged_man|major_18_moon|minor_swords_08,1,easy,Reverse direction: card art -> matching description
378,7,52,4,minor_wands_04,Four of Wands,minor,False,3,standard,U7-S52-N3,A1,Choose Card From Keywords,description_anonymized,isolation,minor_wands_04|major_12_hanged_man|major_18_moon|minor_swords_08,1,easy,Second anchor variant of the same new card (no new symbol this section)
379,7,52,4,minor_wands_04,Four of Wands,minor,False,4,standard,U7-S52-N4,A2,Choose Meaning From Card,collated_talking_points,near_context,minor_wands_04|minor_wands_03|major_12_hanged_man|major_18_moon,1,easy_plus_one_known,Third text form of the same new card; distractor pool starts folding in one known card once available
380,7,52,4,minor_wands_04,Four of Wands,minor,False,5,standard,U7-S52-N5,A3,Major/Minor Arcana ID,card_art_grid,standing_skill,minor_wands_04|minor_wands_03|minor_wands_02|major_02_high_priestess|minor_cups_09|minor_cups_08,6,n/a,"Major/Minor sorting - visual/structural skill, recurs unchanged every section"
381,7,52,4,minor_wands_04,Four of Wands,minor,False,6,standard,U7-S52-N6,B,True/False Talking Point,mixed_card_statements,interleave_review,minor_wands_04|minor_wands_03|minor_wands_02|major_02_high_priestess,4,n/a,True/False statements drawn from the new card plus recently taught cards
382,7,52,4,minor_wands_04,Four of Wands,minor,False,7,standard,U7-S52-N7,C,Board Matching,tile_grid,interleave_review,minor_wands_04|minor_wands_03|minor_wands_02|major_02_high_priestess|minor_cups_09|minor_cups_08,6,n/a,"Closing review: new card tiled against recently taught cards, grid grows over the course"
383,7,52,4,minor_wands_04,Four of Wands,minor,False,8,throwback,U7-S52-THROWBACK-N8,B,True/False Talking Point,mixed_card_statements,throwback_review,major_00_fool|minor_cups_ace|major_08_strength,3,n/a,"Deliberately NOT recency-biased: pulls the 3 cards least recently seen (gap of 28-28 sections since last exposure), independent of the new card"
384,7,53,5,minor_wands_05,Five of Wands,minor,False,1,standard,U7-S53-N1,A1,Choose Card From Keywords,keywords,isolation,minor_wands_05|major_02_high_priestess|major_09_hermit|major_21_world,1,easy,First exposure: full keyword list -> card art
385,7,53,5,minor_wands_05,Five of Wands,minor,False,2,standard,U7-S53-N2,A2,Choose Meaning From Card,card_art_to_description_condensed,isolation,minor_wands_05|major_02_high_priestess|major_09_hermit|major_21_world,1,easy,Reverse direction: card art -> matching description
386,7,53,5,minor_wands_05,Five of Wands,minor,False,3,standard,U7-S53-N3,A1,Choose Card From Keywords,description_anonymized,isolation,minor_wands_05|major_02_high_priestess|major_09_hermit|major_21_world,1,easy,Second anchor variant of the same new card (no new symbol this section)
387,7,53,5,minor_wands_05,Five of Wands,minor,False,4,standard,U7-S53-N4,A2,Choose Meaning From Card,collated_talking_points,near_context,minor_wands_05|minor_wands_04|major_02_high_priestess|major_09_hermit,1,easy_plus_one_known,Third text form of the same new card; distractor pool starts folding in one known card once available
388,7,53,5,minor_wands_05,Five of Wands,minor,False,5,standard,U7-S53-N5,A3,Major/Minor Arcana ID,card_art_grid,standing_skill,minor_wands_05|minor_wands_04|minor_wands_03|minor_wands_02|major_02_high_priestess|minor_cups_09,6,n/a,"Major/Minor sorting - visual/structural skill, recurs unchanged every section"
389,7,53,5,minor_wands_05,Five of Wands,minor,False,6,standard,U7-S53-N6,B,True/False Talking Point,mixed_card_statements,interleave_review,minor_wands_05|minor_wands_04|minor_wands_03|minor_wands_02,4,n/a,True/False statements drawn from the new card plus recently taught cards
390,7,53,5,minor_wands_05,Five of Wands,minor,False,7,standard,U7-S53-N7,C,Board Matching,tile_grid,interleave_review,minor_wands_05|minor_wands_04|minor_wands_03|minor_wands_02|major_02_high_priestess|minor_cups_09,6,n/a,"Closing review: new card tiled against recently taught cards, grid grows over the course"
391,7,54,6,minor_wands_06,Six of Wands,minor,False,1,standard,U7-S54-N1,A1,Choose Card From Keywords,keywords,isolation,minor_wands_06|major_12_hanged_man|major_18_moon|minor_swords_08,1,easy,First exposure: full keyword list -> card art
392,7,54,6,minor_wands_06,Six of Wands,minor,False,2,standard,U7-S54-N2,A2,Choose Meaning From Card,card_art_to_description_condensed,isolation,minor_wands_06|major_12_hanged_man|major_18_moon|minor_swords_08,1,easy,Reverse direction: card art -> matching description
393,7,54,6,minor_wands_06,Six of Wands,minor,False,3,standard,U7-S54-N3,A1,Choose Card From Keywords,description_anonymized,isolation,minor_wands_06|major_12_hanged_man|major_18_moon|minor_swords_08,1,easy,Second anchor variant of the same new card (no new symbol this section)
394,7,54,6,minor_wands_06,Six of Wands,minor,False,4,standard,U7-S54-N4,A2,Choose Meaning From Card,collated_talking_points,near_context,minor_wands_06|minor_wands_05|major_12_hanged_man|major_18_moon,1,easy_plus_one_known,Third text form of the same new card; distractor pool starts folding in one known card once available
395,7,54,6,minor_wands_06,Six of Wands,minor,False,5,standard,U7-S54-N5,A3,Major/Minor Arcana ID,card_art_grid,standing_skill,minor_wands_06|minor_wands_05|minor_wands_04|minor_wands_03|minor_wands_02|major_02_high_priestess,6,n/a,"Major/Minor sorting - visual/structural skill, recurs unchanged every section"
396,7,54,6,minor_wands_06,Six of Wands,minor,False,6,standard,U7-S54-N6,B,True/False Talking Point,mixed_card_statements,interleave_review,minor_wands_06|minor_wands_05|minor_wands_04|minor_wands_03,4,n/a,True/False statements drawn from the new card plus recently taught cards
397,7,54,6,minor_wands_06,Six of Wands,minor,False,7,standard,U7-S54-N7,C,Board Matching,tile_grid,interleave_review,minor_wands_06|minor_wands_05|minor_wands_04|minor_wands_03|minor_wands_02|major_02_high_priestess,6,n/a,"Closing review: new card tiled against recently taught cards, grid grows over the course"
398,7,55,7,minor_wands_07,Seven of Wands,minor,False,1,standard,U7-S55-N1,A1,Choose Card From Keywords,keywords,isolation,minor_wands_07|major_02_high_priestess|major_03_empress|major_09_hermit,1,easy,First exposure: full keyword list -> card art
399,7,55,7,minor_wands_07,Seven of Wands,minor,False,2,standard,U7-S55-N2,A2,Choose Meaning From Card,card_art_to_description_condensed,isolation,minor_wands_07|major_02_high_priestess|major_03_empress|major_09_hermit,1,easy,Reverse direction: card art -> matching description
400,7,55,7,minor_wands_07,Seven of Wands,minor,False,3,standard,U7-S55-N3,A1,Choose Card From Keywords,description_anonymized,isolation,minor_wands_07|major_02_high_priestess|major_03_empress|major_09_hermit,1,easy,Second anchor variant of the same new card (no new symbol this section)
401,7,55,7,minor_wands_07,Seven of Wands,minor,False,4,standard,U7-S55-N4,A2,Choose Meaning From Card,collated_talking_points,near_context,minor_wands_07|minor_wands_06|major_02_high_priestess|major_03_empress,1,easy_plus_one_known,Third text form of the same new card; distractor pool starts folding in one known card once available
402,7,55,7,minor_wands_07,Seven of Wands,minor,False,5,standard,U7-S55-N5,A3,Major/Minor Arcana ID,card_art_grid,standing_skill,minor_wands_07|minor_wands_06|minor_wands_05|minor_wands_04|minor_wands_03|minor_wands_02,6,n/a,"Major/Minor sorting - visual/structural skill, recurs unchanged every section"
403,7,55,7,minor_wands_07,Seven of Wands,minor,False,6,standard,U7-S55-N6,B,True/False Talking Point,mixed_card_statements,interleave_review,minor_wands_07|minor_wands_06|minor_wands_05|minor_wands_04,4,n/a,True/False statements drawn from the new card plus recently taught cards
404,7,55,7,minor_wands_07,Seven of Wands,minor,False,7,standard,U7-S55-N7,C,Board Matching,tile_grid,interleave_review,minor_wands_07|minor_wands_06|minor_wands_05|minor_wands_04|minor_wands_03|minor_wands_02,6,n/a,"Closing review: new card tiled against recently taught cards, grid grows over the course"
405,7,56,8,minor_wands_08,Eight of Wands,minor,False,1,standard,U7-S56-N1,A1,Choose Card From Keywords,keywords,isolation,minor_wands_08|major_12_hanged_man|major_18_moon|minor_swords_08,1,easy,First exposure: full keyword list -> card art
406,7,56,8,minor_wands_08,Eight of Wands,minor,False,2,standard,U7-S56-N2,A2,Choose Meaning From Card,card_art_to_description_condensed,isolation,minor_wands_08|major_12_hanged_man|major_18_moon|minor_swords_08,1,easy,Reverse direction: card art -> matching description
407,7,56,8,minor_wands_08,Eight of Wands,minor,False,3,standard,U7-S56-N3,A1,Choose Card From Keywords,description_anonymized,isolation,minor_wands_08|major_12_hanged_man|major_18_moon|minor_swords_08,1,easy,Second anchor variant of the same new card (no new symbol this section)
408,7,56,8,minor_wands_08,Eight of Wands,minor,False,4,standard,U7-S56-N4,A2,Choose Meaning From Card,collated_talking_points,near_context,minor_wands_08|minor_wands_07|major_12_hanged_man|major_18_moon,1,easy_plus_one_known,Third text form of the same new card; distractor pool starts folding in one known card once available
409,7,56,8,minor_wands_08,Eight of Wands,minor,False,5,standard,U7-S56-N5,A3,Major/Minor Arcana ID,card_art_grid,standing_skill,minor_wands_08|minor_wands_07|minor_wands_06|minor_wands_05|minor_wands_04|minor_wands_03,6,n/a,"Major/Minor sorting - visual/structural skill, recurs unchanged every section"
410,7,56,8,minor_wands_08,Eight of Wands,minor,False,6,standard,U7-S56-N6,B,True/False Talking Point,mixed_card_statements,interleave_review,minor_wands_08|minor_wands_07|minor_wands_06|minor_wands_05,4,n/a,True/False statements drawn from the new card plus recently taught cards
411,7,56,8,minor_wands_08,Eight of Wands,minor,False,7,standard,U7-S56-N7,C,Board Matching,tile_grid,interleave_review,minor_wands_08|minor_wands_07|minor_wands_06|minor_wands_05|minor_wands_04|minor_wands_03,6,n/a,"Closing review: new card tiled against recently taught cards, grid grows over the course"
412,7,56,8,minor_wands_08,Eight of Wands,minor,False,8,throwback,U7-S56-THROWBACK-N8,C,Board Matching,tile_grid,throwback_review,minor_pentacles_knight|minor_pentacles_queen|minor_pentacles_king,3,n/a,"Deliberately NOT recency-biased: pulls the 3 cards least recently seen (gap of 29-32 sections since last exposure), independent of the new card"
413,7,56,RECAP,,Unit 7 Recap,mixed,False,1,unit_recap,U7-S56-UNIT_RECAP-N1,C,Board Matching,tile_grid,unit_recap,major_02_high_priestess|minor_wands_02|minor_wands_03|minor_wands_04|minor_wands_05|minor_wands_06|minor_wands_07|minor_wands_08,8,n/a,"End-of-unit checkpoint: boards every card from Unit 7 against each other, no new card introduced"
414,8,57,1,minor_wands_09,Nine of Wands,minor,False,1,standard,U8-S57-N1,A1,Choose Card From Keywords,keywords,isolation,minor_wands_09|major_19_sun|major_03_empress|major_00_fool,1,easy,First exposure: full keyword list -> card art
415,8,57,1,minor_wands_09,Nine of Wands,minor,False,2,standard,U8-S57-N2,A2,Choose Meaning From Card,card_art_to_description_condensed,isolation,minor_wands_09|major_19_sun|major_03_empress|major_00_fool,1,easy,Reverse direction: card art -> matching description
416,8,57,1,minor_wands_09,Nine of Wands,minor,False,3,standard,U8-S57-N3,A1,Choose Card From Keywords,description_anonymized,isolation,minor_wands_09|major_19_sun|major_03_empress|major_00_fool,1,easy,Second anchor variant of the same new card (no new symbol this section)
417,8,57,1,minor_wands_09,Nine of Wands,minor,False,4,standard,U8-S57-N4,A2,Choose Meaning From Card,collated_talking_points,near_context,minor_wands_09|minor_wands_08|major_19_sun|major_03_empress,1,easy_plus_one_known,Third text form of the same new card; distractor pool starts folding in one known card once available
418,8,57,1,minor_wands_09,Nine of Wands,minor,False,5,standard,U8-S57-N5,A3,Major/Minor Arcana ID,card_art_grid,standing_skill,minor_wands_09|minor_wands_08|minor_wands_07|minor_wands_06|minor_wands_05|minor_wands_04,6,n/a,"Major/Minor sorting - visual/structural skill, recurs unchanged every section"
419,8,57,1,minor_wands_09,Nine of Wands,minor,False,6,standard,U8-S57-N6,B,True/False Talking Point,mixed_card_statements,interleave_review,minor_wands_09|minor_wands_08|minor_wands_07|minor_wands_06,4,n/a,True/False statements drawn from the new card plus recently taught cards
420,8,57,1,minor_wands_09,Nine of Wands,minor,False,7,standard,U8-S57-N7,C,Board Matching,tile_grid,interleave_review,minor_wands_09|minor_wands_08|minor_wands_07|minor_wands_06|minor_wands_05|minor_wands_04,6,n/a,"Closing review: new card tiled against recently taught cards, grid grows over the course"
421,8,58,2,minor_wands_10,Ten of Wands,minor,False,1,standard,U8-S58-N1,A1,Choose Card From Keywords,keywords,isolation,minor_wands_10|major_02_high_priestess|major_03_empress|major_09_hermit,1,easy,First exposure: full keyword list -> card art
422,8,58,2,minor_wands_10,Ten of Wands,minor,False,2,standard,U8-S58-N2,A2,Choose Meaning From Card,card_art_to_description_condensed,isolation,minor_wands_10|major_02_high_priestess|major_03_empress|major_09_hermit,1,easy,Reverse direction: card art -> matching description
423,8,58,2,minor_wands_10,Ten of Wands,minor,False,3,standard,U8-S58-N3,A1,Choose Card From Keywords,description_anonymized,isolation,minor_wands_10|major_02_high_priestess|major_03_empress|major_09_hermit,1,easy,Second anchor variant of the same new card (no new symbol this section)
424,8,58,2,minor_wands_10,Ten of Wands,minor,False,4,standard,U8-S58-N4,A2,Choose Meaning From Card,collated_talking_points,near_context,minor_wands_10|minor_wands_09|major_02_high_priestess|major_03_empress,1,easy_plus_one_known,Third text form of the same new card; distractor pool starts folding in one known card once available
425,8,58,2,minor_wands_10,Ten of Wands,minor,False,5,standard,U8-S58-N5,A3,Major/Minor Arcana ID,card_art_grid,standing_skill,minor_wands_10|minor_wands_09|minor_wands_08|minor_wands_07|minor_wands_06|minor_wands_05,6,n/a,"Major/Minor sorting - visual/structural skill, recurs unchanged every section"
426,8,58,2,minor_wands_10,Ten of Wands,minor,False,6,standard,U8-S58-N6,B,True/False Talking Point,mixed_card_statements,interleave_review,minor_wands_10|minor_wands_09|minor_wands_08|minor_wands_07,4,n/a,True/False statements drawn from the new card plus recently taught cards
427,8,58,2,minor_wands_10,Ten of Wands,minor,False,7,standard,U8-S58-N7,C,Board Matching,tile_grid,interleave_review,minor_wands_10|minor_wands_09|minor_wands_08|minor_wands_07|minor_wands_06|minor_wands_05,6,n/a,"Closing review: new card tiled against recently taught cards, grid grows over the course"
428,8,59,3,minor_pentacles_02,Two of Pentacles,minor,False,1,standard,U8-S59-N1,A1,Choose Card From Keywords,keywords,isolation,minor_pentacles_02|major_02_high_priestess|major_09_hermit|major_12_hanged_man,1,easy,First exposure: full keyword list -> card art
429,8,59,3,minor_pentacles_02,Two of Pentacles,minor,False,2,standard,U8-S59-N2,A2,Choose Meaning From Card,card_art_to_description_condensed,isolation,minor_pentacles_02|major_02_high_priestess|major_09_hermit|major_12_hanged_man,1,easy,Reverse direction: card art -> matching description
430,8,59,3,minor_pentacles_02,Two of Pentacles,minor,False,3,standard,U8-S59-N3,A1,Choose Card From Keywords,description_anonymized,isolation,minor_pentacles_02|major_02_high_priestess|major_09_hermit|major_12_hanged_man,1,easy,Second anchor variant of the same new card (no new symbol this section)
431,8,59,3,minor_pentacles_02,Two of Pentacles,minor,False,4,standard,U8-S59-N4,A2,Choose Meaning From Card,collated_talking_points,near_context,minor_pentacles_02|minor_wands_10|major_02_high_priestess|major_09_hermit,1,easy_plus_one_known,Third text form of the same new card; distractor pool starts folding in one known card once available
432,8,59,3,minor_pentacles_02,Two of Pentacles,minor,False,5,standard,U8-S59-N5,A3,Major/Minor Arcana ID,card_art_grid,standing_skill,minor_pentacles_02|minor_wands_10|minor_wands_09|minor_wands_08|minor_wands_07|minor_wands_06,6,n/a,"Major/Minor sorting - visual/structural skill, recurs unchanged every section"
433,8,59,3,minor_pentacles_02,Two of Pentacles,minor,False,6,standard,U8-S59-N6,B,True/False Talking Point,mixed_card_statements,interleave_review,minor_pentacles_02|minor_wands_10|minor_wands_09|minor_wands_08,4,n/a,True/False statements drawn from the new card plus recently taught cards
434,8,59,3,minor_pentacles_02,Two of Pentacles,minor,False,7,standard,U8-S59-N7,C,Board Matching,tile_grid,interleave_review,minor_pentacles_02|minor_wands_10|minor_wands_09|minor_wands_08|minor_wands_07|minor_wands_06,6,n/a,"Closing review: new card tiled against recently taught cards, grid grows over the course"
435,8,60,4,minor_pentacles_03,Three of Pentacles,minor,False,1,standard,U8-S60-N1,A1,Choose Card From Keywords,keywords,isolation,minor_pentacles_03|major_12_hanged_man|major_18_moon|minor_swords_08,1,easy,First exposure: full keyword list -> card art
436,8,60,4,minor_pentacles_03,Three of Pentacles,minor,False,2,standard,U8-S60-N2,A2,Choose Meaning From Card,card_art_to_description_condensed,isolation,minor_pentacles_03|major_12_hanged_man|major_18_moon|minor_swords_08,1,easy,Reverse direction: card art -> matching description
437,8,60,4,minor_pentacles_03,Three of Pentacles,minor,False,3,standard,U8-S60-N3,A1,Choose Card From Keywords,description_anonymized,isolation,minor_pentacles_03|major_12_hanged_man|major_18_moon|minor_swords_08,1,easy,Second anchor variant of the same new card (no new symbol this section)
438,8,60,4,minor_pentacles_03,Three of Pentacles,minor,False,4,standard,U8-S60-N4,A2,Choose Meaning From Card,collated_talking_points,near_context,minor_pentacles_03|minor_pentacles_02|major_12_hanged_man|major_18_moon,1,easy_plus_one_known,Third text form of the same new card; distractor pool starts folding in one known card once available
439,8,60,4,minor_pentacles_03,Three of Pentacles,minor,False,5,standard,U8-S60-N5,A3,Major/Minor Arcana ID,card_art_grid,standing_skill,minor_pentacles_03|minor_pentacles_02|minor_wands_10|minor_wands_09|minor_wands_08|minor_wands_07,6,n/a,"Major/Minor sorting - visual/structural skill, recurs unchanged every section"
440,8,60,4,minor_pentacles_03,Three of Pentacles,minor,False,6,standard,U8-S60-N6,B,True/False Talking Point,mixed_card_statements,interleave_review,minor_pentacles_03|minor_pentacles_02|minor_wands_10|minor_wands_09,4,n/a,True/False statements drawn from the new card plus recently taught cards
441,8,60,4,minor_pentacles_03,Three of Pentacles,minor,False,7,standard,U8-S60-N7,C,Board Matching,tile_grid,interleave_review,minor_pentacles_03|minor_pentacles_02|minor_wands_10|minor_wands_09|minor_wands_08|minor_wands_07,6,n/a,"Closing review: new card tiled against recently taught cards, grid grows over the course"
442,8,60,4,minor_pentacles_03,Three of Pentacles,minor,False,8,throwback,U8-S60-THROWBACK-N8,B,True/False Talking Point,mixed_card_statements,throwback_review,major_01_magician|major_11_justice|major_19_sun,3,n/a,"Deliberately NOT recency-biased: pulls the 3 cards least recently seen (gap of 32-32 sections since last exposure), independent of the new card"
443,8,61,5,minor_pentacles_04,Four of Pentacles,minor,False,1,standard,U8-S61-N1,A1,Choose Card From Keywords,keywords,isolation,minor_pentacles_04|major_16_tower|major_00_fool|major_12_hanged_man,1,easy,First exposure: full keyword list -> card art
444,8,61,5,minor_pentacles_04,Four of Pentacles,minor,False,2,standard,U8-S61-N2,A2,Choose Meaning From Card,card_art_to_description_condensed,isolation,minor_pentacles_04|major_16_tower|major_00_fool|major_12_hanged_man,1,easy,Reverse direction: card art -> matching description
445,8,61,5,minor_pentacles_04,Four of Pentacles,minor,False,3,standard,U8-S61-N3,A1,Choose Card From Keywords,description_anonymized,isolation,minor_pentacles_04|major_16_tower|major_00_fool|major_12_hanged_man,1,easy,Second anchor variant of the same new card (no new symbol this section)
446,8,61,5,minor_pentacles_04,Four of Pentacles,minor,False,4,standard,U8-S61-N4,A2,Choose Meaning From Card,collated_talking_points,near_context,minor_pentacles_04|minor_pentacles_03|major_16_tower|major_00_fool,1,easy_plus_one_known,Third text form of the same new card; distractor pool starts folding in one known card once available
447,8,61,5,minor_pentacles_04,Four of Pentacles,minor,False,5,standard,U8-S61-N5,A3,Major/Minor Arcana ID,card_art_grid,standing_skill,minor_pentacles_04|minor_pentacles_03|minor_pentacles_02|minor_wands_10|minor_wands_09|minor_wands_08,6,n/a,"Major/Minor sorting - visual/structural skill, recurs unchanged every section"
448,8,61,5,minor_pentacles_04,Four of Pentacles,minor,False,6,standard,U8-S61-N6,B,True/False Talking Point,mixed_card_statements,interleave_review,minor_pentacles_04|minor_pentacles_03|minor_pentacles_02|minor_wands_10|minor_wands_09,5,n/a,True/False statements drawn from the new card plus recently taught cards
449,8,61,5,minor_pentacles_04,Four of Pentacles,minor,False,7,standard,U8-S61-N7,C,Board Matching,tile_grid,interleave_review,minor_pentacles_04|minor_pentacles_03|minor_pentacles_02|minor_wands_10|minor_wands_09|minor_wands_08,6,n/a,"Closing review: new card tiled against recently taught cards, grid grows over the course"
450,8,62,6,minor_pentacles_05,Five of Pentacles,minor,False,1,standard,U8-S62-N1,A1,Choose Card From Keywords,keywords,isolation,minor_pentacles_05|major_19_sun|major_01_magician|minor_wands_06,1,easy,First exposure: full keyword list -> card art
451,8,62,6,minor_pentacles_05,Five of Pentacles,minor,False,2,standard,U8-S62-N2,A2,Choose Meaning From Card,card_art_to_description_condensed,isolation,minor_pentacles_05|major_19_sun|major_01_magician|minor_wands_06,1,easy,Reverse direction: card art -> matching description
452,8,62,6,minor_pentacles_05,Five of Pentacles,minor,False,3,standard,U8-S62-N3,A1,Choose Card From Keywords,description_anonymized,isolation,minor_pentacles_05|major_19_sun|major_01_magician|minor_wands_06,1,easy,Second anchor variant of the same new card (no new symbol this section)
453,8,62,6,minor_pentacles_05,Five of Pentacles,minor,False,4,standard,U8-S62-N4,A2,Choose Meaning From Card,collated_talking_points,near_context,minor_pentacles_05|minor_pentacles_04|major_19_sun|major_01_magician,1,easy_plus_one_known,Third text form of the same new card; distractor pool starts folding in one known card once available
454,8,62,6,minor_pentacles_05,Five of Pentacles,minor,False,5,standard,U8-S62-N5,A3,Major/Minor Arcana ID,card_art_grid,standing_skill,minor_pentacles_05|minor_pentacles_04|minor_pentacles_03|minor_pentacles_02|minor_wands_10|minor_wands_09,6,n/a,"Major/Minor sorting - visual/structural skill, recurs unchanged every section"
455,8,62,6,minor_pentacles_05,Five of Pentacles,minor,False,6,standard,U8-S62-N6,B,True/False Talking Point,mixed_card_statements,interleave_review,minor_pentacles_05|minor_pentacles_04|minor_pentacles_03|minor_pentacles_02|minor_wands_10,5,n/a,True/False statements drawn from the new card plus recently taught cards
456,8,62,6,minor_pentacles_05,Five of Pentacles,minor,False,7,standard,U8-S62-N7,C,Board Matching,tile_grid,interleave_review,minor_pentacles_05|minor_pentacles_04|minor_pentacles_03|minor_pentacles_02|minor_wands_10|minor_wands_09,6,n/a,"Closing review: new card tiled against recently taught cards, grid grows over the course"
457,8,63,7,minor_pentacles_06,Six of Pentacles,minor,False,1,standard,U8-S63-N1,A1,Choose Card From Keywords,keywords,isolation,minor_pentacles_06|major_02_high_priestess|major_12_hanged_man|major_16_tower,1,easy,First exposure: full keyword list -> card art
458,8,63,7,minor_pentacles_06,Six of Pentacles,minor,False,2,standard,U8-S63-N2,A2,Choose Meaning From Card,card_art_to_description_condensed,isolation,minor_pentacles_06|major_02_high_priestess|major_12_hanged_man|major_16_tower,1,easy,Reverse direction: card art -> matching description
459,8,63,7,minor_pentacles_06,Six of Pentacles,minor,False,3,standard,U8-S63-N3,A1,Choose Card From Keywords,description_anonymized,isolation,minor_pentacles_06|major_02_high_priestess|major_12_hanged_man|major_16_tower,1,easy,Second anchor variant of the same new card (no new symbol this section)
460,8,63,7,minor_pentacles_06,Six of Pentacles,minor,False,4,standard,U8-S63-N4,A2,Choose Meaning From Card,collated_talking_points,near_context,minor_pentacles_06|minor_pentacles_05|major_02_high_priestess|major_12_hanged_man,1,easy_plus_one_known,Third text form of the same new card; distractor pool starts folding in one known card once available
461,8,63,7,minor_pentacles_06,Six of Pentacles,minor,False,5,standard,U8-S63-N5,A3,Major/Minor Arcana ID,card_art_grid,standing_skill,minor_pentacles_06|minor_pentacles_05|minor_pentacles_04|minor_pentacles_03|minor_pentacles_02|minor_wands_10,6,n/a,"Major/Minor sorting - visual/structural skill, recurs unchanged every section"
462,8,63,7,minor_pentacles_06,Six of Pentacles,minor,False,6,standard,U8-S63-N6,B,True/False Talking Point,mixed_card_statements,interleave_review,minor_pentacles_06|minor_pentacles_05|minor_pentacles_04|minor_pentacles_03|minor_pentacles_02,5,n/a,True/False statements drawn from the new card plus recently taught cards
463,8,63,7,minor_pentacles_06,Six of Pentacles,minor,False,7,standard,U8-S63-N7,C,Board Matching,tile_grid,interleave_review,minor_pentacles_06|minor_pentacles_05|minor_pentacles_04|minor_pentacles_03|minor_pentacles_02|minor_wands_10,6,n/a,"Closing review: new card tiled against recently taught cards, grid grows over the course"
464,8,64,8,minor_pentacles_07,Seven of Pentacles,minor,False,1,standard,U8-S64-N1,A1,Choose Card From Keywords,keywords,isolation,minor_pentacles_07|major_16_tower|major_00_fool|major_01_magician,1,easy,First exposure: full keyword list -> card art
465,8,64,8,minor_pentacles_07,Seven of Pentacles,minor,False,2,standard,U8-S64-N2,A2,Choose Meaning From Card,card_art_to_description_condensed,isolation,minor_pentacles_07|major_16_tower|major_00_fool|major_01_magician,1,easy,Reverse direction: card art -> matching description
466,8,64,8,minor_pentacles_07,Seven of Pentacles,minor,False,3,standard,U8-S64-N3,A1,Choose Card From Keywords,description_anonymized,isolation,minor_pentacles_07|major_16_tower|major_00_fool|major_01_magician,1,easy,Second anchor variant of the same new card (no new symbol this section)
467,8,64,8,minor_pentacles_07,Seven of Pentacles,minor,False,4,standard,U8-S64-N4,A2,Choose Meaning From Card,collated_talking_points,near_context,minor_pentacles_07|minor_pentacles_06|major_16_tower|major_00_fool,1,easy_plus_one_known,Third text form of the same new card; distractor pool starts folding in one known card once available
468,8,64,8,minor_pentacles_07,Seven of Pentacles,minor,False,5,standard,U8-S64-N5,A3,Major/Minor Arcana ID,card_art_grid,standing_skill,minor_pentacles_07|minor_pentacles_06|minor_pentacles_05|minor_pentacles_04|minor_pentacles_03|minor_pentacles_02,6,n/a,"Major/Minor sorting - visual/structural skill, recurs unchanged every section"
469,8,64,8,minor_pentacles_07,Seven of Pentacles,minor,False,6,standard,U8-S64-N6,B,True/False Talking Point,mixed_card_statements,interleave_review,minor_pentacles_07|minor_pentacles_06|minor_pentacles_05|minor_pentacles_04|minor_pentacles_03,5,n/a,True/False statements drawn from the new card plus recently taught cards
470,8,64,8,minor_pentacles_07,Seven of Pentacles,minor,False,7,standard,U8-S64-N7,C,Board Matching,tile_grid,interleave_review,minor_pentacles_07|minor_pentacles_06|minor_pentacles_05|minor_pentacles_04|minor_pentacles_03|minor_pentacles_02,6,n/a,"Closing review: new card tiled against recently taught cards, grid grows over the course"
471,8,64,8,minor_pentacles_07,Seven of Pentacles,minor,False,8,throwback,U8-S64-THROWBACK-N8,C,Board Matching,tile_grid,throwback_review,minor_swords_page|minor_swords_knight|minor_swords_queen,3,n/a,"Deliberately NOT recency-biased: pulls the 3 cards least recently seen (gap of 34-36 sections since last exposure), independent of the new card"
472,8,64,RECAP,,Unit 8 Recap,mixed,False,1,unit_recap,U8-S64-UNIT_RECAP-N1,C,Board Matching,tile_grid,unit_recap,minor_wands_09|minor_wands_10|minor_pentacles_02|minor_pentacles_03|minor_pentacles_04|minor_pentacles_05|minor_pentacles_06|minor_pentacles_07,8,n/a,"End-of-unit checkpoint: boards every card from Unit 8 against each other, no new card introduced"
473,9,65,1,minor_pentacles_08,Eight of Pentacles,minor,False,1,standard,U9-S65-N1,A1,Choose Card From Keywords,keywords,isolation,minor_pentacles_08|major_16_tower|major_12_hanged_man|major_18_moon,1,easy,First exposure: full keyword list -> card art
474,9,65,1,minor_pentacles_08,Eight of Pentacles,minor,False,2,standard,U9-S65-N2,A2,Choose Meaning From Card,card_art_to_description_condensed,isolation,minor_pentacles_08|major_16_tower|major_12_hanged_man|major_18_moon,1,easy,Reverse direction: card art -> matching description
475,9,65,1,minor_pentacles_08,Eight of Pentacles,minor,False,3,standard,U9-S65-N3,A1,Choose Card From Keywords,description_anonymized,isolation,minor_pentacles_08|major_16_tower|major_12_hanged_man|major_18_moon,1,easy,Second anchor variant of the same new card (no new symbol this section)
476,9,65,1,minor_pentacles_08,Eight of Pentacles,minor,False,4,standard,U9-S65-N4,A2,Choose Meaning From Card,collated_talking_points,near_context,minor_pentacles_08|minor_pentacles_07|major_16_tower|major_12_hanged_man,1,easy_plus_one_known,Third text form of the same new card; distractor pool starts folding in one known card once available
477,9,65,1,minor_pentacles_08,Eight of Pentacles,minor,False,5,standard,U9-S65-N5,A3,Major/Minor Arcana ID,card_art_grid,standing_skill,minor_pentacles_08|minor_pentacles_07|minor_pentacles_06|minor_pentacles_05|minor_pentacles_04|minor_pentacles_03,6,n/a,"Major/Minor sorting - visual/structural skill, recurs unchanged every section"
478,9,65,1,minor_pentacles_08,Eight of Pentacles,minor,False,6,standard,U9-S65-N6,B,True/False Talking Point,mixed_card_statements,interleave_review,minor_pentacles_08|minor_pentacles_07|minor_pentacles_06|minor_pentacles_05|minor_pentacles_04,5,n/a,True/False statements drawn from the new card plus recently taught cards
479,9,65,1,minor_pentacles_08,Eight of Pentacles,minor,False,7,standard,U9-S65-N7,C,Board Matching,tile_grid,interleave_review,minor_pentacles_08|minor_pentacles_07|minor_pentacles_06|minor_pentacles_05|minor_pentacles_04|minor_pentacles_03,6,n/a,"Closing review: new card tiled against recently taught cards, grid grows over the course"
480,9,66,2,minor_pentacles_09,Nine of Pentacles,minor,False,1,standard,U9-S66-N1,A1,Choose Card From Keywords,keywords,isolation,minor_pentacles_09|major_16_tower|minor_wands_knight|minor_cups_knight,1,easy,First exposure: full keyword list -> card art
481,9,66,2,minor_pentacles_09,Nine of Pentacles,minor,False,2,standard,U9-S66-N2,A2,Choose Meaning From Card,card_art_to_description_condensed,isolation,minor_pentacles_09|major_16_tower|minor_wands_knight|minor_cups_knight,1,easy,Reverse direction: card art -> matching description
482,9,66,2,minor_pentacles_09,Nine of Pentacles,minor,False,3,standard,U9-S66-N3,A1,Choose Card From Keywords,description_anonymized,isolation,minor_pentacles_09|major_16_tower|minor_wands_knight|minor_cups_knight,1,easy,Second anchor variant of the same new card (no new symbol this section)
483,9,66,2,minor_pentacles_09,Nine of Pentacles,minor,False,4,standard,U9-S66-N4,A2,Choose Meaning From Card,collated_talking_points,near_context,minor_pentacles_09|minor_pentacles_08|major_16_tower|minor_wands_knight,1,easy_plus_one_known,Third text form of the same new card; distractor pool starts folding in one known card once available
484,9,66,2,minor_pentacles_09,Nine of Pentacles,minor,False,5,standard,U9-S66-N5,A3,Major/Minor Arcana ID,card_art_grid,standing_skill,minor_pentacles_09|minor_pentacles_08|minor_pentacles_07|minor_pentacles_06|minor_pentacles_05|minor_pentacles_04,6,n/a,"Major/Minor sorting - visual/structural skill, recurs unchanged every section"
485,9,66,2,minor_pentacles_09,Nine of Pentacles,minor,False,6,standard,U9-S66-N6,B,True/False Talking Point,mixed_card_statements,interleave_review,minor_pentacles_09|minor_pentacles_08|minor_pentacles_07|minor_pentacles_06|minor_pentacles_05,5,n/a,True/False statements drawn from the new card plus recently taught cards
486,9,66,2,minor_pentacles_09,Nine of Pentacles,minor,False,7,standard,U9-S66-N7,C,Board Matching,tile_grid,interleave_review,minor_pentacles_09|minor_pentacles_08|minor_pentacles_07|minor_pentacles_06|minor_pentacles_05|minor_pentacles_04,6,n/a,"Closing review: new card tiled against recently taught cards, grid grows over the course"
487,9,67,3,major_05_hierophant,The Hierophant,major,True,1,standard,U9-S67-N1,A1,Choose Card From Keywords,keywords,isolation,major_05_hierophant|major_00_fool|major_16_tower|major_02_high_priestess,1,easy,First exposure: full keyword list -> card art
488,9,67,3,major_05_hierophant,The Hierophant,major,True,2,standard,U9-S67-N2,A2,Choose Meaning From Card,card_art_to_description_condensed,isolation,major_05_hierophant|major_00_fool|major_16_tower|major_02_high_priestess,1,easy,Reverse direction: card art -> matching description
489,9,67,3,major_05_hierophant,The Hierophant,major,True,3,standard,U9-S67-N3,A7,Symbol Selection From Label,label_to_symbol_icon,isolation,major_05_hierophant,1,easy,New symbol taught: Zodiac Sign - Taurus
490,9,67,3,major_05_hierophant,The Hierophant,major,True,4,standard,U9-S67-N4,A2,Choose Meaning From Card,collated_talking_points,near_context,major_05_hierophant|minor_pentacles_09|major_00_fool|major_16_tower,1,easy_plus_one_known,Third text form of the same new card; distractor pool starts folding in one known card once available
491,9,67,3,major_05_hierophant,The Hierophant,major,True,5,standard,U9-S67-N5,A3,Major/Minor Arcana ID,card_art_grid,standing_skill,major_05_hierophant|minor_pentacles_09|minor_pentacles_08|minor_pentacles_07|minor_pentacles_06|minor_pentacles_05,6,n/a,"Major/Minor sorting - visual/structural skill, recurs unchanged every section"
492,9,67,3,major_05_hierophant,The Hierophant,major,True,6,standard,U9-S67-N6,B,True/False Talking Point,mixed_card_statements,interleave_review,major_05_hierophant|minor_pentacles_09|minor_pentacles_08|minor_pentacles_07|minor_pentacles_06,5,n/a,True/False statements drawn from the new card plus recently taught cards
493,9,67,3,major_05_hierophant,The Hierophant,major,True,7,standard,U9-S67-N7,C,Board Matching,tile_grid,interleave_review,major_05_hierophant|minor_pentacles_09|minor_pentacles_08|minor_pentacles_07|minor_pentacles_06|minor_pentacles_05,6,n/a,"Closing review: new card tiled against recently taught cards, grid grows over the course"
494,9,68,4,minor_swords_02,Two of Swords,minor,False,1,standard,U9-S68-N1,A1,Choose Card From Keywords,keywords,isolation,minor_swords_02|major_16_tower|major_03_empress|major_00_fool,1,easy,First exposure: full keyword list -> card art
495,9,68,4,minor_swords_02,Two of Swords,minor,False,2,standard,U9-S68-N2,A2,Choose Meaning From Card,card_art_to_description_condensed,isolation,minor_swords_02|major_16_tower|major_03_empress|major_00_fool,1,easy,Reverse direction: card art -> matching description
496,9,68,4,minor_swords_02,Two of Swords,minor,False,3,standard,U9-S68-N3,A1,Choose Card From Keywords,description_anonymized,isolation,minor_swords_02|major_16_tower|major_03_empress|major_00_fool,1,easy,Second anchor variant of the same new card (no new symbol this section)
497,9,68,4,minor_swords_02,Two of Swords,minor,False,4,standard,U9-S68-N4,A2,Choose Meaning From Card,collated_talking_points,near_context,minor_swords_02|major_05_hierophant|major_16_tower|major_03_empress,1,easy_plus_one_known,Third text form of the same new card; distractor pool starts folding in one known card once available
498,9,68,4,minor_swords_02,Two of Swords,minor,False,5,standard,U9-S68-N5,A3,Major/Minor Arcana ID,card_art_grid,standing_skill,minor_swords_02|major_05_hierophant|minor_pentacles_09|minor_pentacles_08|minor_pentacles_07|minor_pentacles_06,6,n/a,"Major/Minor sorting - visual/structural skill, recurs unchanged every section"
499,9,68,4,minor_swords_02,Two of Swords,minor,False,6,standard,U9-S68-N6,B,True/False Talking Point,mixed_card_statements,interleave_review,minor_swords_02|major_05_hierophant|minor_pentacles_09|minor_pentacles_08|minor_pentacles_07,5,n/a,True/False statements drawn from the new card plus recently taught cards
500,9,68,4,minor_swords_02,Two of Swords,minor,False,7,standard,U9-S68-N7,C,Board Matching,tile_grid,interleave_review,minor_swords_02|major_05_hierophant|minor_pentacles_09|minor_pentacles_08|minor_pentacles_07|minor_pentacles_06,6,n/a,"Closing review: new card tiled against recently taught cards, grid grows over the course"
501,9,68,4,minor_swords_02,Two of Swords,minor,False,8,throwback,U9-S68-THROWBACK-N8,B,True/False Talking Point,mixed_card_statements,throwback_review,minor_swords_king|minor_wands_ace|major_03_empress,3,n/a,"Deliberately NOT recency-biased: pulls the 3 cards least recently seen (gap of 36-37 sections since last exposure), independent of the new card"
502,9,69,5,minor_swords_04,Four of Swords,minor,False,1,standard,U9-S69-N1,A1,Choose Card From Keywords,keywords,isolation,minor_swords_04|major_16_tower|major_00_fool|major_01_magician,1,easy,First exposure: full keyword list -> card art
503,9,69,5,minor_swords_04,Four of Swords,minor,False,2,standard,U9-S69-N2,A2,Choose Meaning From Card,card_art_to_description_condensed,isolation,minor_swords_04|major_16_tower|major_00_fool|major_01_magician,1,easy,Reverse direction: card art -> matching description
504,9,69,5,minor_swords_04,Four of Swords,minor,False,3,standard,U9-S69-N3,A1,Choose Card From Keywords,description_anonymized,isolation,minor_swords_04|major_16_tower|major_00_fool|major_01_magician,1,easy,Second anchor variant of the same new card (no new symbol this section)
505,9,69,5,minor_swords_04,Four of Swords,minor,False,4,standard,U9-S69-N4,A2,Choose Meaning From Card,collated_talking_points,near_context,minor_swords_04|minor_swords_02|major_16_tower|major_00_fool,1,easy_plus_one_known,Third text form of the same new card; distractor pool starts folding in one known card once available
506,9,69,5,minor_swords_04,Four of Swords,minor,False,5,standard,U9-S69-N5,A3,Major/Minor Arcana ID,card_art_grid,standing_skill,minor_swords_04|minor_swords_02|major_05_hierophant|minor_pentacles_09|minor_pentacles_08|minor_pentacles_07,6,n/a,"Major/Minor sorting - visual/structural skill, recurs unchanged every section"
507,9,69,5,minor_swords_04,Four of Swords,minor,False,6,standard,U9-S69-N6,B,True/False Talking Point,mixed_card_statements,interleave_review,minor_swords_04|minor_swords_02|major_05_hierophant|minor_pentacles_09|minor_pentacles_08,5,n/a,True/False statements drawn from the new card plus recently taught cards
508,9,69,5,minor_swords_04,Four of Swords,minor,False,7,standard,U9-S69-N7,C,Board Matching,tile_grid,interleave_review,minor_swords_04|minor_swords_02|major_05_hierophant|minor_pentacles_09|minor_pentacles_08|minor_pentacles_07,6,n/a,"Closing review: new card tiled against recently taught cards, grid grows over the course"
509,9,70,6,minor_swords_05,Five of Swords,minor,False,1,standard,U9-S70-N1,A1,Choose Card From Keywords,keywords,isolation,minor_swords_05|major_02_high_priestess|major_03_empress|major_09_hermit,1,easy,First exposure: full keyword list -> card art
510,9,70,6,minor_swords_05,Five of Swords,minor,False,2,standard,U9-S70-N2,A2,Choose Meaning From Card,card_art_to_description_condensed,isolation,minor_swords_05|major_02_high_priestess|major_03_empress|major_09_hermit,1,easy,Reverse direction: card art -> matching description
511,9,70,6,minor_swords_05,Five of Swords,minor,False,3,standard,U9-S70-N3,A1,Choose Card From Keywords,description_anonymized,isolation,minor_swords_05|major_02_high_priestess|major_03_empress|major_09_hermit,1,easy,Second anchor variant of the same new card (no new symbol this section)
512,9,70,6,minor_swords_05,Five of Swords,minor,False,4,standard,U9-S70-N4,A2,Choose Meaning From Card,collated_talking_points,near_context,minor_swords_05|minor_swords_04|major_02_high_priestess|major_03_empress,1,easy_plus_one_known,Third text form of the same new card; distractor pool starts folding in one known card once available
513,9,70,6,minor_swords_05,Five of Swords,minor,False,5,standard,U9-S70-N5,A3,Major/Minor Arcana ID,card_art_grid,standing_skill,minor_swords_05|minor_swords_04|minor_swords_02|major_05_hierophant|minor_pentacles_09|minor_pentacles_08,6,n/a,"Major/Minor sorting - visual/structural skill, recurs unchanged every section"
514,9,70,6,minor_swords_05,Five of Swords,minor,False,6,standard,U9-S70-N6,B,True/False Talking Point,mixed_card_statements,interleave_review,minor_swords_05|minor_swords_04|minor_swords_02|major_05_hierophant|minor_pentacles_09,5,n/a,True/False statements drawn from the new card plus recently taught cards
515,9,70,6,minor_swords_05,Five of Swords,minor,False,7,standard,U9-S70-N7,C,Board Matching,tile_grid,interleave_review,minor_swords_05|minor_swords_04|minor_swords_02|major_05_hierophant|minor_pentacles_09|minor_pentacles_08,6,n/a,"Closing review: new card tiled against recently taught cards, grid grows over the course"
516,9,71,7,minor_swords_06,Six of Swords,minor,False,1,standard,U9-S71-N1,A1,Choose Card From Keywords,keywords,isolation,minor_swords_06|major_02_high_priestess|major_12_hanged_man|major_16_tower,1,easy,First exposure: full keyword list -> card art
517,9,71,7,minor_swords_06,Six of Swords,minor,False,2,standard,U9-S71-N2,A2,Choose Meaning From Card,card_art_to_description_condensed,isolation,minor_swords_06|major_02_high_priestess|major_12_hanged_man|major_16_tower,1,easy,Reverse direction: card art -> matching description
518,9,71,7,minor_swords_06,Six of Swords,minor,False,3,standard,U9-S71-N3,A1,Choose Card From Keywords,description_anonymized,isolation,minor_swords_06|major_02_high_priestess|major_12_hanged_man|major_16_tower,1,easy,Second anchor variant of the same new card (no new symbol this section)
519,9,71,7,minor_swords_06,Six of Swords,minor,False,4,standard,U9-S71-N4,A2,Choose Meaning From Card,collated_talking_points,near_context,minor_swords_06|minor_swords_05|major_02_high_priestess|major_12_hanged_man,1,easy_plus_one_known,Third text form of the same new card; distractor pool starts folding in one known card once available
520,9,71,7,minor_swords_06,Six of Swords,minor,False,5,standard,U9-S71-N5,A3,Major/Minor Arcana ID,card_art_grid,standing_skill,minor_swords_06|minor_swords_05|minor_swords_04|minor_swords_02|major_05_hierophant|minor_pentacles_09,6,n/a,"Major/Minor sorting - visual/structural skill, recurs unchanged every section"
521,9,71,7,minor_swords_06,Six of Swords,minor,False,6,standard,U9-S71-N6,B,True/False Talking Point,mixed_card_statements,interleave_review,minor_swords_06|minor_swords_05|minor_swords_04|minor_swords_02|major_05_hierophant,5,n/a,True/False statements drawn from the new card plus recently taught cards
522,9,71,7,minor_swords_06,Six of Swords,minor,False,7,standard,U9-S71-N7,C,Board Matching,tile_grid,interleave_review,minor_swords_06|minor_swords_05|minor_swords_04|minor_swords_02|major_05_hierophant|minor_pentacles_09,6,n/a,"Closing review: new card tiled against recently taught cards, grid grows over the course"
523,9,72,8,minor_swords_07,Seven of Swords,minor,False,1,standard,U9-S72-N1,A1,Choose Card From Keywords,keywords,isolation,minor_swords_07|major_02_high_priestess|major_03_empress|major_16_tower,1,easy,First exposure: full keyword list -> card art
524,9,72,8,minor_swords_07,Seven of Swords,minor,False,2,standard,U9-S72-N2,A2,Choose Meaning From Card,card_art_to_description_condensed,isolation,minor_swords_07|major_02_high_priestess|major_03_empress|major_16_tower,1,easy,Reverse direction: card art -> matching description
525,9,72,8,minor_swords_07,Seven of Swords,minor,False,3,standard,U9-S72-N3,A1,Choose Card From Keywords,description_anonymized,isolation,minor_swords_07|major_02_high_priestess|major_03_empress|major_16_tower,1,easy,Second anchor variant of the same new card (no new symbol this section)
526,9,72,8,minor_swords_07,Seven of Swords,minor,False,4,standard,U9-S72-N4,A2,Choose Meaning From Card,collated_talking_points,near_context,minor_swords_07|minor_swords_06|major_02_high_priestess|major_03_empress,1,easy_plus_one_known,Third text form of the same new card; distractor pool starts folding in one known card once available
527,9,72,8,minor_swords_07,Seven of Swords,minor,False,5,standard,U9-S72-N5,A3,Major/Minor Arcana ID,card_art_grid,standing_skill,minor_swords_07|minor_swords_06|minor_swords_05|minor_swords_04|minor_swords_02|major_05_hierophant,6,n/a,"Major/Minor sorting - visual/structural skill, recurs unchanged every section"
528,9,72,8,minor_swords_07,Seven of Swords,minor,False,6,standard,U9-S72-N6,B,True/False Talking Point,mixed_card_statements,interleave_review,minor_swords_07|minor_swords_06|minor_swords_05|minor_swords_04|minor_swords_02,5,n/a,True/False statements drawn from the new card plus recently taught cards
529,9,72,8,minor_swords_07,Seven of Swords,minor,False,7,standard,U9-S72-N7,C,Board Matching,tile_grid,interleave_review,minor_swords_07|minor_swords_06|minor_swords_05|minor_swords_04|minor_swords_02|major_05_hierophant,6,n/a,"Closing review: new card tiled against recently taught cards, grid grows over the course"
530,9,72,8,minor_swords_07,Seven of Swords,minor,False,8,throwback,U9-S72-THROWBACK-N8,C,Board Matching,tile_grid,throwback_review,minor_cups_page|major_07_chariot|major_09_hermit,3,n/a,"Deliberately NOT recency-biased: pulls the 3 cards least recently seen (gap of 39-40 sections since last exposure), independent of the new card"
531,9,72,RECAP,,Unit 9 Recap,mixed,False,1,unit_recap,U9-S72-UNIT_RECAP-N1,C,Board Matching,tile_grid,unit_recap,minor_pentacles_08|minor_pentacles_09|major_05_hierophant|minor_swords_02|minor_swords_04|minor_swords_05|minor_swords_06|minor_swords_07,8,n/a,"End-of-unit checkpoint: boards every card from Unit 9 against each other, no new card introduced"
532,9,72,CUMULATIVE,,Cumulative Review after Unit 9,mixed,False,1,cumulative_review,U9-S72-CUMULATIVE_REVIEW-N1,C,Board Matching,tile_grid,cumulative_review,minor_cups_page|minor_cups_knight|minor_cups_queen|minor_cups_king|major_00_fool|minor_cups_ace,6,n/a,Reaches back across ALL prior units (not just this one) to the 6 stalest cards overall
533,10,73,1,minor_swords_08,Eight of Swords,minor,False,1,standard,U10-S73-N1,A1,Choose Card From Keywords,keywords,isolation,minor_swords_08|major_19_sun|major_01_magician|minor_wands_06,1,easy,First exposure: full keyword list -> card art
534,10,73,1,minor_swords_08,Eight of Swords,minor,False,2,standard,U10-S73-N2,A2,Choose Meaning From Card,card_art_to_description_condensed,isolation,minor_swords_08|major_19_sun|major_01_magician|minor_wands_06,1,easy,Reverse direction: card art -> matching description
535,10,73,1,minor_swords_08,Eight of Swords,minor,False,3,standard,U10-S73-N3,A1,Choose Card From Keywords,description_anonymized,isolation,minor_swords_08|major_19_sun|major_01_magician|minor_wands_06,1,easy,Second anchor variant of the same new card (no new symbol this section)
536,10,73,1,minor_swords_08,Eight of Swords,minor,False,4,standard,U10-S73-N4,A2,Choose Meaning From Card,collated_talking_points,near_context,minor_swords_08|minor_swords_07|major_19_sun|major_01_magician,1,easy_plus_one_known,Third text form of the same new card; distractor pool starts folding in one known card once available
537,10,73,1,minor_swords_08,Eight of Swords,minor,False,5,standard,U10-S73-N5,A3,Major/Minor Arcana ID,card_art_grid,standing_skill,minor_swords_08|minor_swords_07|minor_swords_06|minor_swords_05|minor_swords_04|minor_swords_02,6,n/a,"Major/Minor sorting - visual/structural skill, recurs unchanged every section"
538,10,73,1,minor_swords_08,Eight of Swords,minor,False,6,standard,U10-S73-N6,B,True/False Talking Point,mixed_card_statements,interleave_review,minor_swords_08|minor_swords_07|minor_swords_06|minor_swords_05|minor_swords_04,5,n/a,True/False statements drawn from the new card plus recently taught cards
539,10,73,1,minor_swords_08,Eight of Swords,minor,False,7,standard,U10-S73-N7,C,Board Matching,tile_grid,interleave_review,minor_swords_08|minor_swords_07|minor_swords_06|minor_swords_05|minor_swords_04|minor_swords_02,6,n/a,"Closing review: new card tiled against recently taught cards, grid grows over the course"
540,10,74,2,minor_swords_09,Nine of Swords,minor,False,1,standard,U10-S74-N1,A1,Choose Card From Keywords,keywords,isolation,minor_swords_09|major_19_sun|major_01_magician|minor_wands_06,1,easy,First exposure: full keyword list -> card art
541,10,74,2,minor_swords_09,Nine of Swords,minor,False,2,standard,U10-S74-N2,A2,Choose Meaning From Card,card_art_to_description_condensed,isolation,minor_swords_09|major_19_sun|major_01_magician|minor_wands_06,1,easy,Reverse direction: card art -> matching description
542,10,74,2,minor_swords_09,Nine of Swords,minor,False,3,standard,U10-S74-N3,A1,Choose Card From Keywords,description_anonymized,isolation,minor_swords_09|major_19_sun|major_01_magician|minor_wands_06,1,easy,Second anchor variant of the same new card (no new symbol this section)
543,10,74,2,minor_swords_09,Nine of Swords,minor,False,4,standard,U10-S74-N4,A2,Choose Meaning From Card,collated_talking_points,near_context,minor_swords_09|minor_swords_08|major_19_sun|major_01_magician,1,easy_plus_one_known,Third text form of the same new card; distractor pool starts folding in one known card once available
544,10,74,2,minor_swords_09,Nine of Swords,minor,False,5,standard,U10-S74-N5,A3,Major/Minor Arcana ID,card_art_grid,standing_skill,minor_swords_09|minor_swords_08|minor_swords_07|minor_swords_06|minor_swords_05|minor_swords_04,6,n/a,"Major/Minor sorting - visual/structural skill, recurs unchanged every section"
545,10,74,2,minor_swords_09,Nine of Swords,minor,False,6,standard,U10-S74-N6,B,True/False Talking Point,mixed_card_statements,interleave_review,minor_swords_09|minor_swords_08|minor_swords_07|minor_swords_06|minor_swords_05,5,n/a,True/False statements drawn from the new card plus recently taught cards
546,10,74,2,minor_swords_09,Nine of Swords,minor,False,7,standard,U10-S74-N7,C,Board Matching,tile_grid,interleave_review,minor_swords_09|minor_swords_08|minor_swords_07|minor_swords_06|minor_swords_05|minor_swords_04,6,n/a,"Closing review: new card tiled against recently taught cards, grid grows over the course"
547,10,75,3,major_12_hanged_man,The Hanged Man,major,True,1,standard,U10-S75-N1,A1,Choose Card From Keywords,keywords,isolation,major_12_hanged_man|major_19_sun|major_01_magician|minor_wands_06,1,easy,First exposure: full keyword list -> card art
548,10,75,3,major_12_hanged_man,The Hanged Man,major,True,2,standard,U10-S75-N2,A2,Choose Meaning From Card,card_art_to_description_condensed,isolation,major_12_hanged_man|major_19_sun|major_01_magician|minor_wands_06,1,easy,Reverse direction: card art -> matching description
549,10,75,3,major_12_hanged_man,The Hanged Man,major,True,3,standard,U10-S75-N3,A4,Symbol Identification,card_art_to_symbol_name,isolation,major_12_hanged_man,1,easy,New symbol taught: Planet - Neptune
550,10,75,3,major_12_hanged_man,The Hanged Man,major,True,4,standard,U10-S75-N4,A2,Choose Meaning From Card,collated_talking_points,near_context,major_12_hanged_man|minor_swords_09|major_19_sun|major_01_magician,1,easy_plus_one_known,Third text form of the same new card; distractor pool starts folding in one known card once available
551,10,75,3,major_12_hanged_man,The Hanged Man,major,True,5,standard,U10-S75-N5,A3,Major/Minor Arcana ID,card_art_grid,standing_skill,major_12_hanged_man|minor_swords_09|minor_swords_08|minor_swords_07|minor_swords_06|minor_swords_05,6,n/a,"Major/Minor sorting - visual/structural skill, recurs unchanged every section"
552,10,75,3,major_12_hanged_man,The Hanged Man,major,True,6,standard,U10-S75-N6,B,True/False Talking Point,mixed_card_statements,interleave_review,major_12_hanged_man|minor_swords_09|minor_swords_08|minor_swords_07|minor_swords_06,5,n/a,True/False statements drawn from the new card plus recently taught cards
553,10,75,3,major_12_hanged_man,The Hanged Man,major,True,7,standard,U10-S75-N7,C,Board Matching,tile_grid,interleave_review,major_12_hanged_man|minor_swords_09|minor_swords_08|minor_swords_07|minor_swords_06|minor_swords_05,6,n/a,"Closing review: new card tiled against recently taught cards, grid grows over the course"
554,10,76,4,major_14_temperance,Temperance,major,True,1,standard,U10-S76-N1,A1,Choose Card From Keywords,keywords,isolation,major_14_temperance|major_16_tower|major_07_chariot|minor_swords_05,1,easy,First exposure: full keyword list -> card art
555,10,76,4,major_14_temperance,Temperance,major,True,2,standard,U10-S76-N2,A2,Choose Meaning From Card,card_art_to_description_condensed,isolation,major_14_temperance|major_16_tower|major_07_chariot|minor_swords_05,1,easy,Reverse direction: card art -> matching description
556,10,76,4,major_14_temperance,Temperance,major,True,3,standard,U10-S76-N3,A5,Symbol Meaning Match,meaning_phrase_to_symbol,isolation,major_14_temperance,1,easy,New symbol taught: Zodiac Sign - Sagittarius
557,10,76,4,major_14_temperance,Temperance,major,True,4,standard,U10-S76-N4,A2,Choose Meaning From Card,collated_talking_points,near_context,major_14_temperance|major_12_hanged_man|major_16_tower|major_07_chariot,1,easy_plus_one_known,Third text form of the same new card; distractor pool starts folding in one known card once available
558,10,76,4,major_14_temperance,Temperance,major,True,5,standard,U10-S76-N5,A3,Major/Minor Arcana ID,card_art_grid,standing_skill,major_14_temperance|major_12_hanged_man|minor_swords_09|minor_swords_08|minor_swords_07|minor_swords_06,6,n/a,"Major/Minor sorting - visual/structural skill, recurs unchanged every section"
559,10,76,4,major_14_temperance,Temperance,major,True,6,standard,U10-S76-N6,B,True/False Talking Point,mixed_card_statements,interleave_review,major_14_temperance|major_12_hanged_man|minor_swords_09|minor_swords_08|minor_swords_07,5,n/a,True/False statements drawn from the new card plus recently taught cards
560,10,76,4,major_14_temperance,Temperance,major,True,7,standard,U10-S76-N7,C,Board Matching,tile_grid,interleave_review,major_14_temperance|major_12_hanged_man|minor_swords_09|minor_swords_08|minor_swords_07|minor_swords_06,6,n/a,"Closing review: new card tiled against recently taught cards, grid grows over the course"
561,10,76,4,major_14_temperance,Temperance,major,False,8,throwback,U10-S76-THROWBACK-N8,B,True/False Talking Point,mixed_card_statements,throwback_review,major_10_wheel_of_fortune|major_13_death|major_04_emperor,3,n/a,"Deliberately NOT recency-biased: pulls the 3 cards least recently seen (gap of 40-42 sections since last exposure), independent of the new card"
562,10,77,5,major_18_moon,The Moon,major,True,1,standard,U10-S77-N1,A1,Choose Card From Keywords,keywords,isolation,major_18_moon|major_19_sun|major_01_magician|minor_wands_06,1,easy,First exposure: full keyword list -> card art
563,10,77,5,major_18_moon,The Moon,major,True,2,standard,U10-S77-N2,A2,Choose Meaning From Card,card_art_to_description_condensed,isolation,major_18_moon|major_19_sun|major_01_magician|minor_wands_06,1,easy,Reverse direction: card art -> matching description
564,10,77,5,major_18_moon,The Moon,major,True,3,standard,U10-S77-N3,A7,Symbol Selection From Label,label_to_symbol_icon,isolation,major_18_moon,1,easy,New symbol taught: Zodiac Sign - Pisces
565,10,77,5,major_18_moon,The Moon,major,True,4,standard,U10-S77-N4,A2,Choose Meaning From Card,collated_talking_points,near_context,major_18_moon|major_14_temperance|major_19_sun|major_01_magician,1,easy_plus_one_known,Third text form of the same new card; distractor pool starts folding in one known card once available
566,10,77,5,major_18_moon,The Moon,major,True,5,standard,U10-S77-N5,A3,Major/Minor Arcana ID,card_art_grid,standing_skill,major_18_moon|major_14_temperance|major_12_hanged_man|minor_swords_09|minor_swords_08|minor_swords_07,6,n/a,"Major/Minor sorting - visual/structural skill, recurs unchanged every section"
567,10,77,5,major_18_moon,The Moon,major,True,6,standard,U10-S77-N6,B,True/False Talking Point,mixed_card_statements,interleave_review,major_18_moon|major_14_temperance|major_12_hanged_man|minor_swords_09|minor_swords_08,5,n/a,True/False statements drawn from the new card plus recently taught cards
568,10,77,5,major_18_moon,The Moon,major,True,7,standard,U10-S77-N7,C,Board Matching,tile_grid,interleave_review,major_18_moon|major_14_temperance|major_12_hanged_man|minor_swords_09|minor_swords_08|minor_swords_07,6,n/a,"Closing review: new card tiled against recently taught cards, grid grows over the course"
569,10,78,6,major_20_judgment,Judgment,major,True,1,standard,U10-S78-N1,A1,Choose Card From Keywords,keywords,isolation,major_20_judgment|major_19_sun|major_02_high_priestess|major_09_hermit,1,easy,First exposure: full keyword list -> card art
570,10,78,6,major_20_judgment,Judgment,major,True,2,standard,U10-S78-N2,A2,Choose Meaning From Card,card_art_to_description_condensed,isolation,major_20_judgment|major_19_sun|major_02_high_priestess|major_09_hermit,1,easy,Reverse direction: card art -> matching description
571,10,78,6,major_20_judgment,Judgment,major,True,3,standard,U10-S78-N3,A4,Symbol Identification,card_art_to_symbol_name,isolation,major_20_judgment,1,easy,New symbol taught: Planet - Pluto
572,10,78,6,major_20_judgment,Judgment,major,True,4,standard,U10-S78-N4,A2,Choose Meaning From Card,collated_talking_points,near_context,major_20_judgment|major_18_moon|major_19_sun|major_02_high_priestess,1,easy_plus_one_known,Third text form of the same new card; distractor pool starts folding in one known card once available
573,10,78,6,major_20_judgment,Judgment,major,True,5,standard,U10-S78-N5,A3,Major/Minor Arcana ID,card_art_grid,standing_skill,major_20_judgment|major_18_moon|major_14_temperance|major_12_hanged_man|minor_swords_09|minor_swords_08,6,n/a,"Major/Minor sorting - visual/structural skill, recurs unchanged every section"
574,10,78,6,major_20_judgment,Judgment,major,True,6,standard,U10-S78-N6,B,True/False Talking Point,mixed_card_statements,interleave_review,major_20_judgment|major_18_moon|major_14_temperance|major_12_hanged_man|minor_swords_09,5,n/a,True/False statements drawn from the new card plus recently taught cards
575,10,78,6,major_20_judgment,Judgment,major,True,7,standard,U10-S78-N7,C,Board Matching,tile_grid,interleave_review,major_20_judgment|major_18_moon|major_14_temperance|major_12_hanged_man|minor_swords_09|minor_swords_08,6,n/a,"Closing review: new card tiled against recently taught cards, grid grows over the course"
576,10,78,RECAP,,Unit 10 Recap,mixed,False,1,unit_recap,U10-S78-UNIT_RECAP-N1,C,Board Matching,tile_grid,unit_recap,minor_swords_08|minor_swords_09|major_12_hanged_man|major_14_temperance|major_18_moon|major_20_judgment,6,n/a,"End-of-unit checkpoint: boards every card from Unit 10 against each other, no new card introduced"
577,10,78,CUMULATIVE,,Cumulative Review after Unit 10,mixed,False,1,cumulative_review,U10-S78-CUMULATIVE_REVIEW-N1,B,True/False Talking Point,mixed_card_statements,cumulative_review,major_01_magician|minor_wands_ace|major_03_empress|major_04_emperor|minor_wands_page|minor_wands_knight,6,n/a,Reaches back across ALL prior units (not just this one) to the 6 stalest cards overall
